id,sales
3000888,4.122573404120288
3000889,0.06259113411603705
3000890,6.0083964538037655
3000891,2655.9355509641464
3000892,0.24614437372598036
3000893,438.31720841974436
3000894,14.674458282033097
3000895,878.1309550878163
3000896,893.5160139729354
3000897,169.0708318949912
3000898,166.63460863898646
3000899,166.1526408581117
3000900,3264.3202025815526
3000901,25.695977331106103
3000902,1.6220327056527368
3000903,25.96074339949552
3000904,35.42989268264384
3000905,0.5045368036740058
3000906,243.8353082471749
3000907,14.691578342002797
3000908,31.392100320840694
3000909,14.703696456941174
3000910,104.98801374276556
3000911,6.619255782623454
3000912,315.48368746831545
3000913,183.2687985944573
3000914,4.779409576425569
3000915,10.826604736188726
3000916,396.26016950441505
3000917,71.73716875904947
3000918,4282.961210156643
3000919,21.695203995757296
3000920,27.195363224158623
3000921,1.1439021885405558
3000922,0.013089477413996051
3000923,3.440256352823611
3000924,1146.0542127262095
3000925,0.04015372133015564
3000926,105.54325884143402
3000927,2.895324340684443
3000928,858.4385743831655
3000929,376.23594669641466
3000930,238.82783505817204
3000931,29.5406966612934
3000932,25.26976568797576
3000933,2480.0884620319625
3000934,4.260454133827547
3000935,0.2618558777859817
3000936,10.723187767019843
3000937,13.98445001379045
3000938,0.0709374428228222
3000939,183.34591821173214
3000940,2.0487847015669645
3000941,8.599000665126058
3000942,5.866117092437417
3000943,22.38845423518246
3000944,0.4131684526290097
3000945,170.17341291324226
3000946,169.98761037564552
3000947,0.6115970716639252
3000948,3.1636760931652925
3000949,138.87720627338746
3000950,21.155867108825017
3000951,310.6894219395699
3000952,15.939937024975114
3000953,0.9705048725950457
3000954,5.3944176005303035
3000955,0.2906419498864496
3000956,5.746973991740507
3000957,4246.251166166021
3000958,0.09644173392049527
3000959,720.1759738804337
3000960,11.389971307167992
3000961,1908.1118809121172
3000962,701.0803482670076
3000963,493.99493819944354
3000964,187.0663965293192
3000965,70.57645730512014
3000966,7228.429103007164
3000967,29.305908798927618
3000968,0.5221249312766908
3000969,25.727106351429363
3000970,24.771183013285896
3000971,0.19003236001394372
3000972,487.12088678072325
3000973,11.181327539574228
3000974,11.775295521593655
3000975,14.559192605452672
3000976,49.52216255291372
3000977,2.6805110794335025
3000978,674.0521197704104
3000979,369.27580103230576
3000980,2.1010438729079315
3000981,14.067738358952838
3000982,391.34141490848543
3000983,98.19920475194405
3000984,1659.5621443739756
3000985,54.189895450055445
3000986,7.701983419923629
3000987,3.912768850124469
3000988,0.051421100356252296
3000989,2.9677670878974864
3000990,1597.5398342941312
3000991,0.06305185343982209
3000992,192.55110018269735
3000993,7.408881305520826
3000994,931.5591369196709
3000995,559.3281633926665
3000996,234.18135397428756
3000997,49.32825437714253
3000998,33.5811121938628
3000999,2852.045251995996
3001000,8.719574766167188
3001001,0.5696881149977473
3001002,15.05536499480912
3001003,20.71937743194596
3001004,0.2942918809924291
3001005,182.11573278147625
3001006,4.669359633259885
3001007,8.926635399883493
3001008,11.541949142508106
3001009,43.729327303801135
3001010,1.5078097310092766
3001011,165.9778204530864
3001012,162.6361422639739
3001013,1.2100026516941715
3001014,5.084236942238929
3001015,160.359881059646
3001016,30.682712196125177
3001017,453.0211248664594
3001018,10.608125231592313
3001019,3.4336373048720765
3001020,3.6418057839271336
3001021,0.0020800345497122576
3001022,4.487568968979097
3001023,1353.3795806162232
3001024,0.02291488387719794
3001025,136.8823568856986
3001026,4.60094856512922
3001027,774.7746703895148
3001028,317.28103302124725
3001029,163.11723178461958
3001030,39.5595533253996
3001031,27.214316760384946
3001032,2631.892280490529
3001033,9.556836759174129
3001034,0.14184784975324446
3001035,13.85369571469068
3001036,17.97359400020019
3001037,0.045479516177479265
3001038,133.75765079958424
3001039,1.3677338055409833
3001040,8.817780040212
3001041,4.969293852657473
3001042,46.31625249726927
3001043,0.6446699125215052
3001044,147.50888450105694
3001045,158.89361622182128
3001046,0.39509980687162144
3001047,3.703455242764759
3001048,64.47185366000744
3001049,20.011124922158174
3001050,239.38784109429417
3001051,11.237959946512587
3001052,1.8813989904693063
3001053,2.924032584350934
3001054,0.0
3001055,3.9073777488335333
3001056,1351.5325227597452
3001057,0.024002169436963566
3001058,172.09476882129778
3001059,5.497613128881427
3001060,1058.9184307428325
3001061,435.15948136404364
3001062,236.17451400218954
3001063,35.76782152127303
3001064,37.00171547785113
3001065,2610.086733413266
3001066,10.911077017885644
3001067,0.29149783715929517
3001068,12.440884132379868
3001069,26.84186929687159
3001070,0.12496858004061072
3001071,196.73552449984018
3001072,0.878188860341926
3001073,10.14666338973802
3001074,10.517300499636185
3001075,33.39964413157445
3001076,1.5546552495981014
3001077,165.03320060860827
3001078,253.2555769094904
3001079,1.1486422192005532
3001080,4.251832350554801
3001081,65.36243431175225
3001082,77.98102440039497
3001083,490.4961836443297
3001084,13.12451273352767
3001085,3.1564802706453308
3001086,2.4658084271578096
3001087,0.6432024182273901
3001088,4.944919032275252
3001089,1576.771610913612
3001090,0.05968965298239199
3001091,153.29944514488034
3001092,1.8261758477356669
3001093,870.8889407296506
3001094,431.06147123573646
3001095,283.25562348254135
3001096,78.46951991115229
3001097,61.12320515788024
3001098,2642.1960148350586
3001099,7.3775726949051
3001100,0.6669295799352368
3001101,16.056099908373
3001102,19.513085730955847
3001103,0.1787044699813
3001104,226.18837439036753
3001105,7.16546549718005
3001106,11.834684698717018
3001107,11.847426250989857
3001108,28.47306020816525
3001109,1.4549215797175388
3001110,138.9496013715208
3001111,170.8068709206692
3001112,0.7619987917604126
3001113,4.616141217019861
3001114,110.15231567911091
3001115,39.602618192467126
3001116,843.8553632254738
3001117,16.632201201662667
3001118,4.769062314372476
3001119,3.4251090192278766
3001120,0.07658865375404544
3001121,2.7813234419091253
3001122,1246.9280856653966
3001123,0.015439229427853692
3001124,142.08550992470086
3001125,3.770503862309752
3001126,794.009915342767
3001127,291.9172898701565
3001128,152.48250687225422
3001129,112.88625180234564
3001130,27.980785139843668
3001131,2042.834234735051
3001132,3.789034566871171
3001133,0.2802061132416255
3001134,9.952482883616636
3001135,14.640067353418951
3001136,0.05328098634688287
3001137,159.4771901474365
3001138,0.041976060731004364
3001139,12.622411337879132
3001140,7.1647804683411245
3001141,31.908864086228398
3001142,0.7585295643039379
3001143,55.28377174932135
3001144,129.13022449308826
3001145,0.6209717664312634
3001146,2.1855332378836567
3001147,65.47696836389488
3001148,32.47441501006986
3001149,600.02508406775
3001150,24.087389594406048
3001151,0.6039260894935459
3001152,5.992885649172842
3001153,0.2960469752418811
3001154,3.6309924226055106
3001155,2732.7060067888997
3001156,0.049915099826569984
3001157,327.89004349204004
3001158,4.769136930711972
3001159,1009.9665465386031
3001160,999.3717826770999
3001161,465.56696456685836
3001162,145.95434433438137
3001163,87.19128660035857
3001164,4383.790807421929
3001165,12.079280230510893
3001166,0.7265333459311922
3001167,19.91457821800697
3001168,31.82421115591853
3001169,0.2001882532060057
3001170,282.8730539883732
3001171,0.5249211479533556
3001172,14.859480411233761
3001173,12.32259459073757
3001174,40.01563692995921
3001175,2.7433680833042238
3001176,252.40620446942398
3001177,266.18803521635084
3001178,1.4391053423576863
3001179,6.4431680452050895
3001180,300.45596160903716
3001181,55.83406924788518
3001182,1480.3856499200697
3001183,13.51582093388706
3001184,9.646044001092747
3001185,2.7994623232420683
3001186,0.1119986222852318
3001187,4.971976329463784
3001188,2011.6059088272839
3001189,0.06428377750683587
3001190,567.8456279495482
3001191,6.271743479641446
3001192,515.5675503785184
3001193,797.8433567756935
3001194,183.9183411436705
3001195,152.69039309512087
3001196,49.82811654545369
3001197,2662.8330478929984
3001198,11.247874716508285
3001199,0.6603656637458624
3001200,18.931745913546827
3001201,17.35734929330757
3001202,0.2104117489050988
3001203,168.9023623347989
3001204,8.0778896529357
3001205,13.091014750893757
3001206,12.77698402490481
3001207,59.27291701981205
3001208,1.7343949601896673
3001209,81.32259743751888
3001210,144.73376813841034
3001211,3.653964810923175
3001212,5.51890099851755
3001213,160.96410559619312
3001214,59.22600414115157
3001215,1632.4207654151421
3001216,61.19397145798635
3001217,8.668244098998368
3001218,5.627713533896243
3001219,0.4895572690521784
3001220,4.8086010666106045
3001221,2301.6974619503476
3001222,0.06630526078734919
3001223,160.80525897580998
3001224,5.181879457880344
3001225,883.2075189179836
3001226,398.5662293266846
3001227,304.18810983920406
3001228,50.04032802701018
3001229,41.74037747560018
3001230,3260.553490115916
3001231,16.378682504062073
3001232,1.0583596956436372
3001233,15.981663885940046
3001234,20.8803887317122
3001235,0.10005291036961093
3001236,167.23297540579165
3001237,5.241983086730394
3001238,10.335253861402494
3001239,10.859440759949068
3001240,38.43768470002088
3001241,2.3045898710665305
3001242,122.81437835040857
3001243,148.37854893432464
3001244,1.1291113073078163
3001245,4.7373026585303695
3001246,87.54376470555565
3001247,25.63058923454811
3001248,510.9741086431457
3001249,15.373849074115656
3001250,2.950376184881352
3001251,4.915667242580964
3001252,0.04345665944226552
3001253,7.62299397028817
3001254,3169.111311775542
3001255,0.11301681511448454
3001256,714.3681410125384
3001257,11.872769421105492
3001258,1044.084534373753
3001259,937.65784769753
3001260,245.16161152953265
3001261,160.75628448281267
3001262,106.0758975917756
3001263,4157.396240336663
3001264,50.95343620955493
3001265,1.2166687980547086
3001266,19.547129892512313
3001267,39.95311529717534
3001268,0.30388112605668405
3001269,280.71393899013214
3001270,18.622434315089293
3001271,22.23990616288346
3001272,16.306635340948176
3001273,85.54471984098544
3001274,7.68908094993295
3001275,438.048319787604
3001276,285.2088629439229
3001277,8.46544400981955
3001278,8.038310154575203
3001279,496.4588220627238
3001280,102.7309157701201
3001281,3719.54753669778
3001282,23.501556134112334
3001283,31.57173837654829
3001284,5.447635396814232
3001285,0.048009905939671055
3001286,5.552562454587666
3001287,2730.7584556889556
3001288,0.02392224686672445
3001289,439.3249608840688
3001290,5.331420729489945
3001291,1203.9125847439332
3001292,865.2511447347214
3001293,521.2809092964737
3001294,77.99068379465898
3001295,61.34338016825893
3001296,4327.341425310305
3001297,11.502263116143292
3001298,0.45378262559527827
3001299,19.755301833233865
3001300,17.925489139744712
3001301,0.0
3001302,272.59504741073636
3001303,2.905180541009618
3001304,11.968084129945787
3001305,11.63384079862428
3001306,46.29075180212755
3001307,1.1250254584665855
3001308,251.51548872261233
3001309,298.9990317006387
3001310,2.9483121313630565
3001311,3.763801787783093
3001312,234.11181773438244
3001313,50.679671698234436
3001314,941.1039470363369
3001315,55.96603144265518
3001316,8.115437688054655
3001317,9.03155379773222
3001318,0.42280205920834585
3001319,5.162083350272886
3001320,2526.367193376749
3001321,0.10688219732864562
3001322,416.60832181719996
3001323,4.813299505386992
3001324,1306.9239866082044
3001325,716.6141829165434
3001326,282.35066934304825
3001327,203.16672354927707
3001328,73.30655851059127
3001329,3813.945298217574
3001330,15.145507329413743
3001331,0.6992004424429463
3001332,32.902807898307564
3001333,35.511593627410065
3001334,0.1931070497036127
3001335,287.8696349293089
3001336,2.5437753024804137
3001337,11.844751784808865
3001338,15.49598164639528
3001339,84.49439674274535
3001340,1.531421330053839
3001341,99.72012106319374
3001342,255.63610458197198
3001343,2.3948207376293995
3001344,5.141114004326179
3001345,146.3668112885452
3001346,123.14335667000603
3001347,1337.9171815073237
3001348,20.00991611836821
3001349,4.8935850401030025
3001350,3.821119836912851
3001351,0.17039238223745706
3001352,3.130162916236188
3001353,1496.2929178597053
3001354,0.0709802675154062
3001355,148.70625901200492
3001356,6.181729266292305
3001357,603.3569634736741
3001358,379.8469563184273
3001359,165.84433714628756
3001360,47.30625931866235
3001361,41.8497662438483
3001362,2602.355370832809
3001363,9.395312814627333
3001364,0.5313000301370367
3001365,20.03917055711686
3001366,21.87145214601106
3001367,0.0948227209310681
3001368,164.97438565363885
3001369,0.7157542363153208
3001370,12.132636523760555
3001371,6.924220616386789
3001372,71.90553117996785
3001373,2.236145639108447
3001374,105.96314322050641
3001375,148.19552762827286
3001376,0.9088563772332242
3001377,3.9653596404019114
3001378,126.74759562459396
3001379,37.176686290121744
3001380,577.5229445420691
3001381,16.383307524569616
3001382,1.4080328936694437
3001383,1.481305177235622
3001384,0.0293982408707869
3001385,3.7465306563629737
3001386,1639.5566268695006
3001387,0.06615999480017325
3001388,293.5274235653235
3001389,11.44384099883975
3001390,640.5391580649382
3001391,521.8950021512679
3001392,137.86240499429843
3001393,54.1287918158268
3001394,68.91927754686533
3001395,2365.1785862737597
3001396,24.898442051793896
3001397,0.3747458209417321
3001398,15.187257086266458
3001399,21.37546595719959
3001400,0.1362595260821663
3001401,147.09853025823872
3001402,9.7357419918906
3001403,7.99506485472209
3001404,12.949463345198406
3001405,58.38241732433528
3001406,4.386373446327227
3001407,522.2934227760779
3001408,162.49055938505953
3001409,3.1440084692307795
3001410,4.624187639576642
3001411,329.12152220215086
3001412,36.729567685331524
3001413,1678.8638276096628
3001414,15.007339701356385
3001415,5.898297722155996
3001416,3.047729573554652
3001417,0.20687020191566663
3001418,6.904929614742585
3001419,3888.2438210021005
3001420,0.1614135881248695
3001421,850.7016164466543
3001422,13.900869667774028
3001423,1362.2092686564747
3001424,1447.2344999809284
3001425,327.21309499039234
3001426,259.1987747727015
3001427,187.99737907916503
3001428,4975.521591168248
3001429,39.63076279840426
3001430,0.9702874315372064
3001431,20.519465068501805
3001432,51.8337897857479
3001433,0.1490752291595971
3001434,329.142199260837
3001435,10.699993801499996
3001436,53.899929149383645
3001437,17.736586978978682
3001438,97.7440521081418
3001439,12.854184799450369
3001440,434.8858229571389
3001441,298.0086059828864
3001442,15.87219035824011
3001443,9.666380945438506
3001444,650.973929897449
3001445,119.15061275804386
3001446,6754.695360892814
3001447,43.560515800824504
3001448,20.951368696162092
3001449,2.033627873312341
3001450,0.11615432286347956
3001451,4.53287660935523
3001452,1920.8237400829885
3001453,0.10820807937819447
3001454,370.26574803399114
3001455,4.727943012484803
3001456,422.34882815387067
3001457,540.5245491023384
3001458,147.80231611847148
3001459,101.7277803239577
3001460,70.74093558936698
3001461,1844.3587068046616
3001462,15.677929476895631
3001463,0.6253616932099387
3001464,17.34532666085308
3001465,20.713288416888485
3001466,0.08793559424003129
3001467,101.49241063358623
3001468,0.10123944760719267
3001469,35.99996288983188
3001470,9.801435070828312
3001471,134.2211896626352
3001472,4.931057211920988
3001473,214.47484680595664
3001474,94.68270918954806
3001475,4.049074709066993
3001476,5.2820462642398525
3001477,182.5069754109473
3001478,33.82449431591124
3001479,2743.475758875844
3001480,15.15008301800158
3001481,2.0958355514086335
3001482,4.039586187908308
3001483,0.07581222096019358
3001484,2.3262726084422454
3001485,1206.8307764133667
3001486,0.09768397231642689
3001487,246.40860923782526
3001488,6.077028367692987
3001489,491.1771372703391
3001490,321.64232007962306
3001491,114.12396093715152
3001492,36.77058142695419
3001493,36.39016684490329
3001494,1991.8038465769564
3001495,10.550947721061862
3001496,0.6532782837655238
3001497,14.857212158229014
3001498,16.452893828689845
3001499,0.23171409036412058
3001500,109.30816690086945
3001501,0.3684529740095972
3001502,19.136881258299514
3001503,5.231746337978344
3001504,35.718099954297
3001505,0.3544115119980899
3001506,310.559684793086
3001507,164.96554049543406
3001508,2.142495664908321
3001509,0.9358208329871184
3001510,164.25639797217298
3001511,21.188051441184747
3001512,1254.7010738535985
3001513,15.584929934557243
3001514,1.7889965517757476
3001515,5.186657837463667
3001516,0.20194462214217784
3001517,4.062593861245643
3001518,3363.408772347174
3001519,0.19423737324290594
3001520,749.3033203142708
3001521,12.962904174316067
3001522,1077.3415556494244
3001523,1086.5186055925017
3001524,316.2242369506699
3001525,270.390470446067
3001526,109.71432548681777
3001527,4310.995896082437
3001528,20.337994604050916
3001529,2.2848081142154584
3001530,25.753673393372424
3001531,36.73601617823406
3001532,0.3519733237632735
3001533,300.16966036050684
3001534,4.422254943043123
3001535,44.43659244162719
3001536,18.313423062360254
3001537,105.17517707481812
3001538,4.129681409479641
3001539,309.1248924196814
3001540,253.61707146891212
3001541,8.812255445329939
3001542,9.31655273284225
3001543,393.95233374725694
3001544,83.56036597725524
3001545,4704.874151565565
3001546,15.324274103067058
3001547,16.374750443135106
3001548,5.3706252800390955
3001549,0.05082422679753063
3001550,4.581841717072171
3001551,2935.336771042644
3001552,0.0700696106404488
3001553,606.4830395830054
3001554,14.558598526640308
3001555,1002.0403499894991
3001556,1032.04789979655
3001557,359.4868428184804
3001558,207.62186137931948
3001559,56.07654843419887
3001560,4167.725265514024
3001561,10.249164460899175
3001562,0.6157588132096894
3001563,27.5172848824179
3001564,21.219942360225765
3001565,0.4056936500135365
3001566,273.83312395027326
3001567,0.04311396097596429
3001568,11.420444316501056
3001569,8.26134421833205
3001570,42.305471205399286
3001571,0.7681398381297702
3001572,189.32308312757044
3001573,283.7261922375113
3001574,4.184731985671458
3001575,3.301140652451849
3001576,185.16906445327965
3001577,66.66291771284264
3001578,1778.1777196815872
3001579,12.653798146535303
3001580,2.035898771792291
3001581,5.090380577523642
3001582,0.33414020898962377
3001583,3.7342326386077485
3001584,2894.32152623977
3001585,0.06451913821151946
3001586,594.6944575567663
3001587,9.480750773612057
3001588,898.0150166423389
3001589,805.1197331460869
3001590,255.33598259809233
3001591,163.18745957023802
3001592,64.65563910314079
3001593,3751.4126745288177
3001594,13.889553702987046
3001595,0.8445837364799501
3001596,23.328548070752948
3001597,22.99091915954064
3001598,0.12286986130270311
3001599,227.7000795321048
3001600,0.047216861272072114
3001601,12.525935618879958
3001602,11.00542171811827
3001603,76.61786880827648
3001604,1.214696049595798
3001605,110.33688779112084
3001606,222.15789302098062
3001607,4.045344889709397
3001608,4.036713803217582
3001609,165.70904828501756
3001610,58.50102934035433
3001611,1139.4337444671244
3001612,17.311254719561514
3001613,4.003805335127442
3001614,9.805381611247336
3001615,1.126852926249283
3001616,14.99461017003605
3001617,8661.240281313616
3001618,0.14830581240319107
3001619,1364.39647872141
3001620,31.376683453879064
3001621,2148.6989224884856
3001622,2294.2942658290317
3001623,359.24608399205863
3001624,501.4567408082087
3001625,384.7054848015616
3001626,8304.326627869414
3001627,76.93922335016227
3001628,3.0553721284049247
3001629,56.359297529993924
3001630,57.13434166980474
3001631,0.8711046371041927
3001632,585.7385329956567
3001633,36.722724166527954
3001634,87.48416857846365
3001635,36.741399130839234
3001636,225.78836751545973
3001637,23.838925605956305
3001638,741.125053702057
3001639,532.7714741279759
3001640,16.689498802935002
3001641,24.32247702668806
3001642,1190.8952378881488
3001643,234.33333837031438
3001644,11153.329090872538
3001645,26.19000127302153
3001646,76.59058162528797
3001647,2.6717896301626465
3001648,0.218301396550419
3001649,2.423046250969495
3001650,1528.3310644837302
3001651,0.0809048119219021
3001652,168.83811982858538
3001653,3.401610696701621
3001654,559.865695641798
3001655,363.4051248395926
3001656,129.3456626621248
3001657,103.17430638141771
3001658,39.802900125484975
3001659,2385.875679097378
3001660,4.12225562281251
3001661,0.3999999896895918
3001662,13.458742500088242
3001663,15.090376212967954
3001664,0.22789384985348576
3001665,170.69419134349621
3001666,0.3296546434528985
3001667,13.043659837733827
3001668,8.558321982199706
3001669,48.971812071903656
3001670,0.5911767301707123
3001671,55.36665496187756
3001672,108.86303248171268
3001673,1.8593973988686723
3001674,3.8354366759889076
3001675,101.06220594610437
3001676,17.868323675580314
3001677,718.3537882764613
3001678,22.733607091918806
3001679,3.637774419244876
3001680,5.943367090082774
3001681,0.0896281538530712
3001682,4.341483557863651
3001683,2826.5450328338793
3001684,0.03729728546022077
3001685,477.368807260863
3001686,7.7747339309103864
3001687,1096.8420163163769
3001688,795.149736553036
3001689,229.00165001360236
3001690,214.5479244873948
3001691,64.68023544566553
3001692,4178.503631165729
3001693,11.401461960915464
3001694,0.28408000564155217
3001695,21.992417052959997
3001696,24.554491555890703
3001697,0.10495682305495153
3001698,270.8760025655692
3001699,0.8284606159538296
3001700,16.026262786415266
3001701,12.970654282214083
3001702,28.341349212592824
3001703,0.9683689770034364
3001704,300.5130845715373
3001705,250.0256760061839
3001706,3.056317611433474
3001707,5.319960926004722
3001708,104.30426918671651
3001709,59.0638262778655
3001710,1422.4412133210951
3001711,29.03767577795659
3001712,3.9697740833963646
3001713,1.2911300005176272
3001714,0.023995846109728776
3001715,2.1865185777130227
3001716,914.984546482858
3001717,0.06967195220079046
3001718,135.20199249362787
3001719,2.0386723561671607
3001720,719.7857352058109
3001721,236.78593798516923
3001722,117.75330789646995
3001723,185.37388229650998
3001724,19.323559854439445
3001725,1711.8639803165836
3001726,1.4965842770203654
3001727,0.26912723643845443
3001728,11.687483440232898
3001729,10.507759885193547
3001730,0.05820898997011672
3001731,107.73371630649581
3001732,0.08023783215189163
3001733,10.518130924526178
3001734,6.384526099639962
3001735,43.70166775097298
3001736,0.19853323622497018
3001737,75.51746063418484
3001738,90.26763341820775
3001739,0.4645895751921779
3001740,1.1217462817206723
3001741,55.67281307267727
3001742,11.201511300864663
3001743,271.0392694302928
3001744,16.600192210498317
3001745,1.3537090906573468
3001746,7.483520264945226
3001747,0.05667239294505334
3001748,3.450749711067243
3001749,2104.1596730986516
3001750,0.07783991416301358
3001751,235.11586789500993
3001752,5.513042403747289
3001753,973.1924139738784
3001754,584.4145194902109
3001755,182.1711671073817
3001756,136.61079719633298
3001757,47.84415632673774
3001758,3052.55208445276
3001759,2.9878082529885197
3001760,0.4231450925927528
3001761,26.191689434569927
3001762,23.396046322552607
3001763,0.14184398368671552
3001764,220.0566646675337
3001765,0.09728474482462267
3001766,17.192963969817047
3001767,18.061603974851092
3001768,47.268487075461884
3001769,1.1339454998789846
3001770,260.1540127900604
3001771,199.77479567588733
3001772,1.2866554697082946
3001773,3.8516354957718195
3001774,208.72436710071193
3001775,31.69139600546593
3001776,1494.3010377028106
3001777,30.508983957912797
3001778,0.7896730460110983
3001779,2.8818981667490484
3001780,0.22603736741040076
3001781,4.555433114441567
3001782,2252.869663698563
3001783,0.06476536686649109
3001784,648.8403729377088
3001785,6.377829664398685
3001786,806.6110742626093
3001787,852.0995174813287
3001788,241.350259854745
3001789,100.8127475437545
3001790,63.71454466576369
3001791,3818.326503369733
3001792,6.288117588475632
3001793,3.1705877242586915
3001794,32.55880248542539
3001795,44.11340477560216
3001796,0.16123672554419471
3001797,219.76148326268407
3001798,3.0165338820033414
3001799,13.504996660654669
3001800,14.365271358311121
3001801,42.32485837611279
3001802,1.8784754369702072
3001803,177.84665134060563
3001804,293.9458862514299
3001805,3.420634116767876
3001806,6.028197636306465
3001807,147.0628817777003
3001808,31.915091818733135
3001809,757.9185030570341
3001810,22.915588382348997
3001811,2.989861109053661
3001812,3.7509867900933433
3001813,0.07876420468962936
3001814,2.4751908094825494
3001815,1407.7571545739295
3001816,0.07365269238794092
3001817,98.60462843691907
3001818,1.863721600910669
3001819,497.965793714546
3001820,240.26050276504046
3001821,110.68840688201081
3001822,128.32486279062564
3001823,31.186188993852497
3001824,2062.649944140863
3001825,3.275630601349887
3001826,0.34297712647964823
3001827,10.049470997321473
3001828,14.15815210308148
3001829,0.13797194966170065
3001830,113.56338859123926
3001831,0.0964395784550956
3001832,14.830028877835186
3001833,6.392258636277483
3001834,49.19729567808008
3001835,0.46533469830130003
3001836,191.34245964791057
3001837,94.78293477361873
3001838,0.6816486640711563
3001839,0.911039505350107
3001840,42.9027000966452
3001841,16.480390964409413
3001842,502.1822107737056
3001843,19.096404509946645
3001844,0.32019877806421193
3001845,3.7422957334348377
3001846,0.015269442045461913
3001847,3.238152560654266
3001848,2907.270527312869
3001849,0.045867894813147465
3001850,418.7140591415797
3001851,6.120973584555878
3001852,845.238214599178
3001853,684.0194118259329
3001854,222.2718960032197
3001855,106.55529994704241
3001856,62.802274426150085
3001857,3775.8924486579067
3001858,6.475152758222212
3001859,0.3943422563629306
3001860,20.053996309039615
3001861,16.406187511829664
3001862,0.1373407079460858
3001863,200.3350900345232
3001864,0.045143871405214794
3001865,35.145310607891666
3001866,13.490887805988667
3001867,54.88606184961321
3001868,0.7512080840550135
3001869,220.50550981030375
3001870,203.17722440575756
3001871,1.7131313793830805
3001872,4.14088296275212
3001873,108.33647521850223
3001874,45.49749401126252
3001875,1318.9500299387378
3001876,35.24349405809728
3001877,0.7882696961757693
3001878,3.237772612268654
3001879,0.05574610398865673
3001880,7.569527316328905
3001881,3469.9031573517163
3001882,0.1339377761340052
3001883,598.7766512826729
3001884,9.162187733319263
3001885,1164.5364030989995
3001886,1028.2801370161787
3001887,185.1034572284887
3001888,145.83593301183177
3001889,130.99352053411556
3001890,4226.841535976497
3001891,65.47102400281626
3001892,1.6868990810036442
3001893,29.611594175575892
3001894,33.10600808456859
3001895,0.32276362506557943
3001896,294.9030177142096
3001897,19.897392062042705
3001898,33.950089552395156
3001899,12.253150269385861
3001900,115.05302681502187
3001901,9.46755290563368
3001902,235.49775165487097
3001903,276.88465482657404
3001904,9.960206225061963
3001905,15.366364118019733
3001906,304.06080487344906
3001907,79.44862489104725
3001908,4183.788222314493
3001909,25.46569864551572
3001910,12.747118956450562
3001911,4.879543176666536
3001912,0.035387291067467366
3001913,8.177578374872205
3001914,2336.2842470294877
3001915,0.06916031139724317
3001916,503.0958901631116
3001917,11.238585267046872
3001918,1334.060489577635
3001919,875.1412734341258
3001920,161.38801368425294
3001921,93.02524961358593
3001922,129.0901180737991
3001923,4001.430843022456
3001924,29.076401049488663
3001925,1.2609879214090585
3001926,34.742346601975754
3001927,72.00523651261234
3001928,0.043144288437448164
3001929,337.7750183554517
3001930,16.16743418154594
3001931,28.967873747713206
3001932,18.830387403295223
3001933,98.70396405582568
3001934,8.65927481150937
3001935,206.17876902000106
3001936,447.82923773983424
3001937,6.275460934064807
3001938,11.116875477161345
3001939,127.15294953801964
3001940,75.93913381723272
3001941,3298.5267583027426
3001942,21.02761623550669
3001943,12.3191027030895
3001944,6.444868572159489
3001945,0.10275957509822772
3001946,4.023107069889647
3001947,3605.1972639806636
3001948,0.05486697038644553
3001949,651.0565390320078
3001950,6.157729397558935
3001951,1367.5192905802712
3001952,761.5581011762406
3001953,218.86991443705662
3001954,275.5977797120193
3001955,59.460380932587036
3001956,5195.161351876968
3001957,29.70918294871783
3001958,1.0292433751991872
3001959,21.72459886851052
3001960,21.180442355766015
3001961,0.050989960412465604
3001962,289.6229961529431
3001963,3.801098683177514
3001964,18.70504619482287
3001965,10.404151901662972
3001966,56.09929525832242
3001967,2.9797470401263975
3001968,141.9834159019958
3001969,294.10630811858493
3001970,5.676438139627065
3001971,7.501945077734573
3001972,210.95765585969954
3001973,52.3104216819637
3001974,1720.0169839422458
3001975,22.04190234257727
3001976,12.746812434879452
3001977,2.7778534573366764
3001978,0.19914237250625272
3001979,6.257659156214174
3001980,2723.3723245979336
3001981,0.15040406967300193
3001982,398.8137168574851
3001983,6.667920570118795
3001984,942.2711073388651
3001985,841.9460899440664
3001986,197.08754191792423
3001987,135.5577020667083
3001988,85.87589633134603
3001989,3505.825782132398
3001990,24.190183760504826
3001991,1.180562232730628
3001992,14.611757643507277
3001993,18.31680582852524
3001994,0.2483015401300178
3001995,268.52156096636867
3001996,17.064979551412726
3001997,28.395960432539194
3001998,7.9722184596730745
3001999,84.12141380450994
3002000,5.882780405938734
3002001,339.05862068260313
3002002,241.3440186151388
3002003,5.919264203233884
3002004,9.001557138415597
3002005,368.4094583028949
3002006,47.536407334457145
3002007,3455.183999207753
3002008,27.73903712605338
3002009,21.693016807985764
3002010,3.3525832939643525
3002011,0.1906582027252812
3002012,4.535645350717421
3002013,4621.692725662266
3002014,0.06736529154281881
3002015,408.26240086588086
3002016,6.267950441945518
3002017,1797.7937754000843
3002018,955.5867018842074
3002019,310.50543111226426
3002020,174.94654741453127
3002021,60.66857109178271
3002022,5296.3163121669595
3002023,11.158189132611465
3002024,1.1980993280784777
3002025,27.948277959131776
3002026,29.94653112290765
3002027,0.22846911944677917
3002028,350.4923513169434
3002029,0.08143004535281351
3002030,17.447116617525655
3002031,14.237164154946708
3002032,55.154512161863444
3002033,1.890099208739426
3002034,149.69454944800685
3002035,290.8771488279798
3002036,3.213842121684107
3002037,8.848220283360275
3002038,186.39810788653918
3002039,59.08599862923417
3002040,1445.1168172675234
3002041,38.12841448145203
3002042,5.392838193435912
3002043,5.967343817021235
3002044,0.09416409159736235
3002045,8.608127277576074
3002046,2764.049708568728
3002047,0.07994274240273652
3002048,509.3308349534682
3002049,9.605687568020016
3002050,1264.0207729179524
3002051,814.3182245176549
3002052,253.6481440995574
3002053,142.86840555386573
3002054,118.07292826314203
3002055,4394.921534340828
3002056,33.50994360252427
3002057,1.1894580563311832
3002058,25.24889912244816
3002059,40.74298985764588
3002060,0.25017640616687187
3002061,273.55167485123945
3002062,12.880958765122271
3002063,29.530983812104207
3002064,17.209695871408442
3002065,82.94131928216036
3002066,10.035765545042164
3002067,210.26106865528868
3002068,412.10002344306827
3002069,12.001510360046025
3002070,10.591018704910384
3002071,218.152088461517
3002072,67.72771392262162
3002073,3417.780328261792
3002074,12.696659893679437
3002075,6.723101421507632
3002076,2.7911239213405965
3002077,0.024288014784177046
3002078,5.676224750123451
3002079,3249.0128476113496
3002080,0.10041502065987788
3002081,539.7371291491808
3002082,10.99909642597626
3002083,875.1514661507052
3002084,946.5050681562686
3002085,194.64243401531309
3002086,146.6611039920717
3002087,121.97249889535773
3002088,3463.2883795610337
3002089,36.71314220142148
3002090,0.8081164035712106
3002091,23.148780271708212
3002092,23.33850080771272
3002093,0.11094540909956241
3002094,260.3550211069898
3002095,13.621165253514356
3002096,51.07601109777768
3002097,13.869750901344556
3002098,76.73367900103628
3002099,9.171963528102271
3002100,255.738078610472
3002101,228.3879349812162
3002102,7.821653761128572
3002103,9.440924093067386
3002104,273.9125650773152
3002105,61.34537856927003
3002106,3698.438320524039
3002107,23.138724022728464
3002108,13.814744839270077
3002109,3.3381030038505948
3002110,0.12854962841527762
3002111,4.191175413244537
3002112,4529.966649451736
3002113,0.06830538662254641
3002114,545.1049822588367
3002115,10.51307060988331
3002116,1071.386784281305
3002117,770.722599266093
3002118,265.59371421961913
3002119,137.70405657803173
3002120,48.424821892031986
3002121,4481.435256398851
3002122,9.03577677917606
3002123,0.27841364667452195
3002124,15.63082654029549
3002125,21.441805897164127
3002126,0.08385314699741943
3002127,233.07665470911283
3002128,0.06959563374369578
3002129,15.140973602829487
3002130,6.8037180395369194
3002131,71.23564527906827
3002132,2.252007367750471
3002133,199.01738290066427
3002134,246.76843632135987
3002135,2.556565643889893
3002136,2.138058302258002
3002137,234.60510962949272
3002138,126.34530457777991
3002139,1390.330653009043
3002140,36.174136776882506
3002141,0.49688249196721485
3002142,13.0948298820044
3002143,0.053836654460786434
3002144,17.7861165767133
3002145,9760.113573767961
3002146,0.09675443264140503
3002147,1856.4880652776778
3002148,34.03023329055299
3002149,3115.361072017146
3002150,2651.7447690279428
3002151,590.7229732952363
3002152,630.5829410992875
3002153,447.43234876249903
3002154,10486.84530496869
3002155,105.13383591102594
3002156,4.2689155894235125
3002157,106.62423890653585
3002158,125.09938921541081
3002159,0.7691060311480225
3002160,767.8128790897492
3002161,30.526455264519733
3002162,35.82622979986162
3002163,58.22507386745627
3002164,385.92129872287256
3002165,22.50107968004057
3002166,860.7769030382914
3002167,627.9544270619057
3002168,36.318265015405075
3002169,37.59990501623316
3002170,1126.9785372475703
3002171,346.7245318968994
3002172,13471.67907419461
3002173,617.725508985236
3002174,89.25311267711723
3002175,13.047843946427566
3002176,0.056187063349908584
3002177,13.196567716081526
3002178,8977.267506836753
3002179,0.12024309864623582
3002180,1225.3560513447956
3002181,25.797489103254055
3002182,2561.3474896640437
3002183,2165.2084022199297
3002184,657.9068983647254
3002185,348.377415781719
3002186,282.0424455837408
3002187,10417.890665013896
3002188,141.04767186599577
3002189,1.7433826186017094
3002190,65.44601900651772
3002191,83.84841108180422
3002192,0.6963740185915508
3002193,666.8384532195715
3002194,26.353521123145878
3002195,45.8265448408798
3002196,25.57033808923441
3002197,214.7450574327544
3002198,17.068921108873596
3002199,1008.1411527140449
3002200,698.0613348801302
3002201,19.20719952067955
3002202,30.33493649335346
3002203,1165.105848510962
3002204,269.6289344388223
3002205,8992.008445026046
3002206,203.22264134552057
3002207,75.05407094303538
3002208,10.330389118696365
3002209,0.021971481996714903
3002210,15.52037201222412
3002211,5702.836911857489
3002212,0.10200797715198233
3002213,952.9497156674662
3002214,14.088467429089297
3002215,2278.3032118595274
3002216,1509.5089103786179
3002217,698.8652214975776
3002218,130.09692461665855
3002219,197.19982824125472
3002220,8412.157774078581
3002221,49.8574407372464
3002222,1.4795366865798907
3002223,33.179933139909664
3002224,31.447799940614576
3002225,0.4158026177360773
3002226,617.6180479624811
3002227,22.651534102345554
3002228,33.0640413971858
3002229,14.65302712641375
3002230,108.04525693646698
3002231,8.21232640098723
3002232,974.8757498183999
3002233,674.5207359520871
3002234,18.35578868258977
3002235,38.62855694049085
3002236,646.8679125434367
3002237,134.2906012146128
3002238,3743.709953259218
3002239,111.38492695475344
3002240,35.59958672517333
3002241,12.43007361021152
3002242,0.03289373405546047
3002243,19.176424357548843
3002244,8285.772107030003
3002245,0.12166456175838708
3002246,1113.0982702828937
3002247,21.605256148957164
3002248,2291.5414230948923
3002249,2161.788808337806
3002250,649.2611324200219
3002251,333.00663132496413
3002252,247.93005683373408
3002253,10319.184982756067
3002254,62.575017570834724
3002255,1.5550610546823067
3002256,62.78916541798958
3002257,80.90917303560829
3002258,0.16361435837916805
3002259,626.7316186113108
3002260,29.687812844070432
3002261,39.927192227990105
3002262,25.390841020738485
3002263,199.07183848915025
3002264,12.645060819009018
3002265,788.0508817576673
3002266,660.4131336153173
3002267,21.069303765247593
3002268,28.81827256781852
3002269,1019.542205561563
3002270,208.35310417326534
3002271,8288.99333006564
3002272,177.67389305816496
3002273,58.76296390336306
3002274,9.624603346930126
3002275,3.258638730212408e-05
3002276,16.26790362301805
3002277,4347.4854509250945
3002278,0.0395241621587841
3002279,726.7761298711299
3002280,15.720947203010812
3002281,1877.949247883842
3002282,1101.3420282548022
3002283,579.1283740945396
3002284,101.55822653973334
3002285,149.9719456601503
3002286,6797.977513843367
3002287,45.230994720121124
3002288,0.501857151851955
3002289,32.1488762409117
3002290,41.90759760099177
3002291,0.11465654067110187
3002292,553.7450123523229
3002293,21.77109858878269
3002294,20.805155674619993
3002295,12.27400376328089
3002296,120.58918691706623
3002297,4.124917664271987
3002298,728.9531066512066
3002299,758.7962355341973
3002300,13.430871660645103
3002301,22.522531213489266
3002302,639.1180108438328
3002303,80.00992226138457
3002304,2619.8757744443255
3002305,330.7480490333745
3002306,16.512456735286193
3002307,9.53725029189645
3002308,0.06355843822189389
3002309,13.185689709178227
3002310,7191.451450543898
3002311,0.09148624655257898
3002312,1339.5568737812014
3002313,26.727622031966504
3002314,2117.083409979474
3002315,2482.9576661377814
3002316,452.26689081137846
3002317,506.6902174355146
3002318,378.87816647835535
3002319,8701.698431433257
3002320,75.45558232222635
3002321,1.8130328970509597
3002322,59.327114486056416
3002323,57.804794821937165
3002324,0.45605855118442656
3002325,548.6196734880097
3002326,12.577917026625814
3002327,41.998664534668166
3002328,24.527283984585086
3002329,273.72085155520455
3002330,16.36841941481061
3002331,809.8738522345725
3002332,547.7378084275649
3002333,19.478570126910917
3002334,30.544834458754934
3002335,1052.5259645523176
3002336,250.0145024140071
3002337,11195.970910770882
3002338,133.27975773541914
3002339,81.35137823034188
3002340,4.709295140249911
3002341,0.20484692807348193
3002342,6.035439939546118
3002343,2031.5375998929442
3002344,0.10394230868414554
3002345,377.8975819231846
3002346,19.159052215073448
3002347,1073.650513723495
3002348,612.0227029775408
3002349,241.34386080354994
3002350,90.64748893697721
3002351,89.7178499662749
3002352,3151.4714712379764
3002353,43.19349855326745
3002354,0.8314399644989535
3002355,26.023292086960247
3002356,31.003258873463373
3002357,0.24080821010168527
3002358,253.90290293178396
3002359,11.581196157522243
3002360,16.448314057469137
3002361,16.479100145053675
3002362,60.36610112762267
3002363,6.539264449146853
3002364,262.13738848412476
3002365,258.7523671123142
3002366,3.065068613937014
3002367,7.128851281124697
3002368,241.96695916682657
3002369,55.37665471247483
3002370,2260.452654876026
3002371,12.63488255953066
3002372,9.295959227663943
3002373,7.677446349503226
3002374,0.03668829592101852
3002375,13.529479568927574
3002376,4223.356125740709
3002377,0.09940327411849072
3002378,617.3563363769383
3002379,28.642531145096626
3002380,1806.7260979672149
3002381,1113.998214755525
3002382,467.12292451062405
3002383,99.17337123062858
3002384,149.58998442337938
3002385,6654.987842912221
3002386,87.84655590319579
3002387,1.187033927223613
3002388,49.19268683523576
3002389,55.254013635771685
3002390,0.23196766231709515
3002391,447.116554973421
3002392,13.626287121296267
3002393,15.3104439165347
3002394,15.096438078585681
3002395,140.75353728627022
3002396,7.386218851268059
3002397,622.6292913972164
3002398,497.6551590428864
3002399,10.665106623332854
3002400,20.85310309436647
3002401,405.43331813617687
3002402,79.49935715530226
3002403,2991.797745102455
3002404,318.7088128181645
3002405,15.44607400036365
3002406,6.469653941120942
3002407,0.06962698016315871
3002408,8.049679707529183
3002409,5127.356642667941
3002410,0.1769045432611035
3002411,1059.5384801777982
3002412,8.981919891586664
3002413,1785.168689937668
3002414,1855.930732680221
3002415,272.4761221963672
3002416,405.00110409896115
3002417,270.78660220917214
3002418,6245.19322822254
3002419,37.53691904019373
3002420,1.381675324741432
3002421,33.80066191983523
3002422,48.32093852108772
3002423,0.4848321211653211
3002424,424.8530930497794
3002425,1.6836696289953128
3002426,63.17284916118496
3002427,18.190864681081433
3002428,139.47067601482652
3002429,11.443878032253831
3002430,672.3718623809596
3002431,330.71586153540426
3002432,19.67276918038284
3002433,10.562078452722334
3002434,819.7666871682308
3002435,129.2212987411445
3002436,9844.611035442256
3002437,41.25920000478165
3002438,45.74882808619231
3002439,10.27917550877824
3002440,0.032817387047849256
3002441,8.92677288673373
3002442,4608.178085481451
3002443,0.08843251247267103
3002444,818.9589858614438
3002445,10.296562228569705
3002446,1739.0067610206222
3002447,1202.3689509845478
3002448,339.57313661650517
3002449,231.6508464338894
3002450,289.9117477855068
3002451,6178.2818220714
3002452,47.579070895280054
3002453,2.64879065895417
3002454,40.97950328518704
3002455,44.35879394169382
3002456,0.2638245052480623
3002457,369.72585053722474
3002458,5.761442430349318
3002459,71.31902111713704
3002460,10.622565485994297
3002461,241.81540248887427
3002462,7.888780696652138
3002463,464.9759686621059
3002464,326.772217695721
3002465,14.082902474406442
3002466,24.70047531743036
3002467,512.5572844155022
3002468,136.0059169704454
3002469,8177.841182029461
3002470,23.983366050063168
3002471,6.785615781210142
3002472,7.6401521180821454
3002473,0.09959972282150793
3002474,5.685586816210977
3002475,2618.7125430335077
3002476,0.0652441082408854
3002477,505.69620052160406
3002478,5.364495681725397
3002479,1181.636071972477
3002480,624.9406239404268
3002481,247.86360503686382
3002482,93.48118488024193
3002483,106.4972211407731
3002484,3500.5893222282925
3002485,14.527167204168032
3002486,1.134022107631868
3002487,24.09392802292004
3002488,35.66010771800937
3002489,0.09008201591537149
3002490,269.40385864998973
3002491,2.9832615769387187
3002492,19.598229058953837
3002493,14.048448584382683
3002494,74.34838104454673
3002495,3.3572120436847235
3002496,263.7728045806399
3002497,273.2330198093124
3002498,4.635723742700183
3002499,6.002280970192576
3002500,189.04600082374907
3002501,86.10847798619513
3002502,3526.1436370943165
3002503,13.2876794534266
3002504,2.7146176023487985
3002505,4.202662649522873
3002506,0.0
3002507,2.6319833993359376
3002508,2296.9594054034546
3002509,0.0
3002510,210.10357809738787
3002511,1.7726700003526223
3002512,887.539020788408
3002513,264.7889541203215
3002514,203.12853388647395
3002515,42.706067112334324
3002516,23.430073629988602
3002517,2642.4947156928647
3002518,4.233559333865597
3002519,0.28797908034659314
3002520,13.788551756242963
3002521,13.598871945633523
3002522,0.0
3002523,182.17531312053012
3002524,0.033041961354889106
3002525,12.032020208062399
3002526,7.274039623227092
3002527,26.931152302304064
3002528,0.5037151134024855
3002529,43.08256673354772
3002530,154.3146465793539
3002531,0.07554317280555338
3002532,1.254405035112506
3002533,48.430721091480585
3002534,71.44734847651652
3002535,648.8743990654788
3002536,17.343330285061594
3002537,1.222631455513069
3002538,3.765073278968646
3002539,0.08036330493663987
3002540,7.761804948527499
3002541,3419.2359340366033
3002542,0.04970897945034952
3002543,550.5333844323958
3002544,10.405246598611864
3002545,1259.5786704441139
3002546,1024.359176723249
3002547,327.11369306975416
3002548,174.96077122174205
3002549,138.26153885440576
3002550,4774.626316386892
3002551,33.34210232462374
3002552,0.8585293587104362
3002553,29.88583253111572
3002554,47.83009348657597
3002555,0.08225963429133033
3002556,351.161019908502
3002557,19.92920253399487
3002558,21.665556830411646
3002559,14.01293242000322
3002560,79.06829512193325
3002561,6.347978628135379
3002562,423.42127796244597
3002563,296.0294020568091
3002564,7.794299428294921
3002565,12.31423158394192
3002566,499.69869636314667
3002567,81.02717956280651
3002568,3821.9568206388303
3002569,44.78143838511584
3002570,29.801491923336098
3002571,5.292440358303199
3002572,0.14989772726819958
3002573,6.655699660468836
3002574,4455.15769357478
3002575,0.12151846729161402
3002576,800.5321805743919
3002577,19.075333811577625
3002578,1237.9544160260423
3002579,1449.7099238475023
3002580,220.2253491047905
3002581,322.3475530194923
3002582,233.74721426773885
3002583,4866.224051682316
3002584,48.78675144088999
3002585,2.980916546830279
3002586,27.30848899897526
3002587,39.50893911684177
3002588,0.7594475072456435
3002589,308.14919016571196
3002590,13.590869056244873
3002591,58.603958802542074
3002592,17.89568254230928
3002593,172.5538513998463
3002594,12.565903538382793
3002595,500.9238154637922
3002596,290.404161526315
3002597,6.6965778754103535
3002598,14.372446531966187
3002599,763.7827173476148
3002600,154.2882071065006
3002601,7677.614456265468
3002602,21.265010558735085
3002603,47.080598240294655
3002604,4.50181183216567
3002605,0.1986531322916422
3002606,11.26206083863503
3002607,4916.30276031197
3002608,0.11721532706785506
3002609,960.8666183879867
3002610,22.497644219851676
3002611,1421.0721763984634
3002612,1597.973296116539
3002613,298.44010180068415
3002614,335.3049266418143
3002615,175.57134111251435
3002616,5513.640440109179
3002617,41.603338819429986
3002618,3.5395028723296087
3002619,40.7049965449725
3002620,59.41802721097455
3002621,0.27833920809930884
3002622,394.904858213
3002623,29.16957481072055
3002624,48.87587282546944
3002625,29.05973632362951
3002626,157.37252576261085
3002627,15.864023141697592
3002628,446.36130992798866
3002629,325.1888020479499
3002630,16.966824290002492
3002631,20.90036375899714
3002632,599.957153112918
3002633,154.36500768208302
3002634,7151.969434598607
3002635,25.84606017757446
3002636,40.070500160316335
3002637,9.120433828122241
3002638,0.18817925708050584
3002639,7.7377929308979585
3002640,3070.7892207073683
3002641,0.055669311288410746
3002642,496.7080845201663
3002643,11.696640823041086
3002644,1420.7409318534724
3002645,825.6476424673349
3002646,509.2393484479997
3002647,147.02148663846455
3002648,78.54901087399145
3002649,5457.380391733508
3002650,10.266898795366469
3002651,0.8250044480733475
3002652,39.489374353350264
3002653,40.37725813565488
3002654,0.05265888831819099
3002655,388.11299041823185
3002656,9.28674842640801
3002657,13.697260127460353
3002658,11.783244347108582
3002659,49.10505594904235
3002660,3.130817502641527
3002661,333.68884586579765
3002662,405.40080280418863
3002663,5.995428107733522
3002664,6.377026894622358
3002665,363.45574412247294
3002666,84.36542570440623
3002667,1526.9345618935595
3002668,199.26740829302452
3002669,12.290350461245666
3002670,3.768554307370498
3002671,0.025118309271291432
3002672,4.13843073146101
3002673,2066.5929695269083
3002674,0.1622786287106601
3002675,343.71962904870446
3002676,15.652253982970038
3002677,682.5716020125014
3002678,705.2780970233879
3002679,128.1192911128637
3002680,126.63333801455009
3002681,118.27858901247846
3002682,2464.247929184682
3002683,22.002095314621975
3002684,1.5206098733772184
3002685,19.5352006887241
3002686,27.45446728074627
3002687,0.39396996422971015
3002688,177.75664067217267
3002689,12.369022271940384
3002690,16.9273632429038
3002691,4.663176920607162
3002692,100.58275968365267
3002693,5.429145410359543
3002694,268.58985759006447
3002695,138.67625960401918
3002696,4.29403945394784
3002697,7.787420163865721
3002698,324.84683820009883
3002699,69.66705418821012
3002700,2232.8829954854887
3002701,1.895964226770529
3002702,21.26243269333003
3002703,1.1494564998366046
3002704,0.041724981429569534
3002705,1.9926377332161271
3002706,1172.7389813079296
3002707,0.019538167928510142
3002708,85.59659947700605
3002709,2.899231285805113
3002710,821.4533564758585
3002711,230.9191908867615
3002712,195.1224328651113
3002713,27.08666183795958
3002714,23.646380875380604
3002715,2150.462779443124
3002716,3.5547472012514048
3002717,0.3010208965934458
3002718,7.266400267555069
3002719,4.8884720452576005
3002720,0.07199083604095449
3002721,129.271743681865
3002722,1.6157628539640887
3002723,2.2246192875895545
3002724,0.7953357713853334
3002725,10.31884675329539
3002726,0.41821288556422076
3002727,225.4520999565792
3002728,139.3415782396251
3002729,0.7234552461733752
3002730,3.0545443236693166
3002731,104.07303049191826
3002732,20.345310252053046
3002733,248.8330061554093
3002734,2.003455929654747
3002735,0.8299462045934288
3002736,5.512577723087361
3002737,0.25560084244902137
3002738,4.222734044408968
3002739,3876.675145835935
3002740,0.02748255255560854
3002741,614.0852341479961
3002742,12.239457264517586
3002743,1510.9248432521415
3002744,543.8381286665632
3002745,425.63021844599507
3002746,138.8766137872271
3002747,66.14010613716866
3002748,5774.614086032806
3002749,27.435433102330105
3002750,0.4854660167222065
3002751,20.421689543895262
3002752,18.191221536446484
3002753,0.07724774051885885
3002754,380.6817464688451
3002755,10.529743289568323
3002756,2.3257989597082602
3002757,8.310533834835462
3002758,37.81612660056945
3002759,2.127764040814747
3002760,901.842946009559
3002761,281.34274719483403
3002762,1.6260694794413588
3002763,11.634937236463857
3002764,276.49136695120166
3002765,97.28419903188076
3002766,1250.888848550864
3002767,31.418852745740708
3002768,5.9012717980497005
3002769,4.182617920981449
3002770,0.05820653613447138
3002771,0.33974081030023195
3002772,1470.5133877685023
3002773,0.015682629039006357
3002774,155.9218409335208
3002775,7.288641931966053
3002776,968.3356465138917
3002777,373.7706692895644
3002778,184.2249580303864
3002779,54.53470004027285
3002780,34.47474531459282
3002781,2528.334433401
3002782,8.934920807765216
3002783,0.558251834193659
3002784,11.65722814339112
3002785,15.752674452973206
3002786,0.2244384206799007
3002787,167.1782039099057
3002788,4.437330499592343
3002789,1.88140768709781
3002790,6.582949670511443
3002791,37.456810638407525
3002792,1.4598466277353355
3002793,223.48815708355414
3002794,148.1445372465183
3002795,1.156095476620023
3002796,5.207885974836606
3002797,157.71872422332345
3002798,31.14571946857891
3002799,379.81638623671296
3002800,3.851105531376361
3002801,3.2274240336062023
3002802,3.3848226517442996
3002803,0.018806448246891518
3002804,2.153016441855204
3002805,1301.2699757636958
3002806,0.0
3002807,112.01087849827171
3002808,4.635470007218012
3002809,922.8140550846215
3002810,225.47640987476345
3002811,119.86430133774132
3002812,36.04539609719182
3002813,24.96972486641135
3002814,2311.0343156561344
3002815,9.482419475845438
3002816,0.14117347734639552
3002817,12.446712572197793
3002818,7.462717476382298
3002819,0.032828615944116527
3002820,103.80764612224755
3002821,1.2630373571230171
3002822,2.394825946990022
3002823,1.5989253456635284
3002824,26.505271470727205
3002825,0.632704605733992
3002826,178.73260843797684
3002827,143.3045568445573
3002828,0.3768759190501616
3002829,3.8345866087711027
3002830,80.84630729029134
3002831,20.610086541558612
3002832,170.7514253827955
3002833,2.8120520547335044
3002834,1.586326711961505
3002835,2.550093480797822
3002836,0.013557835902511613
3002837,2.8725067201216326
3002838,1235.5081707973359
3002839,0.0
3002840,158.90395809628492
3002841,6.085749811069594
3002842,1196.7736830139427
3002843,323.2478023733624
3002844,228.8980881004696
3002845,29.751507095115834
3002846,37.56597513406418
3002847,2535.2708599711523
3002848,8.716608888841249
3002849,0.28342363885564126
3002850,9.442783968789756
3002851,18.649083086039383
3002852,0.07451485208531901
3002853,184.49787364964206
3002854,0.786934358445413
3002855,2.2823173361863205
3002856,2.109296625288212
3002857,14.52017561464128
3002858,1.3168687578928675
3002859,351.55076250285464
3002860,200.98010804915543
3002861,1.0102995813075095
3002862,3.8706616568302237
3002863,71.7687627434421
3002864,82.07919978716008
3002865,421.26866654482865
3002866,5.53199331349733
3002867,3.3981401895557206
3002868,2.1891185937008517
3002869,0.5054359709861529
3002870,3.8293187546372516
3002871,1644.9937129376417
3002872,0.024004990723420543
3002873,159.85417735824217
3002874,2.5038736828626065
3002875,852.5433930261918
3002876,320.2950018219543
3002877,251.05195020500676
3002878,77.79868472817685
3002879,64.77311482281902
3002880,2399.656351476923
3002881,7.390306665611613
3002882,1.5045738762823968
3002883,13.912718828018964
3002884,13.22907575685208
3002885,0.13823361834237677
3002886,213.93603251203038
3002887,6.93688851127723
3002888,2.9078897675326116
3002889,3.077994211364054
3002890,18.944486570844404
3002891,1.5039943140181726
3002892,164.6050748752912
3002893,174.5141802267964
3002894,0.6392091281913138
3002895,4.185862502784516
3002896,115.29008396737092
3002897,45.428892622321335
3002898,641.7159978847635
3002899,8.46412224413266
3002900,4.502088318856361
3002901,3.2115028047346175
3002902,0.09966941099078368
3002903,0.42435646882406275
3002904,1092.9855589700157
3002905,0.00022139147450869688
3002906,123.85327093903064
3002907,3.734943208125084
3002908,868.5937551866543
3002909,180.1638660804748
3002910,123.77082803474062
3002911,102.11824888468098
3002912,24.15770926313539
3002913,1615.317314755662
3002914,3.7018365330603213
3002915,0.305567042151892
3002916,8.038846830139335
3002917,7.724864798330053
3002918,0.06589352816125266
3002919,137.3959644964922
3002920,0.010957355509538379
3002921,3.2152188683430363
3002922,1.2466537950006393
3002923,19.120349776696585
3002924,0.6850529571303027
3002925,59.41200737814022
3002926,99.91147986400824
3002927,0.49117889907552076
3002928,2.134104007526996
3002929,54.794042878212984
3002930,27.000035006211014
3002931,440.23484736864333
3002932,2.7239645033612967
3002933,0.48507321733966924
3002934,6.338802652490458
3002935,0.36841030442687306
3002936,2.521207416512748
3002937,2670.994991146585
3002938,0.018842452122028574
3002939,274.5372761705828
3002940,5.334020917924396
3002941,919.4295977912927
3002942,570.9844113342909
3002943,404.29184080759035
3002944,155.22484254093897
3002945,72.3814812190718
3002946,3671.432522731845
3002947,12.691740803007841
3002948,0.8153865269918619
3002949,15.902074276053792
3002950,22.636311847772838
3002951,0.2185735066114707
3002952,228.54281534380388
3002953,0.5298553880912696
3002954,2.964863212927139
3002955,4.489883675857681
3002956,31.3995202011616
3002957,2.9457957042401817
3002958,303.6846835654221
3002959,216.07710507134374
3002960,1.5479116864017741
3002961,6.261185813572055
3002962,286.42757335852696
3002963,53.63017241081492
3002964,1199.7169555137912
3002965,6.291335343692896
3002966,8.808292892651048
3002967,2.514837101947437
3002968,0.09821402306550871
3002969,3.127128967669196
3002970,1865.8666711488247
3002971,0.005991691312831746
3002972,527.2891487472759
3002973,6.091714541143614
3002974,484.12163932444633
3002975,563.1482565737047
3002976,157.74437532459189
3002977,129.99633597686733
3002978,44.09417294853277
3002979,2402.0880119775434
3002980,10.354389106958466
3002981,0.6454611631680757
3002982,13.78374038708179
3002983,11.43745543426914
3002984,0.16363614474990074
3002985,160.78455171523422
3002986,6.367968051685847
3002987,4.353044545537811
3002988,6.043318333779907
3002989,46.320961233810884
3002990,1.5640588895056204
3002991,256.0803977172431
3002992,127.3553461415255
3002993,3.2755098345383695
3002994,4.934693982753159
3002995,157.39195241207378
3002996,53.05197720770584
3002997,1421.506339722915
3002998,56.84282672971547
3002999,8.890213269888044
3003000,5.170317398852889
3003001,0.35562629431733983
3003002,3.3303166060889677
3003003,1956.4209661399648
3003004,0.022930402065436253
3003005,155.58646127490732
3003006,5.7785213217546225
3003007,763.9761811512025
3003008,277.40940197172137
3003009,231.65115032889355
3003010,47.234540479785196
3003011,38.35425556686129
3003012,2629.776723859192
3003013,17.031904180136824
3003014,0.8281493812973924
3003015,13.52413573318884
3003016,10.37378094900754
3003017,0.08431925754461804
3003018,144.6501290114117
3003019,5.4284291300403575
3003020,2.6787740646058342
3003021,3.9208282091276256
3003022,27.398579947112246
3003023,1.83170742544568
3003024,132.674659866311
3003025,147.61306225511882
3003026,0.927939054752912
3003027,4.491460446142607
3003028,146.84596499994123
3003029,24.0307202224033
3003030,465.7145266301681
3003031,7.673648211518389
3003032,3.1669158903402015
3003033,4.611543698973443
3003034,0.03525059133492259
3003035,6.759241087906083
3003036,2486.900335217108
3003037,0.021009048435546584
3003038,560.6844146106561
3003039,10.76141591482527
3003040,803.9108400014856
3003041,706.028522391091
3003042,199.52335352952468
3003043,129.32828875151444
3003044,92.08431946768523
3003045,3225.1229451743666
3003046,39.826664831201455
3003047,1.0112315424555898
3003048,14.134983341027851
3003049,22.032483016217064
3003050,0.21781915971939306
3003051,229.7786003387727
3003052,18.956983621604184
3003053,11.050645648360497
3003054,4.472095359040371
3003055,85.43215746615273
3003056,6.273225593886067
3003057,367.98068014456976
3003058,198.4998529529499
3003059,7.766527260940434
3003060,6.993180672777009
3003061,370.9903234901366
3003062,85.55089700874342
3003063,1924.0514496578683
3003064,2.7674522824161953
3003065,25.721821697594407
3003066,4.762290977656917
3003067,0.06207027074105847
3003068,4.421365474584304
3003069,2766.2827522082885
3003070,0.011570243973020736
3003071,401.039781194359
3003072,6.61229546220738
3003073,1264.7011061233768
3003074,572.3428848926792
3003075,471.36751500417944
3003076,72.11277073627272
3003077,59.752736668598395
3003078,4278.726665933708
3003079,12.120923390971756
3003080,0.47543241207352244
3003081,14.1863539515141
3003082,13.25491994040953
3003083,0.0
3003084,270.9500803912628
3003085,2.3927003521056625
3003086,4.689189734807263
3003087,4.279721457455413
3003088,37.648876103222804
3003089,1.0906101212869792
3003090,615.0371779345458
3003091,260.1513452300413
3003092,2.8754317217153997
3003093,3.6070209053572793
3003094,224.31797325213228
3003095,52.16196359293877
3003096,844.7396728940311
3003097,82.41665414867461
3003098,7.515981279440269
3003099,7.631959751848978
3003100,0.3061848520058748
3003101,2.3402367088892753
3003102,2184.6775064912076
3003103,0.033310887488095194
3003104,337.27999644986846
3003105,4.915175027187311
3003106,1335.1315875712332
3003107,423.0131676674042
3003108,224.38490801415867
3003109,141.7710653572771
3003110,63.40302491640405
3003111,3075.112449525515
3003112,12.865028627702587
3003113,0.3853892786903059
3003114,24.700723682868933
3003115,26.767038314268316
3003116,0.1323678354946542
3003117,233.98901084346107
3003118,2.1059528233293743
3003119,2.6145083376451375
3003120,7.398796126448053
3003121,77.47454723899696
3003122,1.3998329700786
3003123,125.31209262095615
3003124,190.70590047820596
3003125,1.897214479347736
3003126,4.3616951328424785
3003127,127.18896544500805
3003128,113.13317607982115
3003129,1004.1692838123056
3003130,2.2188075437094055
3003131,4.232284755944563
3003132,3.621797899319246
3003133,0.15382011287740863
3003134,1.0656812422499613
3003135,1505.8225841809942
3003136,0.02113333276647865
3003137,131.05919510738363
3003138,7.236685166024864
3003139,576.7849194621097
3003140,278.1334971704006
3003141,133.02155597395515
3003142,44.41427602346309
3003143,41.65145923546352
3003144,2203.0080496933897
3003145,7.878849654469755
3003146,0.48178262521828347
3003147,19.63254794809687
3003148,12.486696294452933
3003149,0.06029776473230234
3003150,134.51612026896817
3003151,0.6935299349253137
3003152,2.42522577203673
3003153,3.6723750049044814
3003154,41.794434719282584
3003155,2.151339885418268
3003156,125.62752475531796
3003157,123.1504625983625
3003158,0.8684199202777143
3003159,4.152782900811064
3003160,112.22554477463838
3003161,32.34408683599746
3003162,467.052343106803
3003163,8.719810796476951
3003164,1.2640290487704129
3003165,1.3557507925745107
3003166,0.02425419242548031
3003167,2.146059261747339
3003168,1280.1133499429432
3003169,0.015681372664004396
3003170,248.7163444726387
3003171,11.937338228187823
3003172,475.7683333617069
3003173,408.77609480645066
3003174,106.75930695810783
3003175,39.96026756735539
3003176,52.833234869303105
3003177,1800.5741179476217
3003178,19.58461754601392
3003179,0.39710515178542827
3003180,11.298679156369454
3003181,11.776633145421526
3003182,0.085308846656607
3003183,114.79400187971352
3003184,7.9051792971053905
3003185,2.043759725507463
3003186,3.8268579130288103
3003187,53.09571907599363
3003188,3.408184021162628
3003189,600.6026989228893
3003190,121.72453876530331
3003191,2.4425578620981043
3003192,3.9861657537264814
3003193,247.64874507020312
3003194,28.58370248582255
3003195,986.55522644328
3003196,1.4713300991055018
3003197,5.667090897857209
3003198,2.9487409918725556
3003199,0.27698768243524563
3003200,4.328761245492118
3003201,2886.2820106631566
3003202,0.08293764405344192
3003203,788.711923046854
3003204,16.07124593590013
3003205,1216.1825846929273
3003206,1145.3949471890296
3003207,274.50555318695905
3003208,208.42691262037428
3003209,159.62649830916754
3003210,3962.225787340692
3003211,32.72592879791581
3003212,0.8730908476526147
3003213,21.571499664272693
3003214,39.97365408147998
3003215,0.09228293541845521
3003216,289.2782959513412
3003217,9.296663456683936
3003218,48.291848520710445
3003219,9.063416998412968
3003220,88.69608665979894
3003221,11.523621308001662
3003222,414.06185792545494
3003223,268.9724212170515
3003224,14.480070937173224
3003225,6.801665251459011
3003226,548.0714529341074
3003227,119.27510770934268
3003228,2850.765642667045
3003229,4.777079264928496
3003230,21.127115590651144
3003231,2.0707640551600672
3003232,0.1085454446823718
3003233,1.5939683837896668
3003234,1508.2519219375813
3003235,0.007131990904819004
3003236,261.5878012771913
3003237,4.603538046083705
3003238,336.05740739617556
3003239,401.029363362774
3003240,108.19414506473385
3003241,78.06986163886219
3003242,55.135837644551536
3003243,1384.4665428234582
3003244,15.419614523982837
3003245,0.5279414924366641
3003246,9.7218137822365
3003247,12.020745552447057
3003248,0.05254132090324844
3003249,84.90274091137402
3003250,0.046987512356723354
3003251,15.779362689295443
3003252,2.0112446618728534
3003253,133.74308955738306
3003254,4.185576892745173
3003255,145.8931717808278
3003256,88.82747277945262
3003257,3.0238755546525367
3003258,5.51975110634385
3003259,123.67972802328383
3003260,27.25051466107538
3003261,1010.1664365447504
3003262,1.7323257299950645
3003263,1.8264928200005766
3003264,2.9630881835596705
3003265,0.01631485018603953
3003266,0.10155067873894034
3003267,766.740662692607
3003268,0.012144595378575391
3003269,180.32689801163335
3003270,5.330979224419884
3003271,320.82804536379797
3003272,193.62983384306025
3003273,77.64228576893328
3003274,24.061376203379897
3003275,29.111559408846322
3003276,1286.1625175871347
3003277,8.66505199917996
3003278,0.4525649699288836
3003279,11.438057369112931
3003280,6.311800990165451
3003281,0.1381029273914333
3003282,63.37158297885441
3003283,0.21235311576341384
3003284,5.0027122817744685
3003285,0.4199750627121374
3003286,19.767744239087033
3003287,0.19573069487859013
3003288,203.68579431577933
3003289,96.53683047567809
3003290,1.6479948711772936
3003291,0.7318174504140964
3003292,102.26075206858002
3003293,13.700223176246023
3003294,410.82278507975565
3003295,1.4400219488267247
3003296,1.1943497847058513
3003297,4.686436139182466
3003298,0.14254002166803476
3003299,2.5280161434449586
3003300,2466.260963378498
3003301,0.1288912579355333
3003302,501.0572202872888
3003303,13.465920066498105
3003304,695.6806997850636
3003305,732.8790962066774
3003306,217.3556790523487
3003307,178.03483035647548
3003308,86.71553133654452
3003309,3117.106484743228
3003310,18.202802360558028
3003311,1.8050894361340815
3003312,17.40721792573953
3003313,24.48124385427142
3003314,0.23030689266658155
3003315,193.26473610640596
3003316,3.996495003527877
3003317,24.63151568954207
3003318,4.7890170473207565
3003319,89.70637693139533
3003320,3.3796468469637975
3003321,221.45289752166403
3003322,170.70408060588545
3003323,7.9015479355363905
3003324,6.82075718232329
3003325,285.0463895062734
3003326,61.368891919583085
3003327,2092.926142773104
3003328,1.2247116768665565
3003329,10.842815465284842
3003330,5.527586782395812
3003331,0.062273544349804553
3003332,3.0796283692792983
3003333,2715.5573030234045
3003334,0.020592393680449204
3003335,488.6874908575967
3003336,12.539558337347325
3003337,988.440027980645
3003338,678.2482702279334
3003339,288.87944246168064
3003340,187.88665923858696
3003341,57.19171980719895
3003342,3504.982594083729
3003343,10.659376150515646
3003344,0.6635510622251873
3003345,28.379399721954155
3003346,13.881339981425532
3003347,0.23994593293184371
3003348,235.91975758711405
3003349,0.005999704085256614
3003350,4.660933695915183
3003351,3.7262857960279856
3003352,35.25304738401345
3003353,0.9462693483948436
3003354,293.2221893301895
3003355,243.77231102468474
3003356,3.6160187703521993
3003357,2.852802346811702
3003358,174.48009934548313
3003359,67.807575587693
3003360,1403.940711147269
3003361,1.2375734189019407
3003362,1.9881720214966008
3003363,5.009505058553592
3003364,0.33301299114025346
3003365,2.461652724056929
3003366,2552.600557522609
3003367,0.023310505479149677
3003368,525.2761256989219
3003369,10.46955092471179
3003370,844.3769541784344
3003371,536.8691948995984
3003372,216.1571422339552
3003373,143.4844176834555
3003374,50.86238504467415
3003375,3314.413259409348
3003376,13.093356204717725
3003377,0.7326617932661132
3003378,19.885107274784424
3003379,17.376231775836555
3003380,0.07280085206856084
3003381,219.27343293942832
3003382,0.0025825949007169794
3003383,4.0396260767594825
3003384,3.4404217162288147
3003385,72.68792080920915
3003386,1.184592623288882
3003387,147.2949412909478
3003388,196.89703847038888
3003389,3.9746673062210163
3003390,3.4693052982645085
3003391,167.8811921664111
3003392,50.2175534370136
3003393,1001.1825399681545
3003394,1.0719326885111218
3003395,3.613124203853809
3003396,8.361416809652109
3003397,0.8864574730874439
3003398,12.721196878687838
3003399,6942.696934074198
3003400,0.06997282051238357
3003401,1093.393614271076
3003402,43.57915239294959
3003403,1770.4782032690441
3003404,1731.6807470710996
3003405,298.496547990505
3003406,373.2110888148301
3003407,292.3892320106174
3003408,6386.983821515613
3003409,65.63976926495076
3003410,2.572578789513315
3003411,47.568448701240754
3003412,51.15045954541747
3003413,0.7023334348783068
3003414,414.03106121061387
3003415,30.456052592925012
3003416,45.4413950792538
3003417,20.7631396796654
3003418,209.7271078503656
3003419,23.40327615490395
3003420,583.7719098824632
3003421,399.1744812651042
3003422,14.573159335781936
3003423,20.777660458660595
3003424,890.6797427704903
3003425,261.96747248295816
3003426,6047.725838596064
3003427,2.879525828255835
3003428,63.45707515695971
3003429,2.539762795489434
3003430,0.23547372638549394
3003431,0.5448736728921418
3003432,1414.9710459750265
3003433,0.023493289489290498
3003434,152.91881835515372
3003435,3.800006979867997
3003436,1050.976080907271
3003437,249.82732673919386
3003438,104.55586051534247
3003439,133.82848992367124
3003440,39.006939172959456
3003441,2310.480264103206
3003442,4.009510478072016
3003443,0.3916966632179805
3003444,12.521685999086287
3003445,8.724977026690372
3003446,0.2088060823401473
3003447,141.97333616849906
3003448,0.27981343173558765
3003449,2.9569266911518297
3003450,2.693470790457847
3003451,39.29053149434349
3003452,0.49717759274125795
3003453,146.93772485696923
3003454,103.03716916645749
3003455,1.5784345158634503
3003456,3.825121045882375
3003457,106.92586349248513
3003458,18.367562132301597
3003459,541.8908120868026
3003460,2.1575472608308908
3003461,3.6802300018709393
3003462,5.79790498326814
3003463,0.188437215175896
3003464,2.073854566238142
3003465,2569.828793686563
3003466,0.020218214019631687
3003467,423.7681529508933
3003468,9.833377032281302
3003469,1259.399601385315
3003470,506.21739739957627
3003471,203.39776278158462
3003472,227.58912810169383
3003473,81.88947409990698
3003474,3802.5953461861345
3003475,12.65144628052912
3003476,0.2727921421303609
3003477,17.558350321951867
3003478,16.609747198228103
3003479,0.08105872622314281
3003480,243.2265156716012
3003481,0.758614062282384
3003482,3.502173942562972
3003483,6.913504849140936
3003484,16.371089602262913
3003485,1.1996488466228363
3003486,595.0812222489452
3003487,206.3638625655745
3003488,3.009982731999037
3003489,5.795620379360923
3003490,143.92482346654376
3003491,52.95718639439416
3003492,1130.5798769999046
3003493,2.135475858592904
3003494,3.824549860623119
3003495,0.9626573447514637
3003496,0.012523360393056461
3003497,0.13582498075361793
3003498,1011.2368820897078
3003499,0.011087683954105513
3003500,112.62428661327687
3003501,2.6776975394272897
3003502,666.5311913630245
3003503,147.9111045667659
3003504,80.96400045082235
3003505,163.20159255085497
3003506,15.894261692161653
3003507,1490.6635723304557
3003508,1.2508309688015444
3003509,0.2133029898404237
3003510,7.792485501999446
3003511,2.719617988311574
3003512,0.02526604758781926
3003513,79.3782539011846
3003514,0.01563053925399216
3003515,1.9934107638493297
3003516,0.5798798279506268
3003517,17.91373075206396
3003518,0.1959242201861185
3003519,129.2874960214422
3003520,68.99465121803024
3003521,0.439061652651006
3003522,0.9543655673648521
3003523,50.914846661540615
3003524,9.535043277398843
3003525,181.72007884668545
3003526,1.1763758933178503
3003527,1.3370442530994577
3003528,6.991674101151231
3003529,0.023195020402171578
3003530,2.08271964239259
3003531,1594.4377387108339
3003532,0.011206583086511786
3003533,208.87162412930067
3003534,7.319182912837113
3003535,765.5227242786646
3003536,321.8829374478869
3003537,152.89795961139652
3003538,105.87343436459966
3003539,46.24183060838529
3003540,2426.2721896696003
3003541,2.3342946446739576
3003542,0.42406019525323685
3003543,21.729131472871945
3003544,11.813816316440004
3003545,0.0632963565641761
3003546,163.672792130415
3003547,0.019196040086964593
3003548,4.301204766852955
3003549,10.13935632627556
3003550,28.142805928010763
3003551,0.9933007225754259
3003552,387.345094734841
3003553,158.4819347031521
3003554,1.2381744132427854
3003555,3.4421719511639535
3003556,187.66762631594636
3003557,25.27466331543284
3003558,1092.8293535417604
3003559,3.505455140147215
3003560,0.6927296889754201
3003561,2.4842532662073076
3003562,0.20463326495722836
3003563,2.6185320066997293
3003564,2167.652161262638
3003565,0.02799341141230956
3003566,574.1708815260868
3003567,7.1133401622374555
3003568,773.1345903484903
3003569,546.7019131308808
3003570,205.53070702558728
3003571,95.24857991163606
3003572,65.88761995811566
3003573,3508.32752073415
3003574,7.063370067073055
3003575,2.9640392063214716
3003576,29.182613689260307
3003577,34.51518748825564
3003578,0.13245527280649852
3003579,187.88024014054977
3003580,2.4709081872499516
3003581,4.920343777044273
3003582,2.8303223806271722
3003583,31.307227120456915
3003584,1.8626383901781904
3003585,250.38871169942507
3003586,217.61267275352196
3003587,3.322040902404816
3003588,5.581607820073379
3003589,135.62223443493295
3003590,34.81920258919142
3003591,712.3535045806839
3003592,1.7502169731676978
3003593,2.520106373858497
3003594,3.3263446918541586
3003595,0.037858885289735106
3003596,0.06327257040829279
3003597,1209.3140451465158
3003598,0.010450605316147013
3003599,88.36030529333651
3003600,2.492426678991352
3003601,402.6612117167186
3003602,154.91078934548958
3003603,76.10617770713027
3003604,86.71246981435036
3003605,33.310517345454365
3003606,1566.1229542852666
3003607,3.1730405052819255
3003608,0.24094129268197823
3003609,8.816074409377986
3003610,4.705938645136836
3003611,0.06655010023755015
3003612,83.25363600816786
3003613,0.010958939520004537
3003614,3.1620063989335296
3003615,0.5255944713766473
3003616,25.51201981698599
3003617,0.3915165349618802
3003618,315.44573103526494
3003619,69.32638885820221
3003620,0.6306289568551368
3003621,0.5474861025991795
3003622,53.361726153877115
3003623,14.265001641266517
3003624,358.16689447912705
3003625,1.5938520938030174
3003626,0.18224352413248912
3003627,3.35143035147905
3003628,0.047848558681290475
3003629,2.0715689337554073
3003630,2723.8090938764453
3003631,0.022428033063138418
3003632,425.63152071976623
3003633,6.752714131798323
3003634,730.2497245682135
3003635,470.13652207594606
3003636,168.50057206510752
3003637,141.59275156555609
3003638,65.97303706891672
3003639,3213.490953256217
3003640,6.359673023694976
3003641,0.3347345179384204
3003642,14.655958734438233
3003643,9.542578606459847
3003644,0.13715181575391153
3003645,174.7001877740068
3003646,0.0248384029857339
3003647,20.88113769733795
3003648,1.9770687931373305
3003649,39.08014770661445
3003650,0.8007257268860711
3003651,410.37968709171264
3003652,177.2191917324943
3003653,1.6147006283313787
3003654,3.6049299454437027
3003655,107.95938832167364
3003656,39.38338788434102
3003657,1195.7508686584251
3003658,3.0291041903916325
3003659,0.7055390729973062
3003660,2.836002205161607
3003661,0.011848364461684444
3003662,6.5019861944385475
3003663,2463.99725655946
3003664,0.023536306585017427
3003665,518.7516723687331
3003666,8.558487990551706
3003667,913.5943225003988
3003668,798.4485537989688
3003669,146.70891239996692
3003670,107.60510732442894
3003671,116.90663158706465
3003672,3335.277145137997
3003673,57.5475595387343
3003674,1.19251927799902
3003675,25.332073875964497
3003676,22.34706848425675
3003677,0.25503298453245693
3003678,231.10093621168681
3003679,17.74643036868909
3003680,22.473532635919998
3003681,1.7850016109399764
3003682,107.7009621852122
3003683,8.374797822071978
3003684,210.56299694738794
3003685,203.86858233390052
3003686,9.090187105539671
3003687,12.197069484383674
3003688,241.37498331773608
3003689,81.01434788235291
3003690,2316.8247361584777
3003691,4.100315031210984
3003692,10.566108607704148
3003693,4.4650282302931315
3003694,0.022950573377927913
3003695,7.221057708463202
3003696,2053.913529907069
3003697,0.02369241141226042
3003698,377.1085154340879
3003699,12.16962004690801
3003700,914.4107088482226
3003701,594.440243370198
3003702,127.5833269539124
3003703,65.48936334050664
3003704,90.78728630685012
3003705,3016.2336920580096
3003706,22.300125809765376
3003707,1.0131272610604627
3003708,29.171310772218153
3003709,40.97895075818326
3003710,0.03280077492399667
3003711,258.9734867679172
3003712,14.531621088098522
3003713,17.868799329402627
3003714,5.6397169087777455
3003715,86.80126078445106
3003716,8.295042207876419
3003717,141.1940638640812
3003718,269.656342930235
3003719,5.672895282301739
3003720,7.9221978536609186
3003721,99.39838383041423
3003722,70.08742256160741
3003723,1597.7334859414404
3003724,3.2099141246023417
3003725,11.078095478746429
3003726,6.509105857332762
3003727,0.1949679355138979
3003728,3.40666819022828
3003729,3304.5649629799677
3003730,0.01853813320123278
3003731,634.5604058548435
3003732,7.479569535069744
3003733,1589.082710131385
3003734,574.6713312317344
3003735,183.4962645253326
3003736,231.49698807592574
3003737,59.71597273775754
3003738,5002.3283675376415
3003739,33.577659890185565
3003740,0.9984070263071704
3003741,20.649652797227162
3003742,15.284168809070831
3003743,0.05555381738541531
3003744,258.31602174888314
3003745,3.6080337939087226
3003746,11.368303906247759
3003747,3.4097175787876837
3003748,55.61214315130726
3003749,3.4719727780407523
3003750,236.2174163382033
3003751,265.3843108057636
3003752,6.021044731221464
3003753,7.639610388332021
3003754,224.162408560005
3003755,53.16156565477993
3003756,1572.511748209426
3003757,12.135703339731421
3003758,11.99717507031729
3003759,2.502060234495649
3003760,0.167426603464579
3003761,5.030891643100828
3003762,1950.3164275565155
3003763,0.08380939941340165
3003764,303.3491853297295
3003765,6.667251796070461
3003766,653.5669147637108
3003767,592.8938923040521
3003768,165.7983578004698
3003769,99.71677634473485
3003770,69.98027200559717
3003771,2682.2878747685013
3003772,19.084989086231637
3003773,1.0647390424637198
3003774,9.592247585682674
3003775,9.45891534862251
3003776,0.17863395747462138
3003777,214.02978593823354
3003778,13.988127289978577
3003779,15.52949755679829
3003780,1.0725440893325011
3003781,60.804422913967315
3003782,5.271847482888911
3003783,305.28063118691284
3003784,178.74027584046382
3003785,4.771549370695941
3003786,7.093296535142463
3003787,264.87652536942124
3003788,37.02244871252725
3003789,1690.1089594975988
3003790,3.0232505045200475
3003791,18.797705769775828
3003792,3.1713425070538617
3003793,0.2386849282971955
3003794,3.1906777221548164
3003795,3604.719724328706
3003796,0.021505352452773716
3003797,334.1415365441283
3003798,6.437553783330385
3003799,1726.826807954935
3003800,499.71352990624723
3003801,228.5552083936258
3003802,133.83209130661413
3003803,68.07374643218111
3003804,4373.48036531116
3003805,10.795418691118561
3003806,1.1073515062409414
3003807,25.520363110434246
3003808,18.66344805746901
3003809,0.15620350652239667
3003810,297.46356462395
3003811,0.025625305234377303
3003812,4.315976947819348
3003813,6.362032455768573
3003814,32.310559671668436
3003815,1.7582760317941843
3003816,166.30154623201275
3003817,258.86780937199717
3003818,3.158326543366556
3003819,8.60405599899931
3003820,147.85147479868425
3003821,47.24939593386176
3003822,1058.616487474937
3003823,4.3076390515369996
3003824,5.252758350214893
3003825,5.091162862048633
3003826,0.0877667691301982
3003827,5.332808915461958
3003828,1921.0794452918833
3003829,0.019513516503166066
3003830,386.22693758219117
3003831,9.753719135239525
3003832,1155.3220909726579
3003833,544.028169527187
3003834,175.88382155663786
3003835,90.65703771083149
3003836,124.63295545164644
3003837,3213.0269416403457
3003838,33.14422554292522
3003839,0.9072465292209223
3003840,19.90756210299257
3003841,23.32425217350727
3003842,0.13286189807105936
3003843,190.76913692424944
3003844,12.403886907860823
3003845,17.92438967905325
3003846,6.218640837931542
3003847,76.95968383745947
3003848,8.72467477863534
3003849,166.30783619430014
3003850,303.2741006342202
3003851,12.370478535147027
3003852,6.866179927529003
3003853,150.58196177171206
3003854,48.9359361676783
3003855,1657.3023029122728
3003856,1.5585356549015574
3003857,5.726591629888124
3003858,2.682985002984131
3003859,0.11706964025826362
3003860,3.103877570706968
3003861,2532.306684247976
3003862,0.07150594026745055
3003863,499.75778941425017
3003864,9.041446656874275
3003865,753.3692412856458
3003866,845.0687118790505
3003867,173.0526862941416
3003868,128.85172502396142
3003869,107.22718475634474
3003870,3249.196548788237
3003871,32.058988165914684
3003872,0.7647967182308458
3003873,16.08119347282993
3003874,14.480543767156698
3003875,0.12875305647725288
3003876,205.14787311413923
3003877,15.149460057149797
3003878,35.67473530619221
3003879,4.1875045492588265
3003880,85.43185562576905
3003881,6.183755069886651
3003882,254.31603740635757
3003883,189.30677618717317
3003884,5.607906823003773
3003885,7.159985525602983
3003886,237.1062337163429
3003887,60.55228025920997
3003888,2014.2942601072054
3003889,4.641981119480107
3003890,14.155047259589074
3003891,2.9479530875374134
3003892,0.10736011212691574
3003893,3.4317357457223285
3003894,4224.475860777614
3003895,0.0
3003896,468.59359100374536
3003897,11.585354714242474
3003898,941.0129528119442
3003899,507.1872348187035
3003900,216.68788561734254
3003901,139.2422752647568
3003902,46.64673068078916
3003903,3800.503542137457
3003904,6.803739663309077
3003905,0.20723397975653682
3003906,10.900706829171675
3003907,12.425279726043584
3003908,0.05040700957518055
3003909,186.3557449950663
3003910,0.0
3003911,5.7729759642812795
3003912,0.8272103441911205
3003913,56.325284615514256
3003914,1.9876833353847807
3003915,226.26172186409062
3003916,217.5500039658701
3003917,2.4442810887680406
3003918,1.6472727307927972
3003919,195.22805698181008
3003920,112.75361089219535
3003921,1024.0627314710794
3003922,2.0915633736320447
3003923,0.36898259008919476
3003924,13.040002242006274
3003925,0.025875773191540274
3003926,12.702404955923852
3003927,8207.601222973117
3003928,0.06483388740152608
3003929,1401.7497013152706
3003930,30.836301771725097
3003931,2023.890208549368
3003932,1969.5620941703014
3003933,421.47922215584833
3003934,436.62023855527633
3003935,387.653665223969
3003936,7640.42179961191
3003937,90.02473612069207
3003938,3.911727943913445
3003939,102.4750207010552
3003940,89.63107307733527
3003941,0.586366293685993
3003942,560.1536598638426
3003943,23.446923650140835
3003944,21.09064148986529
3003945,37.95591285612723
3003946,348.44905423207217
3003947,22.533229715066888
3003948,703.6621236576477
3003949,413.3965400339638
3003950,31.67648372711467
3003951,31.889449615064862
3003952,919.1495813320005
3003953,301.8098723537087
3003954,6945.669359765663
3003955,293.7289954127071
3003956,72.3174286937684
3003957,11.823091882626837
3003958,0.033231747148564056
3003959,10.110544734089027
3003960,7634.202927563092
3003961,0.0835850270789367
3003962,997.9609740103052
3003963,28.59199659543153
3003964,2094.2077677396474
3003965,1691.7994453748015
3003966,513.1161615005224
3003967,261.04638983705746
3003968,244.69119944524675
3003969,8032.156598905704
3003970,116.0642431900158
3003971,1.4385790802785117
3003972,50.32642648118594
3003973,68.83289795470223
3003974,0.4986927911719724
3003975,515.6025170939497
3003976,21.623445424805293
3003977,32.13166638786447
3003978,6.030729791981348
3003979,196.97113979203385
3003980,16.389597915234617
3003981,805.3897706368698
3003982,504.9310641899226
3003983,17.711565399093974
3003984,23.47787673643869
3003985,866.0899855906193
3003986,201.9278161147975
3003987,4449.838232615194
3003988,270.92760042476647
3003989,57.17372997283979
3003990,9.738291705052369
3003991,0.01951919666868052
3003992,13.71522688070665
3003993,4665.739516467268
3003994,0.08739160882391596
3003995,757.020377601902
3003996,15.43965695501205
3003997,1827.1212204012688
3003998,1233.313058328011
3003999,598.3531246832838
3004000,101.02073681384859
3004001,179.8873411642449
3004002,6798.764495210244
3004003,37.042580463778705
3004004,1.3344611420890613
3004005,36.13896644568035
3004006,18.5957881510607
3004007,0.33500373790152793
3004008,496.6306368817749
3004009,20.397957962071807
3004010,20.018967884759153
3004011,10.646893064134094
3004012,110.65112497077536
3004013,8.070506496234232
3004014,818.9143048038737
3004015,511.3612907811412
3004016,17.26451613185403
3004017,31.105282286024934
3004018,574.9009494673845
3004019,112.77327290927785
3004020,2051.4565546247663
3004021,89.82923557490113
3004022,32.95203151501793
3004023,12.793725689152433
3004024,0.022420242523510717
3004025,16.449261421643843
3004026,6485.470793885608
3004027,0.08064146239315471
3004028,901.4988856645089
3004029,24.091585554924663
3004030,2003.671381717822
3004031,1665.2331638780831
3004032,520.1210668195998
3004033,262.5374552236643
3004034,215.6147394221793
3004035,8130.548186267497
3004036,53.92008810714686
3004037,1.3870902757043742
3004038,46.90094346256215
3004039,66.21985332672476
3004040,0.21348448587084343
3004041,558.0495429515946
3004042,24.35689837996985
3004043,27.204400782297935
3004044,17.14131410150658
3004045,183.61123971497733
3004046,12.144686442037191
3004047,686.0260817861656
3004048,539.5009301345091
3004049,20.11281259521032
3004050,23.697416700818643
3004051,838.4509054096447
3004052,187.91916413855537
3004053,4446.103455063376
3004054,161.66890555763607
3004055,54.123617133453884
3004056,9.490098151430137
3004057,0.004447475396595486
3004058,14.946442255559928
3004059,3600.0630074759056
3004060,0.009305725447795553
3004061,619.5341129646479
3004062,15.166463326097714
3004063,1645.8426622916502
3004064,926.6157735388044
3004065,449.2688563755011
3004066,78.31352601716381
3004067,119.57967845509904
3004068,5893.342397722413
3004069,38.78413563230191
3004070,0.46728211141815373
3004071,25.872721979700398
3004072,27.623629234619475
3004073,0.07218466532118153
3004074,469.18970109670283
3004075,14.575085120109712
3004076,9.31007334002976
3004077,11.357650371335605
3004078,87.20166975347277
3004079,3.830417915368405
3004080,615.4610346582235
3004081,533.0765381722963
3004082,12.963980498436518
3004083,16.767464721476966
3004084,575.0178634771775
3004085,70.49305699429236
3004086,1469.0083350413595
3004087,397.67986602187443
3004088,14.696393679610926
3004089,9.197534747677654
3004090,0.030900842198411427
3004091,8.752489279838844
3004092,5871.346085620949
3004093,0.04654058524281296
3004094,998.1473811504247
3004095,25.613346064736763
3004096,1572.9272100499063
3004097,1808.4734605953608
3004098,368.2345534115547
3004099,356.5769653130457
3004100,296.556189115964
3004101,6502.817122569267
3004102,67.06016358793863
3004103,1.4506619633224684
3004104,51.38375972531014
3004105,49.35110986102104
3004106,0.4084972648693276
3004107,399.41232612207534
3004108,15.140130636185997
3004109,26.41014603419494
3004110,12.457364740839267
3004111,235.44820143379542
3004112,15.26439268398553
3004113,631.6436604076417
3004114,384.61302980402365
3004115,16.073551478324354
3004116,27.624907730196597
3004117,789.216007804168
3004118,187.69811424091392
3004119,5884.923509738067
3004120,135.65772807447192
3004121,63.13651777427414
3004122,4.451288867150181
3004123,0.1925289320418874
3004124,5.250012902508387
3004125,1591.560184418605
3004126,0.017739064942129585
3004127,301.27895464070787
3004128,19.58811667261872
3004129,990.5888618856804
3004130,452.64806028605216
3004131,196.74799296101946
3004132,63.050207171348426
3004133,78.55466958985743
3004134,2415.1963430186643
3004135,35.10321497065474
3004136,0.6780190132881537
3004137,24.526715993325194
3004138,21.44503292164907
3004139,0.1700407553055364
3004140,219.85593999415926
3004141,9.356186772284513
3004142,8.421729467182917
3004143,9.56297688542639
3004144,57.25187378744308
3004145,5.82013987699376
3004146,219.29509917283787
3004147,199.5700179220692
3004148,2.7723276193699795
3004149,6.311158508944136
3004150,177.71997371628893
3004151,52.90958067121665
3004152,1303.624145240708
3004153,1.6014688433975643
3004154,7.769880511890722
3004155,7.288019771949964
3004156,0.03611677288229186
3004157,12.35389723885983
3004158,3833.8071825013913
3004159,0.05506294163966658
3004160,504.147991910153
3004161,28.662352570209684
3004162,1444.0863769180644
3004163,918.5708373031033
3004164,380.68399087140745
3004165,77.5012705565485
3004166,144.49293494311078
3004167,5400.821241961935
3004168,84.22326237281005
3004169,0.8902631969776446
3004170,46.400742550608676
3004171,27.528277685815677
3004172,0.22496287486968253
3004173,380.56065311491403
3004174,13.522746035037548
3004175,5.697254387590827
3004176,2.571939227925032
3004177,143.29738275613943
3004178,7.4612721039350625
3004179,425.4419235118554
3004180,390.1858862992075
3004181,9.065356653697952
3004182,17.574445879879377
3004183,327.67725588069135
3004184,72.62937317847057
3004185,1841.8227054591623
3004186,137.98780008095818
3004187,13.869959649666432
3004188,6.051161743778104
3004189,0.030174815456850596
3004190,4.67450493380771
3004191,3670.1452879310955
3004192,0.06015414371811564
3004193,742.3007362620688
3004194,7.957099603456845
3004195,1179.06467845842
3004196,1223.3739342683646
3004197,205.6442637437745
3004198,254.40442039818552
3004199,187.33874861035164
3004200,4124.335033593324
3004201,27.702267935835
3004202,1.0531838801476334
3004203,23.94971426126388
3004204,35.245081192739114
3004205,0.41985855030776326
3004206,284.89224832933655
3004207,1.1949766176107137
3004208,35.86088969002745
3004209,4.657502898024454
3004210,112.49295354088638
3004211,9.171583156946236
3004212,473.4620588773284
3004213,208.61616290907764
3004214,17.27608308495528
3004215,10.084524011054103
3004216,532.9591847617721
3004217,100.24104892408808
3004218,4385.242148892999
3004219,2.954358756081978
3004220,32.246040755671345
3004221,9.237372484255097
3004222,0.03376408987882278
3004223,5.098359831915842
3004224,3782.364508058062
3004225,0.019386020671822417
3004226,632.1654641840539
3004227,9.812511224723954
3004228,1337.638092429939
3004229,881.4348102027279
3004230,285.13704579338844
3004231,162.56590778346683
3004232,264.9013140059654
3004233,4632.219251476933
3004234,40.063486033148735
3004235,2.5047050192092204
3004236,35.524058854839815
3004237,37.85731576045892
3004238,0.22758596808997486
3004239,293.6438789586397
3004240,6.070763885683509
3004241,54.36511400109177
3004242,6.390054995950973
3004243,222.8989478941848
3004244,8.09562542412936
3004245,405.2207971822563
3004246,269.74337121938345
3004247,13.643230664042497
3004248,19.509573706303694
3004249,382.9095921771104
3004250,106.00372919425996
3004251,3701.593388734464
3004252,3.2520755367520238
3004253,6.679358210883757
3004254,6.686984494698888
3004255,0.06726732970707906
3004256,2.2648243973267634
3004257,1638.6794085032734
3004258,0.004154540899831487
3004259,369.4238016367661
3004260,5.5020103969745335
3004261,745.7771320596559
3004262,390.26900337581463
3004263,179.75026755167448
3004264,64.65733377201569
3004265,73.47411173516596
3004266,2310.235900749655
3004267,12.613690692600146
3004268,0.8154200491308388
3004269,16.805450299592056
3004270,20.299750878361596
3004271,0.08468268663543846
3004272,174.75238072673352
3004273,2.882857390489843
3004274,9.683966723015716
3004275,3.8321356031199074
3004276,65.11116221604854
3004277,2.816348095413198
3004278,201.1036133478441
3004279,168.57101544136398
3004280,4.470858834056879
3004281,4.7761085037729645
3004282,141.989323048319
3004283,46.208234890533824
3004284,1352.2251012377976
3004285,1.2031744051742204
3004286,2.3775744783205104
3004287,4.722568596663722
3004288,0.01776525023526881
3004289,0.7578254805595764
3004290,2354.830849351927
3004291,0.001296720213358086
3004292,188.50043319036413
3004293,2.829038510501405
3004294,833.6373497172967
3004295,191.2170587989896
3004296,175.08764617633702
3004297,46.27301253001969
3004298,23.434704539688937
3004299,2470.823694607718
3004300,5.265242788402491
3004301,0.4151061887327907
3004302,14.856155814130675
3004303,9.307565481654924
3004304,0.02880687836550381
3004305,163.21944198528604
3004306,0.01838143603015018
3004307,2.952163761911237
3004308,2.1874663895250888
3004309,16.36391794957991
3004310,0.6379311312841506
3004311,57.30954922832963
3004312,133.65749484389787
3004313,0.14081005490338633
3004314,1.4055866121061258
3004315,55.8773442606429
3004316,67.5606829798257
3004317,579.9121633269641
3004318,1.8938446217587293
3004319,1.380417420516619
3004320,3.416625436250551
3004321,0.0856841657994099
3004322,5.394288440214509
3004323,2868.500920903033
3004324,0.008663110798023269
3004325,463.16136476449844
3004326,11.99116019922361
3004327,1123.025415044137
3004328,788.4909529829606
3004329,264.1631902603153
3004330,124.43513194886619
3004331,113.80794427490453
3004332,4064.1463719362096
3004333,28.509971279333524
3004334,0.7748466438612154
3004335,24.62925260677075
3004336,44.26176376319754
3004337,0.04591917725902923
3004338,283.05171560230673
3004339,17.749746678169124
3004340,13.759169121308949
3004341,14.479262983721815
3004342,67.04532048068411
3004343,5.86553441384796
3004344,368.9480612185102
3004345,247.1992550132932
3004346,7.491455332626371
3004347,10.40941779157441
3004348,409.7450806898026
3004349,75.86991283827837
3004350,1953.486369001617
3004351,5.286438562415744
3004352,24.00726233647172
3004353,4.630081421305685
3004354,0.14742559443210726
3004355,3.799338549957223
3004356,3712.048475129225
3004357,0.09090147116114296
3004358,641.6899129682932
3004359,14.253966077765126
3004360,1090.6981215479955
3004361,1041.331862253679
3004362,193.16769050472277
3004363,248.65012168005097
3004364,226.17516238242516
3004365,4338.214885491333
3004366,45.445085974997774
3004367,2.4277009681138697
3004368,22.86018981103109
3004369,21.923450068912857
3004370,0.7119657438228731
3004371,223.29540938469262
3004372,11.485039395179449
3004373,40.0690035521149
3004374,6.203651254032271
3004375,151.60398133633655
3004376,8.875638768446223
3004377,436.80958494422595
3004378,248.33172478094036
3004379,4.8540546023669835
3004380,9.573547586997137
3004381,590.6657565993085
3004382,134.61371048466188
3004383,4708.54245770477
3004384,3.2071014638733595
3004385,33.075337342274246
3004386,3.4928029996888443
3004387,0.1990596382274088
3004388,7.094162839939228
3004389,3493.2981058615355
3004390,0.08416339624973734
3004391,733.2514798864754
3004392,18.05202178233023
3004393,1045.6666016093648
3004394,1028.6776820498058
3004395,239.68574602785762
3004396,238.36478798370823
3004397,131.8067516441793
3004398,4542.87874825143
3004399,32.859107326380766
3004400,2.5601683214290043
3004401,28.912188751880535
3004402,35.1618922669116
3004403,0.1420029218262347
3004404,285.40900764695294
3004405,21.897742645338113
3004406,30.055337093062047
3004407,19.295585875277503
3004408,130.34926560803729
3004409,14.571531215987067
3004410,392.5370273822952
3004411,259.9496338114537
3004412,11.679591521807275
3004413,15.460908043048901
3004414,442.97363404346396
3004415,132.99763523596087
3004416,3270.808409165823
3004417,3.836015780314755
3004418,30.54229236411658
3004419,9.290018116906772
3004420,0.184234264713767
3004421,5.504169154950469
3004422,2743.376479158979
3004423,0.016699679652044573
3004424,470.9630960707257
3004425,12.159459124562117
3004426,1351.2106277575458
3004427,676.9689734942697
3004428,443.8700019690308
3004429,132.6216645710342
3004430,77.02687230327905
3004431,4971.5501174950905
3004432,10.786540590596665
3004433,0.9249057317615157
3004434,36.07392904861709
3004435,29.641256544288137
3004436,0.04217818775974249
3004437,350.1295113416632
3004438,9.126019902651946
3004439,4.505006270207284
3004440,7.981492515245266
3004441,40.35761974757616
3004442,2.8821156779337334
3004443,525.0139072414551
3004444,361.3143749293532
3004445,5.903974824372624
3004446,6.0845115944845425
3004447,338.2499809079666
3004448,85.96041885377252
3004449,1306.3092677670827
3004450,118.27215820367634
3004451,11.641825871804743
3004452,4.173914663471831
3004453,0.03274970821215653
3004454,4.307353258573296
3004455,2462.946116261884
3004456,0.14904980303955745
3004457,419.5872508842805
3004458,20.945794577524186
3004459,781.2975450302685
3004460,762.1466888659008
3004461,172.68284899272422
3004462,158.66900987249193
3004463,140.79288843556898
3004464,2738.338300583919
3004465,26.72728336383218
3004466,1.494710912036467
3004467,22.067061210281352
3004468,22.02842258463021
3004469,0.3897533406256266
3004470,185.0999825491822
3004471,11.343866437128248
3004472,25.780888423816922
3004473,5.553443455051862
3004474,132.9619444358054
3004475,6.457189017091679
3004476,619.9684230372634
3004477,146.72784076764447
3004478,4.614877890454015
3004479,9.969205831413591
3004480,526.26252213196
3004481,80.99674385805643
3004482,2481.0072907240497
3004483,1.7698476745864098
3004484,36.86271025200733
3004485,0.9662292022854158
3004486,0.03441392900363069
3004487,0.9034039731557184
3004488,1185.7127360204913
3004489,0.012526899914938673
3004490,77.8242750565418
3004491,3.402215870076197
3004492,782.6417189218788
3004493,228.7744790768544
3004494,281.0351078128453
3004495,33.10513366676065
3004496,28.932341667479214
3004497,2053.4619094673303
3004498,4.8310198502193415
3004499,0.24757963365348
3004500,7.5715633562939475
3004501,6.87703069855776
3004502,0.05602505386934634
3004503,136.65493914978524
3004504,1.2498458279322917
3004505,2.2354774268351343
3004506,0.727516245059022
3004507,16.588753171003134
3004508,0.4138735159228666
3004509,131.5464359088165
3004510,131.57403234574807
3004511,0.6304235753739056
3004512,2.859874456744055
3004513,139.73526019506068
3004514,20.68452697123308
3004515,239.79652731234748
3004516,7.234193227435181
3004517,0.7514036983155039
3004518,5.795010918378268
3004519,0.2242499820864195
3004520,4.039010069409143
3004521,5039.10838647462
3004522,0.015304644546195059
3004523,652.3128269445893
3004524,13.829769319992495
3004525,1642.8800338508595
3004526,575.4864590176918
3004527,575.7572755897994
3004528,253.25636729869285
3004529,86.49826684525044
3004530,6567.451964120986
3004531,29.41077740920384
3004532,0.4539067360467743
3004533,22.301196275322518
3004534,16.642071442362816
3004535,0.0739178180507153
3004536,412.2708239782931
3004537,9.602912093304742
3004538,3.038501955063216
3004539,9.067206401839682
3004540,57.05714437944347
3004541,2.468552453384797
3004542,540.9324397273036
3004543,278.4787063889826
3004544,2.0352047920310743
3004545,12.619378733782893
3004546,512.4311099877947
3004547,98.11938080308512
3004548,1475.6272243137582
3004549,13.048587764704834
3004550,5.263579549047686
3004551,4.372353939576212
3004552,0.05557196112906016
3004553,1.726333674729509
3004554,1675.1958439306213
3004555,0.01493100909805553
3004556,154.54036751161192
3004557,9.671380063165019
3004558,920.7661633134405
3004559,367.29185359807786
3004560,244.17179321765065
3004561,42.39543068126661
3004562,36.06475870925199
3004563,2627.278859161368
3004564,9.813199171297295
3004565,0.5512381103561382
3004566,13.88254307783543
3004567,13.415790925600593
3004568,0.2065060226842007
3004569,149.56128126722234
3004570,4.811802578312174
3004571,1.9200549440868957
3004572,4.342739168577898
3004573,63.838084334597454
3004574,1.5459002620262565
3004575,127.92134530196195
3004576,137.99664979218835
3004577,1.2065513067333713
3004578,4.795866836403866
3004579,173.35407385162142
3004580,29.012992693239006
3004581,342.05530698985285
3004582,7.335333395142973
3004583,2.7535152562620318
3004584,3.6055316137305735
3004585,0.02133260678908866
3004586,2.0808981019081916
3004587,1539.9507103091285
3004588,0.0008172448352410149
3004589,109.82356365221926
3004590,5.562522222416631
3004591,759.5414619072448
3004592,222.60878205702392
3004593,171.9806553659592
3004594,31.381063674234372
3004595,30.116537687494997
3004596,2589.558913092995
3004597,12.375498336713134
3004598,0.14998248342992931
3004599,11.26384094811269
3004600,10.194067656767379
3004601,0.00981807191375535
3004602,116.11145072457042
3004603,1.3583326139845227
3004604,2.519845800178225
3004605,1.9626060329218615
3004606,52.412380289867954
3004607,0.59289313049626
3004608,143.12485018304318
3004609,136.7567995593277
3004610,0.42804975523657574
3004611,3.934661670154071
3004612,99.64246163932417
3004613,21.788115084956722
3004614,191.96140548399566
3004615,4.057364195676466
3004616,1.8057242733719359
3004617,2.4893767816139927
3004618,0.004551062670840025
3004619,2.427709394923277
3004620,1487.6243260794683
3004621,0.0
3004622,147.01713442328625
3004623,7.854407158369949
3004624,1036.1573370273659
3004625,326.4777153036303
3004626,311.876855607796
3004627,33.679427723190415
3004628,47.75313187269128
3004629,2788.9730641758874
3004630,9.434133340829838
3004631,0.28781154042121504
3004632,11.103325985335662
3004633,19.41296511201509
3004634,0.08366056312714752
3004635,165.76604785233062
3004636,0.6820748850256867
3004637,2.3972515149264617
3004638,2.2412760683844573
3004639,30.32764459520242
3004640,1.435032097623637
3004641,208.0987171657371
3004642,220.96200378629484
3004643,1.0989558800369141
3004644,3.747394080390489
3004645,75.66778785725187
3004646,83.46642325553941
3004647,395.81004401509676
3004648,1.184748339084375
3004649,3.516102873086539
3004650,2.3539337094877752
3004651,0.6134027867582125
3004652,2.332221366963496
3004653,1643.6168628385033
3004654,0.022667671063512616
3004655,164.74110295805173
3004656,2.7193567399259795
3004657,930.9195254052696
3004658,318.42010957256355
3004659,305.9316817013848
3004660,75.3061159783283
3004661,66.03246906992592
3004662,2449.3694238073203
3004663,8.127294437063115
3004664,0.622150170677231
3004665,15.207366373207256
3004666,14.87503703141067
3004667,0.06838803366093535
3004668,212.60875318431766
3004669,7.5756041880072225
3004670,3.0493356344127336
3004671,2.662093749860871
3004672,32.27727423888043
3004673,1.514053093931834
3004674,123.04412631463741
3004675,167.66123720719338
3004676,0.8311841227241787
3004677,4.06611350500908
3004678,123.64953950991288
3004679,50.62608924063533
3004680,696.1520879133844
3004681,9.26476082002785
3004682,3.6541792511238027
3004683,3.0980020083901665
3004684,0.09188396506102811
3004685,0.3889274058581992
3004686,1122.6967120980198
3004687,0.0022313359546902015
3004688,116.94958376043189
3004689,4.19763977715415
3004690,862.1948851914972
3004691,179.7156350608641
3004692,147.0655719856183
3004693,81.67219080834474
3004694,31.177971329170962
3004695,1650.6377756407142
3004696,3.9180620838206415
3004697,0.270043576692767
3004698,11.361181088520615
3004699,7.6787942656346075
3004700,0.06431444041052826
3004701,134.00151167192908
3004702,0.0023528147152470226
3004703,3.3420442419161596
3004704,1.2187792133394824
3004705,44.031733447834945
3004706,0.7509147433981891
3004707,43.16399278379038
3004708,95.6781093823707
3004709,0.4991225827077163
3004710,2.134715117685429
3004711,64.39238802938588
3004712,25.72195860543053
3004713,454.58029046240375
3004714,2.5100283617635584
3004715,0.5454119969765054
3004716,5.879742325285228
3004717,0.33783220838973343
3004718,2.2491576569539062
3004719,2688.7683507674074
3004720,0.015651223785066934
3004721,266.40350880101994
3004722,7.073810336685149
3004723,1001.5692209446556
3004724,541.3192842169238
3004725,586.4589777330085
3004726,136.60118023032734
3004727,88.98019688498397
3004728,3572.585883284716
3004729,15.00597772072968
3004730,0.7452358482756091
3004731,20.709437650575143
3004732,20.49936705748881
3004733,0.19987444102848867
3004734,227.7662740423854
3004735,0.5248342014469246
3004736,3.1218650943160093
3004737,4.145428536785203
3004738,59.06049679936402
3004739,2.6417220711074787
3004740,209.01600380882223
3004741,205.06366758274126
3004742,1.7895990397154584
3004743,6.448002278796966
3004744,321.89505880663046
3004745,52.23180773591826
3004746,1163.3479589541369
3004747,9.208007294586354
3004748,10.218423518558275
3004749,2.6370780764225503
3004750,0.0726914460653225
3004751,2.5964318398027837
3004752,1754.2943978076526
3004753,0.0015886063669399704
3004754,469.99158566270336
3004755,7.071649487501654
3004756,456.569160826104
3004757,434.46263388387763
3004758,199.3232411239909
3004759,125.33203649428653
3004760,50.21577878243056
3004761,2065.749036463948
3004762,10.71276605971598
3004763,0.6324738241212314
3004764,18.09826654144719
3004765,9.231363189520609
3004766,0.13219622051124313
3004767,141.7056994258653
3004768,6.071674969582163
3004769,3.9501696757841263
3004770,3.6142231041700823
3004771,79.37219481302506
3004772,1.5020085126745397
3004773,76.23567499845824
3004774,129.66595928473015
3004775,3.2790444799296146
3004776,4.599122411242141
3004777,206.8392776389896
3004778,52.31084062535198
3004779,1222.8092676330614
3004780,36.66523779454419
3004781,7.32972102634835
3004782,5.5550487765604695
3004783,0.4057416625286839
3004784,1.8287549513815744
3004785,2336.13969244642
3004786,0.028569175193271675
3004787,146.72755653149432
3004788,5.918660287753055
3004789,816.7790791668126
3004790,300.2235526141261
3004791,271.5421342950557
3004792,45.97021556853212
3004793,44.98116074533702
3004794,2919.5056910420763
3004795,15.70763387842155
3004796,0.7877925583879681
3004797,13.661385157184693
3004798,11.138282025182093
3004799,0.06978503846847572
3004800,156.50800512237794
3004801,5.252564607488335
3004802,2.701633273425638
3004803,4.375178925657405
3004804,34.95370219378292
3004805,2.197483532408476
3004806,120.3302875280278
3004807,157.70429214597908
3004808,0.9695761294247464
3004809,4.315969356374496
3004810,122.74467855537137
3004811,22.159946152857245
3004812,428.54747055275857
3004813,1.7868371719029263
3004814,2.7948181693915464
3004815,5.011109419810875
3004816,0.020660845311757724
3004817,7.417339262593823
3004818,3029.2674549115404
3004819,0.030853978902816246
3004820,648.8306168709855
3004821,14.431064765912664
3004822,927.6547218296847
3004823,875.7540772226439
3004824,270.2768503115542
3004825,174.1422451135468
3004826,127.3883351838409
3004827,4093.4459513106217
3004828,46.3441231931358
3004829,1.1507718255469914
3004830,23.71537214406962
3004831,27.000865039521756
3004832,0.20949195696027714
3004833,249.92378937795027
3004834,18.880990828471916
3004835,15.492888445632676
3004836,8.850988471832055
3004837,123.47201169367632
3004838,8.117493289204011
3004839,1140.1813895430441
3004840,228.22933663298835
3004841,8.743642902255893
3004842,8.939761125195586
3004843,663.1553889185101
3004844,97.94224097143456
3004845,2290.0225761586453
3004846,2.532828172779168
3004847,39.68280731900916
3004848,5.300339016283874
3004849,0.07227014799392646
3004850,3.6095962083427087
3004851,2749.5619785615113
3004852,0.009725034960377615
3004853,354.60084326960964
3004854,8.335025490216877
3004855,1232.8335547060044
3004856,505.82720169744294
3004857,859.2850645434755
3004858,67.95024281189791
3004859,63.43370868602934
3004860,4178.280542307385
3004861,14.135910366605055
3004862,0.4799647243487095
3004863,20.000039258044698
3004864,11.523097091851618
3004865,0.0
3004866,244.71501079197796
3004867,2.3886819456968906
3004868,5.713808198786137
3004869,2.684627148481451
3004870,60.76463193277551
3004871,0.9024560131962625
3004872,236.37039340741117
3004873,244.79496587597808
3004874,2.8321363789726006
3004875,3.16190223214654
3004876,485.2896226557954
3004877,59.53738282093893
3004878,769.5933126156982
3004879,71.37356919314742
3004880,6.641625841906725
3004881,8.332846764560117
3004882,0.3033026573297961
3004883,2.2356072634855617
3004884,2278.252481608265
3004885,0.03254120317814515
3004886,337.94927138945536
3004887,5.527101248918919
3004888,1267.0011832814828
3004889,440.67982554704923
3004890,294.262799733102
3004891,150.04973571639243
3004892,81.94580301959239
3004893,3210.133363068635
3004894,14.405523443352246
3004895,0.43992869704981724
3004896,32.29979311143429
3004897,26.168731415431296
3004898,0.12360229092459997
3004899,217.95955675243374
3004900,2.041534166943617
3004901,3.252036006234084
3004902,8.236608384093591
3004903,115.36407316488753
3004904,1.6470080739659934
3004905,95.75602261989364
3004906,189.36295302889476
3004907,1.212344163920859
3004908,4.944312500775819
3004909,156.91180086655845
3004910,125.08985600870061
3004911,1112.7179553494916
3004912,2.0674344723046456
3004913,4.130235735293189
3004914,3.8843793921728884
3004915,0.16757403771864485
3004916,0.956677442417884
3004917,1469.042937636639
3004918,0.024146752622022972
3004919,173.52239348257768
3004920,7.631523846723525
3004921,549.3548657963297
3004922,286.17139657267666
3004923,154.95980939618966
3004924,54.833257977335215
3004925,46.56609480442626
3004926,2149.4916116748814
3004927,9.90723297492903
3004928,0.5049723358716519
3004929,19.066588916610268
3004930,14.937662578724161
3004931,0.04961289537533994
3004932,148.54219612027396
3004933,0.46366160224794417
3004934,2.5309077980601997
3004935,2.704914983431447
3004936,94.77915022018844
3004937,1.7487711506897798
3004938,105.3943206923065
3004939,119.70485380856222
3004940,0.8012381881325167
3004941,4.061484689858999
3004942,270.27772872464567
3004943,29.149262096119433
3004944,566.9404469000818
3004945,9.593987050814995
3004946,0.9266092935587654
3004947,1.5059086182455028
3004948,0.012023488272835272
3004949,2.1690555343563456
3004950,1399.4050960458496
3004951,0.007056540812923416
3004952,262.4557464715463
3004953,13.878067485459043
3004954,546.5889819639584
3004955,490.2777847316886
3004956,144.96639323738245
3004957,52.15107301835576
3004958,76.5598873672475
3004959,1979.1866001999192
3004960,25.940715473302063
3004961,0.3191200701488297
3004962,10.30433089788252
3004963,13.310953714073808
3004964,0.08187095818263702
3004965,112.93869562935538
3004966,7.974069693083431
3004967,2.9773327542281223
3004968,4.145350431184408
3004969,82.25050689999912
3004970,4.08489243430486
3004971,596.6944896297955
3004972,124.09318097768535
3004973,2.7804926305804214
3004974,4.368517572501018
3004975,360.8458285163739
3004976,30.219801258247266
3004977,1209.4080669217676
3004978,1.3614622426023573
3004979,10.590487080411167
3004980,2.9796398041195213
3004981,0.15956431658783796
3004982,3.6118967353619875
3004983,3937.284197532691
3004984,0.08223916268292669
3004985,789.8338996693718
3004986,21.581869055329324
3004987,1289.3014416931087
3004988,1316.920365534437
3004989,339.539558074577
3004990,283.0933240006578
3004991,209.39870142802016
3004992,4675.044851632761
3004993,32.43834648892496
3004994,0.9328788335898041
3004995,20.098708900435078
3004996,47.256312739682436
3004997,0.10358539437247494
3004998,282.9049794792442
3004999,10.079313070460572
3005000,48.770458590107204
3005001,8.950435399659547
3005002,162.0051288930589
3005003,14.486901666645682
3005004,792.2558393083227
3005005,271.0446132960907
3005006,15.039012935920802
3005007,9.898772757896394
3005008,862.9225556506165
3005009,128.83380573031542
3005010,3757.9559485378936
3005011,4.297486065366714
3005012,36.67966059210162
3005013,2.303331609515596
3005014,0.12102766524083408
3005015,3.7596473673861555
3005016,1970.386497297246
3005017,0.013519317727444859
3005018,370.3077648637422
3005019,6.240705782118902
3005020,431.4970973548155
3005021,529.4602102221096
3005022,164.01472056469552
3005023,126.62399742049193
3005024,95.5646564776715
3005025,1730.222814883256
3005026,20.922770501506694
3005027,0.6532408846096557
3005028,11.995733028754804
3005029,16.967334767325994
3005030,0.03112903963292486
3005031,100.35731736374974
3005032,0.03795793130167587
3005033,35.14655931324542
3005034,2.604371380640065
3005035,260.96540030170314
3005036,6.655793090993105
3005037,351.89704553209117
3005038,103.90407343072029
3005039,4.328039415610842
3005040,4.910919699191673
3005041,255.25686354801144
3005042,37.592454687949335
3005043,1517.6029736668695
3005044,1.558790500874126
3005045,4.586101819689366
3005046,3.3077516722397653
3005047,0.027548113313098813
3005048,1.167839358106105
3005049,851.288711045158
3005050,0.015079188241251396
3005051,207.20618708468422
3005052,6.826850782716435
3005053,379.0297331271154
3005054,222.29090830094395
3005055,101.84406150461795
3005056,33.20076429862402
3005057,31.657813591314152
3005058,1522.3443471606572
3005059,10.534940464225512
3005060,0.5411470632263632
3005061,9.864005048627355
3005062,6.021297380042041
3005063,0.14136628613945987
3005064,73.24703679837123
3005065,0.24726426395725914
3005066,8.399849672351259
3005067,0.4743201949944269
3005068,29.20035260283177
3005069,0.2417608922231986
3005070,440.6127998261828
3005071,125.17810103156809
3005072,1.737797223449868
3005073,0.8911131188663876
3005074,196.68868216000152
3005075,17.341119939219105
3005076,454.11008441482267
3005077,0.9716304416934477
3005078,3.0598093794321155
3005079,4.944940466512165
3005080,0.12073311951821925
3005081,2.2667388710787346
3005082,2683.405324050642
3005083,0.11815741124681689
3005084,497.02374358492847
3005085,19.61960978805803
3005086,742.1108178550438
3005087,806.1747114003485
3005088,302.01966084764433
3005089,218.81843694713623
3005090,144.4919009747846
3005091,3282.813704168613
3005092,21.372590957097636
3005093,1.7537458052539174
3005094,26.368320248825555
3005095,21.733771771943193
3005096,0.25235523608244853
3005097,198.54843949825118
3005098,3.2984138977002053
3005099,37.88202842142837
3005100,5.290542912504094
3005101,209.49565380849228
3005102,3.989498779966576
3005103,419.1671595227862
3005104,174.58485207006356
3005105,8.75622381023237
3005106,8.638007875896145
3005107,478.90824051754805
3005108,62.01427087951351
3005109,2251.5767417200473
3005110,0.9491307923165996
3005111,21.303268872949452
3005112,5.540141923818043
3005113,0.05387577189396092
3005114,1.4873071295025595
3005115,2562.3912436085907
3005116,0.012563597154197595
3005117,471.76337641044904
3005118,16.615349849763177
3005119,1082.8845683800212
3005120,605.8819323766968
3005121,428.0009133349123
3005122,158.79096703981887
3005123,60.30689120254978
3005124,3482.53810263539
3005125,10.414107265179174
3005126,0.6420247195048544
3005127,26.408735607320338
3005128,15.614760618184487
3005129,0.2892887810922723
3005130,203.73224401454328
3005131,0.005258532002661885
3005132,4.681072818446361
3005133,3.540923575476591
3005134,69.17842174699638
3005135,0.9676589720850223
3005136,149.53755627219516
3005137,253.63249304451398
3005138,3.577782264346751
3005139,2.8077747147649608
3005140,227.64742643658312
3005141,62.30322981954825
3005142,1090.824949324393
3005143,1.3075898608836192
3005144,1.7325811576356083
3005145,4.806110284870713
3005146,0.3129475334446106
3005147,2.309228625812549
3005148,2372.384755936126
3005149,0.016767068810249128
3005150,497.776387283588
3005151,12.56553421857017
3005152,801.2071675179801
3005153,538.8264555840947
3005154,256.9376189661009
3005155,129.29377526365857
3005156,71.6055563456033
3005157,2937.890011216012
3005158,13.701205433908804
3005159,0.7606062719783446
3005160,21.90655976154937
3005161,12.66113076247683
3005162,0.07639972986114112
3005163,182.77816232706303
3005164,0.0007196432866015209
3005165,4.653074253852793
3005166,3.4325752383637895
3005167,110.46406221503611
3005168,1.2184475967331583
3005169,91.40853103113925
3005170,178.94848371831128
3005171,3.7980283089348608
3005172,3.4706387042286533
3005173,212.20081094875172
3005174,49.33463570683413
3005175,785.0483569865061
3005176,1.081311399051608
3005177,3.4737600220878595
3005178,9.538983648052609
3005179,1.0314982439441922
3005180,12.259920733138738
3005181,8350.025816646184
3005182,0.12191726454570154
3005183,1220.734005905852
3005184,44.91558458086805
3005185,2034.2262839228526
3005186,2053.445506917069
3005187,443.0238683021309
3005188,533.6185700169773
3005189,396.98083160174633
3005190,8081.409179737187
3005191,75.0724070483865
3005192,2.763884010755025
3005193,54.11496617860506
3005194,50.97956407103625
3005195,0.5680631100771643
3005196,526.8419518164202
3005197,39.96652012037936
3005198,72.13814509489899
3005199,27.017483266613745
3005200,336.226395973038
3005201,31.578555896995752
3005202,1349.3522188019272
3005203,460.7854567836191
3005204,17.923774914290405
3005205,25.123723293787013
3005206,1576.3048544473243
3005207,263.43434054987824
3005208,7174.99327805246
3005209,2.2548195264732587
3005210,117.15547538574613
3005211,2.4449865206556436
3005212,0.24828242754951724
3005213,0.34332967945027326
3005214,1338.1808173872303
3005215,0.024657227295482472
3005216,131.94684160075647
3005217,4.001142775570036
3005218,647.0462970023196
3005219,241.0309638559644
3005220,134.69743584416403
3005221,115.51049987647035
3005222,44.94118786246344
3005223,1830.404452603673
3005224,4.211076693211842
3005225,0.37973411483423736
3005226,10.69044495084946
3005227,9.205811412977138
3005228,0.24909987360441693
3005229,137.26624659819063
3005230,0.2707944549354269
3005231,3.0508220499438496
3005232,2.838647964610669
3005233,56.76155434131881
3005234,0.5881231651732431
3005235,50.5895986479203
3005236,90.38161543829487
3005237,1.7618323701424974
3005238,3.7479045355662772
3005239,129.09169998950938
3005240,18.26709197360082
3005241,473.50702448394486
3005242,2.0068015708591322
3005243,3.4680525599324987
3005244,6.403209801717081
3005245,0.1765994713930195
3005246,2.0400404945471737
3005247,2579.367191402045
3005248,0.020838832184491205
3005249,477.05996655758713
3005250,11.925031629283446
3005251,1292.7566062479113
3005252,559.9207795126861
3005253,301.845940125206
3005254,258.68911201037804
3005255,98.53827636381007
3005256,3894.4246938121814
3005257,11.922302365747846
3005258,0.28494392361771204
3005259,22.91448581080809
3005260,14.660853731847661
3005261,0.09408863400022503
3005262,242.7234435563252
3005263,0.6168960409517769
3005264,4.039910739910085
3005265,6.994199531584823
3005266,21.429499581166272
3005267,1.352209811136778
3005268,313.4709988987003
3005269,228.04299125339574
3005270,3.0541144106828044
3005271,5.741533859626868
3005272,156.54980743772225
3005273,55.74196668418696
3005274,1184.120707114786
3005275,2.32869717590586
3005276,4.622112031600716
3005277,0.9663595699886468
3005278,0.011288585872277362
3005279,0.11874637366180411
3005280,892.9983612844055
3005281,0.009474902559980918
3005282,94.71544113555838
3005283,2.741271939181314
3005284,715.9940803206728
3005285,137.13141270593002
3005286,112.54159810186545
3005287,139.54674050756023
3005288,19.172818138541235
3005289,1323.2139400094509
3005290,1.2794442275729536
3005291,0.19150164157846955
3005292,9.121668610876444
3005293,2.52409682940683
3005294,0.011573707010727421
3005295,79.67592357938746
3005296,0.010117328660990344
3005297,1.9904702113668196
3005298,0.6032991492661499
3005299,56.204444103925056
3005300,0.1983826248853479
3005301,62.591325243956845
3005302,67.21625014959587
3005303,0.43766524160380543
3005304,0.9064510332020034
3005305,68.66082200838572
3005306,9.004887334002657
3005307,193.14744208436548
3005308,1.140642427124483
3005309,1.249059683399364
3005310,7.041302086698011
3005311,0.020857373260916266
3005312,0.8116193005455213
3005313,1631.2856894527658
3005314,0.00839067901103194
3005315,185.42811162824185
3005316,6.802197841354333
3005317,790.793867318812
3005318,330.22783532330664
3005319,196.13461798557665
3005320,79.69967051358928
3005321,68.3798499001034
3005322,2380.755087711122
3005323,2.835050225933915
3005324,0.36530416846545777
3005325,27.726253635819848
3005326,12.900441675113148
3005327,0.07078954009623382
3005328,163.84065192625295
3005329,0.0011695769253406109
3005330,4.32993347497921
3005331,10.658219501051434
3005332,39.5300172334529
3005333,1.1106108710151115
3005334,193.94226918800308
3005335,153.41122779361586
3005336,1.2646807667175373
3005337,3.5482951928440425
3005338,242.82346082242546
3005339,28.077744694102996
3005340,1036.6040591371045
3005341,3.259722393163141
3005342,0.6607983875209378
3005343,2.4886885925751687
3005344,0.23027003908567703
3005345,2.8971623876028954
3005346,2399.1660791779336
3005347,0.028353468952590933
3005348,636.7842495587963
3005349,8.983756129238873
3005350,921.6818382996076
3005351,595.807360470771
3005352,248.7249543141626
3005353,116.81271182048653
3005354,75.26954483848331
3005355,3764.8431127761833
3005356,7.940235311287875
3005357,2.8576429705306365
3005358,31.538769744890185
3005359,34.92430027655512
3005360,0.19305439154288762
3005361,208.94195087229903
3005362,2.181150678670321
3005363,6.305129171854293
3005364,2.8894760125603383
3005365,55.300868263975225
3005366,1.979052660783545
3005367,176.90386441624403
3005368,257.3268022079541
3005369,3.474511547054712
3005370,5.66959574484049
3005371,180.73293914248046
3005372,35.495977540312865
3005373,714.3570340259225
3005374,1.718614099862666
3005375,2.190461862320714
3005376,2.7840189013864514
3005377,0.037339913769626885
3005378,0.07692368682462083
3005379,1214.4623427326624
3005380,0.010623607118627455
3005381,86.40373117714547
3005382,2.9637212977900558
3005383,393.6021471365045
3005384,140.17945010248175
3005385,106.54291596108352
3005386,120.813217071513
3005387,38.02146384496037
3005388,1576.9109410024657
3005389,3.2647896107761745
3005390,0.2267521539778819
3005391,8.122459640713792
3005392,5.348303918058021
3005393,0.0727287503492045
3005394,88.9036977869709
3005395,0.015107043125032629
3005396,3.230428595700751
3005397,0.5472678584812738
3005398,28.5807544164095
3005399,0.5319911843051497
3005400,158.7263648247042
3005401,64.49653797779978
3005402,0.5095711438040054
3005403,0.5298671837441957
3005404,60.78860416038015
3005405,13.738606770967792
3005406,351.58767930065363
3005407,1.699031723853652
3005408,0.20233514928320237
3005409,3.392518875184229
3005410,0.04825171209519716
3005411,0.3176024972766992
3005412,2677.203185497658
3005413,0.02282799061495469
3005414,410.9208409155438
3005415,8.160764112376524
3005416,789.2089127983556
3005417,477.41894603639025
3005418,211.13171639366414
3005419,105.87724063082031
3005420,76.1758929919264
3005421,3290.628925712649
3005422,7.782868871179828
3005423,0.31391716212659104
3005424,19.49326914032368
3005425,11.431456697507453
3005426,0.11844141841610104
3005427,176.3463600777128
3005428,0.0075553727686218436
3005429,34.42473784596741
3005430,2.012413823371363
3005431,62.07531026409228
3005432,0.936686846815788
3005433,188.8591688834129
3005434,163.23380116276493
3005435,1.4375698351575323
3005436,3.8169911743976024
3005437,118.7882141526061
3005438,40.210884855088636
3005439,1076.298258175149
3005440,2.8493457979574712
3005441,0.6529268985802846
3005442,2.7296394410259484
3005443,0.010988469742646965
3005444,6.741503529144943
3005445,3010.9735487409675
3005446,0.019252368206277033
3005447,529.5543317673844
3005448,10.41937321406912
3005449,972.7196706288838
3005450,875.907985408915
3005451,178.631674006945
3005452,133.90814577376628
3005453,151.61619616209296
3005454,3534.3164467139522
3005455,60.286734281434484
3005456,1.2383409566599126
3005457,24.018682641741428
3005458,20.249021924512093
3005459,0.20131658759307408
3005460,232.11079946543643
3005461,17.041455434846437
3005462,32.52975180652956
3005463,1.999985903536207
3005464,171.12193227789388
3005465,9.68868702263219
3005466,332.02130653641564
3005467,230.6968009915455
3005468,10.256438532226547
3005469,14.860002998930444
3005470,301.6391903042317
3005471,77.71621145535401
3005472,2476.6989437484194
3005473,3.9433463783463267
3005474,16.397591318573966
3005475,4.9248132387827726
3005476,0.03678065280641197
3005477,7.654669734344453
3005478,2611.8877836021124
3005479,0.03438469907171558
3005480,401.5760787543307
3005481,16.6442512683264
3005482,996.9867636792184
3005483,763.7566525988674
3005484,183.00702835767055
3005485,81.78489162736572
3005486,112.56690554077578
3005487,3634.4643882237483
3005488,28.344929983585963
3005489,1.1694420181017275
3005490,31.47083482771801
3005491,41.368362312734085
3005492,0.00542033939974
3005493,307.01364932380125
3005494,16.982795349881936
3005495,22.96197908529996
3005496,6.5925957242959035
3005497,139.58164452648845
3005498,10.429981226263916
3005499,231.83636129278128
3005500,310.23107398778694
3005501,6.557002494754385
3005502,8.604491151400953
3005503,185.38371017191741
3005504,76.96072989819196
3005505,1954.1348694606634
3005506,3.1506042147208486
3005507,19.921721446200173
3005508,7.079914391640488
3005509,0.1713439296938505
3005510,1.829088457280584
3005511,3072.978068089531
3005512,0.012944634667672416
3005513,645.517897182031
3005514,9.570180142804722
3005515,1461.2489161780707
3005516,611.8776072925261
3005517,209.84531134316825
3005518,224.86740417888157
3005519,77.65036464457113
3005520,4738.7578661321395
3005521,31.623967123917794
3005522,1.233415312831279
3005523,19.92906731528816
3005524,19.058681252050494
3005525,0.06920835929595077
3005526,258.6759786382945
3005527,2.993215657132957
3005528,15.840042479605923
3005529,6.491926218599303
3005530,84.54166196616471
3005531,3.634836832925771
3005532,141.41137469211947
3005533,248.18121732931303
3005534,5.44731878528786
3005535,7.7925529106362506
3005536,287.9111107422786
3005537,58.197145915907775
3005538,1547.867033490637
3005539,5.912647398777716
3005540,12.227374070730733
3005541,2.804643938922077
3005542,0.2814111551153809
3005543,3.979180748027936
3005544,2470.3363010854705
3005545,0.08957066987617651
3005546,356.5703626396555
3005547,9.280130406210242
3005548,768.3451410923146
3005549,722.7354122167264
3005550,228.51880963599822
3005551,132.874237344052
3005552,107.5006046162348
3005553,3222.255838370282
3005554,24.006783939484535
3005555,1.0234949348844877
3005556,15.141190153434849
3005557,12.404520971190943
3005558,0.19142912891562106
3005559,218.52681636196115
3005560,14.698300696299466
3005561,25.849210478143338
3005562,1.2552702478293076
3005563,151.33696391267605
3005564,6.608364510327965
3005565,575.4219777160762
3005566,195.10206240524587
3005567,5.3358048647758
3005568,7.900957129383258
3005569,493.2409954567753
3005570,45.08476220014906
3005571,2064.4634679287783
3005572,2.8634992506917882
3005573,31.081648094468633
3005574,3.178583837429358
3005575,0.3090148109822625
3005576,2.5506467284855265
3005577,4107.733223585636
3005578,0.020774488245639634
3005579,350.53306922373736
3005580,7.4852188498448875
3005581,1706.7254036245872
3005582,531.0488250067202
3005583,322.71885726439876
3005584,151.40995919146613
3005585,71.38704951946323
3005586,4733.144528300473
3005587,13.184044560593923
3005588,0.9969489050791835
3005589,27.644251392440772
3005590,26.092727709617883
3005591,0.164087894480906
3005592,367.9020400856375
3005593,0.02095421476039217
3005594,4.849666182043932
3005595,6.361890895673334
3005596,53.38116965045081
3005597,1.959016315027588
3005598,129.9051180372564
3005599,271.6242142765572
3005600,3.548520147190065
3005601,7.842265108906553
3005602,276.21973245826376
3005603,50.52933688685119
3005604,1103.637424704005
3005605,4.062033186020568
3005606,5.2354684743199105
3005607,5.618680545482445
3005608,0.07970317811810793
3005609,6.807824072852897
3005610,2386.7983294088053
3005611,0.027656295642977478
3005612,415.79351760429785
3005613,12.71039637884831
3005614,1204.6906635634848
3005615,620.3871258650345
3005616,236.5979133052194
3005617,112.31774168242325
3005618,158.31612685190598
3005619,3565.957677542743
3005620,29.70817519958557
3005621,0.9234624584046153
3005622,21.584201932026097
3005623,20.746412278030274
3005624,0.1168368119682906
3005625,206.60150699754521
3005626,11.707389486089209
3005627,28.3143545796549
3005628,7.026168430185266
3005629,177.01749717698073
3005630,10.248147315442313
3005631,330.47318091692887
3005632,332.2565237222081
3005633,11.348867559880471
3005634,7.249861729448921
3005635,228.78470590559155
3005636,52.743408703016506
3005637,1937.8618154086178
3005638,1.2051205706629362
3005639,8.906548093773994
3005640,2.6641108164067338
3005641,0.02404224970013519
3005642,3.8569831200888784
3005643,2648.6333370256248
3005644,0.023161678503643975
3005645,425.25666594425536
3005646,12.133781360238697
3005647,652.4319552101344
3005648,786.9849537600098
3005649,188.1107632076071
3005650,132.05078593308392
3005651,135.39988717113658
3005652,2915.004964380253
3005653,31.243897940627456
3005654,0.7455991943637769
3005655,19.626038876103866
3005656,15.041217369831292
3005657,0.04579231873935272
3005658,184.86212181745378
3005659,13.282586050567872
3005660,46.68323662004472
3005661,3.648781194774072
3005662,95.3999726181449
3005663,9.58315244849849
3005664,318.1847237369179
3005665,190.92274269580219
3005666,8.083754168861553
3005667,7.713127611081939
3005668,273.1037789026414
3005669,52.85996951821581
3005670,2370.536508330816
3005671,3.863844751915166
3005672,16.95070621796669
3005673,3.4678310213141263
3005674,0.12335222837098847
3005675,1.620972308775656
3005676,4484.5515593113
3005677,0.010206396775250929
3005678,493.21970994676303
3005679,18.29374989640953
3005680,1095.4388746070824
3005681,560.3524195520696
3005682,290.49965983810915
3005683,155.13272750664427
3005684,56.2482543554371
3005685,4120.55618528571
3005686,7.574259360962599
3005687,0.25543489866961466
3005688,12.495180632847111
3005689,13.219916488687197
3005690,0.05303979832876661
3005691,209.33404910264775
3005692,0.0
3005693,7.590957001326094
3005694,0.8379107099797288
3005695,88.39132354646239
3005696,2.4742985034206813
3005697,188.96038039638407
3005698,240.50805385233812
3005699,2.4963196465796633
3005700,1.7236814460251757
3005701,320.93423017644693
3005702,114.79832828443425
3005703,1130.4961936420407
3005704,2.157636013839657
3005705,0.25949924250700074
3005706,13.664364044308671
3005707,0.023292172737688504
3005708,16.795822384910586
3005709,9796.185876776502
3005710,0.07693846515655453
3005711,1699.392517944171
3005712,42.898945847249855
3005713,2539.8687401693437
3005714,2442.4967575896167
3005715,699.8441001053204
3005716,658.0404439513901
3005717,522.316166381739
3005718,9680.23488568733
3005719,100.86717879620107
3005720,4.373695277845846
3005721,124.44516790707868
3005722,91.91457336233248
3005723,0.6375832554169892
3005724,680.3528997453936
3005725,27.08730549679824
3005726,35.89496398486081
3005727,45.99170509896572
3005728,546.4790889404527
3005729,28.927472698333577
3005730,1563.048932785038
3005731,519.4611896890498
3005732,32.87776680141961
3005733,37.30527295869705
3005734,1727.4825940471876
3005735,278.93196901222507
3005736,8787.824363269103
3005737,198.6786659947797
3005738,128.3637568108332
3005739,13.874476046057875
3005740,0.05007112338695412
3005741,12.989608004664106
3005742,9703.022832082603
3005743,0.10686322021687313
3005744,1274.1328705397564
3005745,32.37414061403704
3005746,2646.931219716498
3005747,2177.729637763489
3005748,788.4654196060058
3005749,387.9525474392318
3005750,389.6844302284024
3005751,10866.823377540992
3005752,148.56659469441738
3005753,1.472923177925939
3005754,58.528979937882184
3005755,84.06705421515986
3005756,0.5754603510304557
3005757,646.6324819875617
3005758,27.58925400029601
3005759,51.65921040027156
3005760,27.963535201358933
3005761,370.9335471287809
3005762,20.047978642428205
3005763,1844.0319965748763
3005764,600.6429602539204
3005765,22.225097642943567
3005766,25.41181841586898
3005767,1749.9165822562884
3005768,263.74354421496014
3005769,5704.715498461477
3005770,199.2833195331961
3005771,107.88012756201167
3005772,10.758121000976132
3005773,0.02023749504248292
3005774,14.53712272092228
3005775,5747.414561417456
3005776,0.13338747932921205
3005777,823.1479537608167
3005778,18.76032563184219
3005779,2062.6697416374495
3005780,1351.730905695797
3005781,787.7245972983638
3005782,130.98796838421924
3005783,234.36520106554136
3005784,7925.090242440797
3005785,51.79428569751936
3005786,1.432646225919228
3005787,32.4216783689748
3005788,26.066623048267264
3005789,0.3188012901946015
3005790,563.6042340519132
3005791,17.220275266817243
3005792,28.447260333218704
3005793,12.316939077592647
3005794,176.2404002592204
3005795,8.45287609082537
3005796,1689.0369930998315
3005797,594.0368434456849
3005798,19.997653975962812
3005799,35.57688903930783
3005800,980.4092427061069
3005801,124.49737229078526
3005802,2490.2006456023705
3005803,140.77355389473408
3005804,50.10191006471838
3005805,14.649326992199214
3005806,0.02696145592649225
3005807,17.290331219152815
3005808,8654.19749846684
3005809,0.10607854769235205
3005810,1126.8672355347683
3005811,28.88845231337425
3005812,2333.9341919657804
3005813,1985.708941612041
3005814,739.024205935077
3005815,349.08435457096414
3005816,288.24847174784463
3005817,9162.745655703146
3005818,65.28251226233753
3005819,1.3386175462961165
3005820,54.68948701756315
3005821,66.24615057569395
3005822,0.1034336814187241
3005823,628.4949958461037
3005824,24.917310708242653
3005825,36.31057544471279
3005826,20.060847009583586
3005827,311.41649433664753
3005828,15.610834052285124
3005829,1680.422997177863
3005830,584.2131311900815
3005831,21.474796613575997
3005832,22.93451758766693
3005833,1408.8956943461594
3005834,210.07377278080028
3005835,4903.397587017839
3005836,148.02843889653903
3005837,88.4415430055729
3005838,9.72249830304813
3005839,0.0015355943119320537
3005840,15.479429390132053
3005841,4151.06076713361
3005842,0.031002446624317375
3005843,676.9079203992296
3005844,20.224798061647974
3005845,1805.5602094904334
3005846,1069.1996576225747
3005847,631.1001430900618
3005848,95.24736650455723
3005849,170.75919761502908
3005850,7302.403027481399
3005851,44.817508805386126
3005852,0.4619472190089575
3005853,32.70938999641339
3005854,33.42522619168468
3005855,0.24136012651984143
3005856,501.84546934956626
3005857,19.39058246627856
3005858,14.369305929924387
3005859,4.657996045679475
3005860,172.67613453076865
3005861,4.23462416635204
3005862,1454.5729032056017
3005863,616.4960531853837
3005864,12.916254212790085
3005865,21.82222651594636
3005866,1049.1794836587385
3005867,74.46480235630993
3005868,1672.244005656945
3005869,190.7854036209931
3005870,27.146543213089526
3005871,10.65589317250669
3005872,0.040241655491886255
3005873,9.801694868876806
3005874,7621.6776936285505
3005875,0.06603493247805403
3005876,1268.729018273238
3005877,35.34932316669508
3005878,1816.7672652003553
3005879,2287.5125785612245
3005880,543.6523649616609
3005881,509.969293944846
3005882,414.6781014636812
3005883,8182.597387546144
3005884,74.50615848479053
3005885,1.6914878833058373
3005886,51.96392834977867
3005887,51.95459406242853
3005888,0.5310490461246337
3005889,473.38968331230785
3005890,12.106197009601823
3005891,43.53805250296172
3005892,16.47470112899111
3005893,402.60264247431667
3005894,19.933412618018025
3005895,1517.8568986919227
3005896,455.2650250330765
3005897,21.2019464688414
3005898,31.336264460451485
3005899,1425.0452186459545
3005900,246.66802880052018
3005901,7394.145731364146
3005902,98.86857365768392
3005903,114.68936392953556
3005904,4.408249301976572
3005905,0.17326850150694442
3005906,4.3545287512190445
3005907,1706.8213389071525
3005908,0.02269790953713724
3005909,312.71307160816826
3005910,25.288926516434415
3005911,866.5767287065181
3005912,484.5581081656634
3005913,237.7676322085497
3005914,81.35369079878727
3005915,109.7965930585261
3005916,2733.8354314624144
3005917,38.75959286726855
3005918,0.754123183840621
3005919,28.986454292215083
3005920,24.663918335831525
3005921,0.14876423229708058
3005922,228.19181285181648
3005923,9.411711541634165
3005924,10.913849192228284
3005925,9.249912617925585
3005926,83.37357143517744
3005927,6.907973143466814
3005928,313.2168440563113
3005929,201.9734390141359
3005930,2.6803151029007406
3005931,6.2930123604726935
3005932,295.36733716071257
3005933,50.974539341086896
3005934,1480.6739264623025
3005935,1.0515843608251634
3005936,11.636778756324262
3005937,8.993660228078136
3005938,0.018060289152321017
3005939,13.299182857127118
3005940,4328.539361387144
3005941,0.06621555375976436
3005942,609.8064184763219
3005943,33.6102047939115
3005944,1708.7275213691191
3005945,1015.9566253544492
3005946,501.5290615276705
3005947,99.67339633142288
3005948,188.12639648169463
3005949,6672.359169497505
3005950,108.10837454595713
3005951,0.8690643508070871
3005952,57.848728442918386
3005953,44.38048147157117
3005954,0.23140661747264799
3005955,425.7420399770457
3005956,14.793308523634074
3005957,9.110029008324846
3005958,2.6977339813445065
3005959,211.30469888457733
3005960,9.202643995028646
3005961,841.2099967635681
3005962,441.86228123275026
3005963,10.721463002960922
3005964,22.49812209106432
3005965,515.622592506094
3005966,83.52872101533711
3005967,2167.475710695123
3005968,122.19650712443028
3005969,23.013916704488793
3005970,6.316888408210488
3005971,0.022208934265991673
3005972,5.218908924853131
3005973,4956.351766192549
3005974,0.06584311326519252
3005975,907.7877603370567
3005976,11.365318183192095
3005977,1485.0724373834857
3005978,1636.1439923980654
3005979,318.44690947570905
3005980,426.67340941864086
3005981,336.61148852480045
3005982,5221.226929654713
3005983,37.03312991211399
3005984,1.1759585465459592
3005985,27.177148157456465
3005986,41.977067197827395
3005987,0.300500569846308
3005988,337.3344599016271
3005989,1.346677025988499
3005990,50.71709520794209
3005991,4.876645754714022
3005992,227.35309717589615
3005993,12.826631314145498
3005994,1150.5604478426033
3005995,262.36472693822833
3005996,19.680863637490962
3005997,9.157369062946165
3005998,2370.548227876007
3005999,125.18743305022585
3006000,5089.339139450185
3006001,2.629077428142998
3006002,64.51131640304081
3006003,10.10707300594191
3006004,0.02765233077267865
3006005,9.185634919463443
3006006,4717.152023018867
3006007,0.04462411676020008
3006008,900.466999951552
3006009,12.398714674184108
3006010,1647.777656539716
3006011,1177.9301748741304
3006012,404.705346697709
3006013,243.71285986735242
3006014,432.3414378660073
3006015,6450.838258988399
3006016,54.00718372754331
3006017,3.0134469592219313
3006018,53.93788089632258
3006019,44.21180826767832
3006020,0.3408306352548108
3006021,358.84858266807873
3006022,5.644377284607765
3006023,75.09391739363426
3006024,7.201824715794856
3006025,330.4980950860539
3006026,10.030715406415416
3006027,957.7429523190658
3006028,318.88669076504664
3006029,16.32012789451043
3006030,27.135990505718564
3006031,748.9890812047564
3006032,145.61777833905228
3006033,4823.077271108008
3006034,3.1007679271630644
3006035,10.702639022242135
3006036,8.021245787178906
3006037,0.058128177660630984
3006038,2.0709806665541377
3006039,2089.013759117916
3006040,0.015555693249724141
3006041,413.99905152796407
3006042,8.184645546309513
3006043,1017.0539032573856
3006044,444.6154153142571
3006045,258.1371381199103
3006046,87.66458424505888
3006047,151.0914701343386
3006048,2986.5778220018615
3006049,13.88870216469332
3006050,0.966608378395738
3006051,20.582365651199087
3006052,14.936937937025345
3006053,0.08185244606292438
3006054,197.13307618374682
3006055,3.0129430954275653
3006056,14.684813113980828
3006057,4.133122295946423
3006058,123.07073309778283
3006059,3.3612727827360214
3006060,450.6815701638463
3006061,186.33576191037204
3006062,4.865572530540524
3006063,5.479040280699862
3006064,249.0416493046813
3006065,58.03491591739662
3006066,1860.9369193351167
3006067,1.0583853972870345
3006068,3.4341790706351896
3006069,4.9010644136702135
3006070,0.008454530833223473
3006071,0.7703327603479534
3006072,3568.0808318733993
3006073,0.003685218413252698
3006074,179.2551181562378
3006075,3.3028132153934044
3006076,1045.63176570962
3006077,194.66914616791496
3006078,219.2989164165887
3006079,55.1334269622326
3006080,34.461042927504025
3006081,2570.4423641363287
3006082,5.832769360222948
3006083,0.44362816211963146
3006084,17.69891863122142
3006085,9.28050271150031
3006086,0.036161347856559216
3006087,180.4888881911112
3006088,0.005525096390193419
3006089,3.0624407679683476
3006090,2.3606728324501556
3006091,29.343104419593562
3006092,0.795337425607286
3006093,51.907665085793994
3006094,139.68210563205156
3006095,0.16521384253869564
3006096,1.4657573069801535
3006097,65.13533702441708
3006098,63.68889190723808
3006099,616.8409794806654
3006100,1.6991785121497123
3006101,1.3775272903187887
3006102,3.911563889463692
3006103,0.06430421423577257
3006104,5.910631042257742
3006105,3207.7667148562123
3006106,0.0009822649196273884
3006107,511.7582527017776
3006108,17.075217338934053
3006109,1275.8955613627859
3006110,883.4931050209628
3006111,383.17905346285
3006112,158.528052043814
3006113,156.28072953752354
3006114,4348.9881886631365
3006115,32.39649249070754
3006116,0.7537354996556614
3006117,29.586248580089933
3006118,46.171683637457996
3006119,0.036840966264863634
3006120,313.0862069834162
3006121,18.25552058048931
3006122,18.452177278306188
3006123,9.736369681785117
3006124,124.4447565205066
3006125,6.737658685150413
3006126,697.9759132625295
3006127,254.08579440573598
3006128,8.371353773420426
3006129,11.852454570156194
3006130,716.6407280372067
3006131,90.90840172398254
3006132,2284.9300009045683
3006133,4.966505715938623
3006134,45.99845457093104
3006135,4.826102745253055
3006136,0.07979021922046325
3006137,5.8467033795569385
3006138,4402.728628399485
3006139,0.156347894254981
3006140,743.4607498766634
3006141,24.63097792742779
3006142,1093.8439300960258
3006143,1305.900611706027
3006144,227.16963825540694
3006145,304.3060736534867
3006146,285.36619258586467
3006147,4284.425438764411
3006148,41.878613363412036
3006149,2.5590858685611426
3006150,30.169571409407006
3006151,25.737199478012016
3006152,0.45416928234195936
3006153,249.44140439085695
3006154,13.519550842116013
3006155,47.57659588790184
3006156,6.418891095243531
3006157,301.58363393268775
3006158,13.710049809807282
3006159,800.4755225331587
3006160,237.0343197992362
3006161,6.7038073083832925
3006162,15.485651235176741
3006163,902.9530586704317
3006164,136.60578240130133
3006165,4786.290697967118
3006166,2.3942321187927447
3006167,53.00035989194666
3006168,4.160162814644545
3006169,0.26555147878606744
3006170,9.331332317301065
3006171,4715.936164230547
3006172,0.08434442228344553
3006173,887.3915246726564
3006174,29.45314358253599
3006175,1333.5279097271673
3006176,1452.2571255593305
3006177,343.4815583722379
3006178,344.0206014601799
3006179,192.36410593413444
3006180,5028.38263407961
3006181,43.235927843787806
3006182,3.2121234227830664
3006183,38.35509896947561
3006184,37.900323748368976
3006185,0.13941389714304345
3006186,354.15962485007503
3006187,22.58893228745617
3006188,41.109479207469796
3006189,25.693274355256303
3006190,218.69601222744006
3006191,21.458889127686955
3006192,937.0951625602562
3006193,317.6373365079037
3006194,17.105064302185664
3006195,23.095958613173657
3006196,956.8994724567639
3006197,151.46392938110327
3006198,4272.750544030264
3006199,2.3506878254416406
3006200,58.466006237904736
3006201,9.243661500771589
3006202,0.20092328019804573
3006203,5.34328673110364
3006204,2890.7104765625095
3006205,0.008724147650172997
3006206,472.0981109465594
3006207,14.594577129015697
3006208,1357.0677173402012
3006209,622.4455895831434
3006210,585.2510337642289
3006211,133.0738608313897
3006212,86.87336245678708
3006213,5046.383801387826
3006214,12.016953598974666
3006215,0.816053485435048
3006216,46.41432721230431
3006217,30.879351990861565
3006218,0.0283393025458471
3006219,332.8422625727488
3006220,8.260684873910071
3006221,4.531541403737525
3006222,6.5124308723008095
3006223,64.3193199036422
3006224,2.999771684734511
3006225,296.2982225981742
3006226,317.9827251503015
3006227,6.071989346979846
3006228,5.718409381229231
3006229,428.4468163561337
3006230,91.27254984225523
3006231,1284.832639446068
3006232,85.6065474037374
3006233,12.28919653765541
3006234,3.990126644952205
3006235,0.013427885137772471
3006236,3.6621591527241186
3006237,2089.6829295303023
3006238,0.11038052921174789
3006239,327.34223362531037
3006240,10.49160488886808
3006241,612.9636063973578
3006242,636.3774608982907
3006243,120.55350713492592
3006244,137.37138183494338
3006245,125.15998654339953
3006246,2282.135485897398
3006247,17.997200493022508
3006248,1.275222479933285
3006249,20.004591218894966
3006250,17.903857398537152
3006251,0.1726124665742813
3006252,175.175047932719
3006253,13.132607854340684
3006254,14.910597442923875
3006255,3.9965467566559676
3006256,133.07713651604604
3006257,6.149180648557433
3006258,248.7984330324869
3006259,141.46069134724274
3006260,4.471380349537477
3006261,8.666145714528215
3006262,243.23261906007684
3006263,61.43992597931341
3006264,2266.829767974618
3006265,1.918324833384301
3006266,22.995208756917172
3006267,1.7769280629598323
3006268,0.04505622597616287
3006269,1.7402065630509573
3006270,1548.6990551490333
3006271,0.02423312633092126
3006272,102.7180578258366
3006273,6.115933953261691
3006274,944.7644488912024
3006275,306.96295682895556
3006276,234.91846093353794
3006277,39.45851835139477
3006278,47.701233021278085
3006279,2902.211143224591
3006280,7.509512834853941
3006281,0.42049903033019675
3006282,15.46872348071023
3006283,10.014231013962105
3006284,0.0798734562453704
3006285,196.69466041015838
3006286,3.6672473676998236
3006287,2.956240244639055
3006288,1.4247757851089127
3006289,26.423625771660276
3006290,0.7237992001093565
3006291,153.74487043499846
3006292,181.2341354040203
3006293,0.9959694587421142
3006294,4.427740279928702
3006295,139.69667486078836
3006296,28.796850469715544
3006297,242.88617954990605
3006298,8.481125923645568
3006299,0.718916320595621
3006300,7.706962990351092
3006301,0.26468131489448726
3006302,5.400442259987601
3006303,4470.100986604568
3006304,0.013522480681543518
3006305,593.447376196252
3006306,19.21262992817377
3006307,1783.0830074668702
3006308,623.073601958331
3006309,439.6314951166206
3006310,168.92789559444577
3006311,117.0842075502948
3006312,6749.790683506759
3006313,32.99118826272805
3006314,0.60540883536527
3006315,32.304444239240404
3006316,21.645492722434994
3006317,0.08577663262595028
3006318,427.2972910712627
3006319,12.686491121273837
3006320,2.8655658953518683
3006321,9.724142122787326
3006322,76.83345041917934
3006323,3.6241867370945293
3006324,520.1137214628937
3006325,337.2442349430229
3006326,3.476120834926428
3006327,16.13490087181943
3006328,343.93180276460595
3006329,103.64514814368188
3006330,1254.9134110795696
3006331,23.277704612523927
3006332,12.621080119678561
3006333,6.2444917006207055
3006334,0.04634644375295482
3006335,0.6678326713831884
3006336,1884.9950052639585
3006337,0.004139007173608392
3006338,181.78613762127952
3006339,12.500558036015056
3006340,1148.8715329876177
3006341,453.93835501768154
3006342,210.3905159923942
3006343,65.40288962675729
3006344,59.453472132516
3006345,2810.4781193974163
3006346,10.78551143673942
3006347,0.7158903589149859
3006348,18.84615203802368
3006349,19.646339277277654
3006350,0.20583680149387587
3006351,180.2137576692038
3006352,7.7473200343197055
3006353,2.4754119628297344
3006354,7.657059471697466
3006355,76.30375921843296
3006356,1.7719705091992188
3006357,135.3134994763645
3006358,183.53344744762873
3006359,1.4597988302407645
3006360,6.172912546100212
3006361,147.7130779223494
3006362,31.626450705707843
3006363,386.36085853608205
3006364,4.757851634154506
3006365,4.202775355235484
3006366,5.091686409405084
3006367,0.02318336034628343
3006368,4.796043662437856
3006369,1842.2842308473914
3006370,0.007714770877050511
3006371,130.75226038764188
3006372,8.841524093246647
3006373,975.9722534989066
3006374,328.2490319450694
3006375,196.13903867613737
3006376,48.096953297914716
3006377,45.36359956324595
3006378,3027.932821518997
3006379,19.157794459849924
3006380,0.21551830069678632
3006381,14.64917453936996
3006382,12.240819610337761
3006383,0.02421782798993799
3006384,181.93418785211858
3006385,2.363499776635339
3006386,3.254802710635744
3006387,2.551834778521287
3006388,64.58834862925829
3006389,0.8954576064240577
3006390,168.17406803477215
3006391,201.07191645372234
3006392,0.49207198155613796
3006393,4.920647902266448
3006394,137.2208668845885
3006395,22.01394453797819
3006396,216.96895217539554
3006397,6.480589819750345
3006398,2.0710498659262786
3006399,3.760081738788742
3006400,0.006241381089643216
3006401,3.152020159869878
3006402,1622.7381467866164
3006403,0.0004759120849799143
3006404,169.8288173256662
3006405,9.225436591105412
3006406,1493.369254931214
3006407,409.8924446681544
3006408,262.572166194298
3006409,34.04491103004246
3006410,65.89974055527772
3006411,3292.307651097704
3006412,10.122191540114311
3006413,0.5031180950197999
3006414,12.410988334064752
3006415,20.782053309426086
3006416,0.11416913590487165
3006417,255.21740238976213
3006418,1.217327117931834
3006419,2.8692298223407833
3006420,3.035096162252651
3006421,33.09196196588886
3006422,2.195357896655812
3006423,288.000754656136
3006424,283.67203377740105
3006425,1.62292796615606
3006426,4.8388595326292885
3006427,127.79390226235843
3006428,83.41722413482839
3006429,443.6933843304081
3006430,6.271923244203357
3006431,6.780287738471939
3006432,3.2832999236411715
3006433,1.6291684667345858
3006434,2.9530110487461183
3006435,1618.3399262102116
3006436,0.019326227017561325
3006437,165.3464228880135
3006438,3.592448940678334
3006439,895.1521695184573
3006440,330.24244859180305
3006441,233.59729847568659
3006442,69.60561548167583
3006443,85.32587464849315
3006444,2450.4431124629286
3006445,8.88385555565071
3006446,0.8032300709409698
3006447,17.575029758652732
3006448,16.799950010322917
3006449,0.08003849020314983
3006450,214.12333521070937
3006451,9.182156729650265
3006452,3.4293952852071388
3006453,4.659389194054196
3006454,40.16798379880487
3006455,2.070032515202811
3006456,114.15398428858504
3006457,190.21490811945125
3006458,1.0103797335171902
3006459,5.148307472033546
3006460,93.70800353268821
3006461,39.798839386003216
3006462,630.5080934247148
3006463,8.33176520043646
3006464,5.032921895286358
3006465,4.760082261370033
3006466,0.09257143454789978
3006467,0.872695392760479
3006468,1395.0591316346959
3006469,0.007203316835141815
3006470,141.37398296879562
3006471,7.113449283377152
3006472,974.6952522697682
3006473,258.89471001534304
3006474,149.361300578018
3006475,126.01683068357939
3006476,55.63162940707041
3006477,2023.742204420485
3006478,5.67574436517578
3006479,0.3555914255710224
3006480,11.785496369528266
3006481,10.418586791285938
3006482,0.11348928966763065
3006483,156.0666750098033
3006484,0.008562154987913044
3006485,4.357779540049676
3006486,1.7838250754565992
3006487,64.11135625154346
3006488,1.3989727753203327
3006489,55.464628245149335
3006490,136.6963836959376
3006491,0.7488824786350883
3006492,2.9166680606273703
3006493,66.52900821757194
3006494,35.38079809230653
3006495,476.7748567433244
3006496,3.4677132936235817
3006497,0.4679201420332587
3006498,8.741295198477763
3006499,0.5028698898909431
3006500,3.711859660126319
3006501,3545.9464665696228
3006502,0.015134170848190697
3006503,359.1525340700898
3006504,10.575269351550206
3006505,1274.731519735719
3006506,727.3619664112858
3006507,569.7168793683414
3006508,175.81930191028047
3006509,176.40683017978697
3006510,4548.816648432179
3006511,19.855662866654633
3006512,0.9657886932727319
3006513,22.937366567273667
3006514,30.039726661437243
3006515,0.31213987999975484
3006516,329.54544420843644
3006517,1.1921004979692587
3006518,3.9541340597673593
3006519,12.953094893359548
3006520,88.68006895482307
3006521,3.626736723247676
3006522,235.19091799128375
3006523,299.8978485099097
3006524,2.8461734763234037
3006525,9.650166404970625
3006526,410.2376145199826
3006527,66.05091304481384
3006528,1503.1507616039567
3006529,14.80286275453569
3006530,17.8453498042482
3006531,4.036662085383135
3006532,0.050837838564107445
3006533,5.065924967995431
3006534,2476.3574987464954
3006535,0.008883362843725099
3006536,534.7826719893116
3006537,8.594572763090323
3006538,598.7211070940074
3006539,605.6242414355913
3006540,239.27225557318482
3006541,162.11605562420604
3006542,105.90648816585778
3006543,2778.5088725544056
3006544,14.620790004056245
3006545,1.0189369483554314
3006546,22.769068909572212
3006547,17.318762933385386
3006548,0.12192841099284005
3006549,193.85369959326889
3006550,10.731183432248555
3006551,5.064046621963495
3006552,6.972478950818308
3006553,82.09479211235632
3006554,2.428054684704986
3006555,101.7477529764788
3006556,167.39511389533598
3006557,5.108520452136344
3006558,7.3352496338642545
3006559,185.3415910301607
3006560,55.87842379220296
3006561,1389.8398136235128
3006562,35.43067565639974
3006563,18.717283157537707
3006564,8.088791463264133
3006565,0.6309167752881866
3006566,5.092803680257795
3006567,3580.1314165566823
3006568,0.040878552571476344
3006569,206.41016397038396
3006570,9.466810218582701
3006571,1582.7598612623592
3006572,474.98233747611937
3006573,369.77423508903706
3006574,61.684876654549036
3006575,63.815813037419126
3006576,4312.650212758941
3006577,22.150262278292928
3006578,1.3690802588205355
3006579,22.05102586357715
3006580,17.925400906763787
3006581,0.14187948093402963
3006582,269.72393776090405
3006583,9.737553564421093
3006584,3.691928480732698
3006585,6.050782331605271
3006586,55.57626717714976
3006587,3.497227064231384
3006588,204.2497961732291
3006589,263.15611965516
3006590,1.3854264247455883
3006591,6.556909547486279
3006592,282.79884581345107
3006593,31.640128225377033
3006594,592.8641773247466
3006595,13.801539126414998
3006596,4.547804196241271
3006597,6.890374163997903
3006598,0.017493257951842332
3006599,7.940719819148238
3006600,3493.935210290948
3006601,0.011178211319535987
3006602,678.1711799336367
3006603,18.617849273274746
3006604,948.6224366705657
3006605,921.9670182408729
3006606,252.2821152289523
3006607,178.49295124561905
3006608,147.99525712414305
3006609,4368.529899117655
3006610,65.4579728569077
3006611,1.3764796193148225
3006612,20.769978132789426
3006613,26.816305242770795
3006614,0.2323310030342819
3006615,296.9656815572058
3006616,27.23040005302934
3006617,21.79056882232264
3006618,8.138740812284409
3006619,178.94516417379896
3006620,10.405172041440649
3006621,419.80298119745305
3006622,290.1870094906202
3006623,10.172105925569523
3006624,10.17167452820061
3006625,476.063640550034
3006626,116.27545785982788
3006627,2328.325272690933
3006628,3.4989131978289834
3006629,33.996129660180145
3006630,9.196597676921678
3006631,0.06660627720238224
3006632,5.855720026581736
3006633,4073.2610763711746
3006634,0.02562720358162441
3006635,542.7043402202182
3006636,12.432746311752327
3006637,1666.1115809268742
3006638,853.8794043099498
3006639,719.6113156757625
3006640,106.75791803563524
3006641,138.91491209671426
3006642,5930.853803374859
3006643,21.72897496178216
3006644,0.7831664413908196
3006645,27.734746324421717
3006646,14.84058230550955
3006647,0.0
3006648,385.82354839082285
3006649,6.8677519775674245
3006650,9.914996137456553
3006651,4.8967780986483
3006652,104.85756899778043
3006653,1.4979805201160237
3006654,323.4941964669146
3006655,398.7704473667439
3006656,5.693857364041766
3006657,6.0641145425819305
3006658,360.5966823054766
3006659,81.45929974404592
3006660,1213.3570916306167
3006661,84.58443349605258
3006662,21.295713752951475
3006663,13.760609448909616
3006664,0.4511701203881509
3006665,6.076218653238725
3006666,3405.4381854585363
3006667,0.04844311782549229
3006668,475.2572670013319
3006669,10.58153503428376
3006670,1592.8533994542588
3006671,672.0972591349703
3006672,353.03928464950786
3006673,241.10437546536147
3006674,161.45332755269146
3006675,4448.382226292306
3006676,19.843704707349122
3006677,0.7642587975086556
3006678,46.820388435985635
3006679,39.25115642405669
3006680,0.22365663381962506
3006681,367.6986892458355
3006682,5.733357592161283
3006683,5.0581819727693125
3006684,12.661536026536401
3006685,145.17631284948453
3006686,2.4687014384749313
3006687,129.92220306606123
3006688,326.6464647154593
3006689,2.568369030592612
3006690,6.4351136112850575
3006691,191.14878529951963
3006692,158.3537907834105
3006693,1504.182357135034
3006694,2.939124362668055
3006695,10.837255240899852
3006696,5.60133229873193
3006697,0.18447186575087135
3006698,1.4920221482614227
3006699,1849.8943361286197
3006700,0.01927471946100487
3006701,139.68329445096967
3006702,11.453549096253939
3006703,670.4128404757241
3006704,334.53886826678746
3006705,148.24862670837894
3006706,45.61804734701484
3006707,91.98025005334098
3006708,2451.004539236386
3006709,11.187092356972757
3006710,0.5696783909238885
3006711,21.853532476125785
3006712,18.643803912563964
3006713,0.015917203115331905
3006714,177.39375441010088
3006715,1.1058836427855254
3006716,3.3111825005455526
3006717,4.619513278271783
3006718,144.99447766790234
3006719,3.120453953560999
3006720,84.8406403717459
3006721,149.55880136910847
3006722,1.101714237293977
3006723,6.09738631801179
3006724,135.5523782623694
3006725,30.577278560831388
3006726,431.32352766660705
3006727,15.92402575676362
3006728,3.247775922195818
3006729,2.0428981801902713
3006730,0.027180325111497424
3006731,3.4757645921958624
3006732,1634.506727522602
3006733,0.017508618942849698
3006734,256.64527068004526
3006735,16.776031962318044
3006736,518.0793153378165
3006737,482.59726308988405
3006738,140.43054861038632
3006739,50.880402956409085
3006740,89.34200587344847
3006741,2079.6334167761056
3006742,25.54999334202855
3006743,0.3968113478592216
3006744,15.715225678916966
3006745,14.337280204428483
3006746,0.13685601739387737
3006747,126.57355986820856
3006748,12.687268284918288
3006749,3.866586870423357
3006750,3.381024713293405
3006751,109.79444465779328
3006752,5.2419237376751
3006753,371.65949518563684
3006754,146.5086108408197
3006755,4.196221234758813
3006756,5.343792288967649
3006757,253.1786210435472
3006758,39.11293604078011
3006759,1099.8516070444327
3006760,2.024223043846498
3006761,6.625912677308085
3006762,3.649997740686628
3006763,0.1701856875446634
3006764,6.597343639766158
3006765,4228.917305394658
3006766,0.04235770356052264
3006767,798.4820546806842
3006768,21.864185380477238
3006769,1193.696056128714
3006770,1429.1430951976633
3006771,300.67222524411505
3006772,237.23834900056315
3006773,196.56001462676969
3006774,4551.362044093646
3006775,33.951546146690056
3006776,0.9529038893264499
3006777,22.881155141938354
3006778,43.9205084257424
3006779,0.0695743141889187
3006780,292.1644115426819
3006781,14.831288160600112
3006782,45.76733256226131
3006783,9.13515208981477
3006784,161.84425202325895
3006785,15.128429823167352
3006786,388.718134940523
3006787,312.2317110688422
3006788,19.53828172543946
3006789,10.235929123033522
3006790,558.8992173410938
3006791,125.19848351552479
3006792,3436.4079565038533
3006793,4.6902569250042925
3006794,21.53874881669023
3006795,3.111836527194104
3006796,0.1413300311719112
3006797,3.281442346212105
3006798,2166.7849174741414
3006799,0.005439070035504701
3006800,380.328232949312
3006801,8.225471128724442
3006802,468.7078048977774
3006803,588.2958577618452
3006804,150.62788982657673
3006805,113.97784101697383
3006806,161.43722075871625
3006807,1849.1725428613483
3006808,20.820018925325023
3006809,0.7895942467792121
3006810,16.197131007961
3006811,15.501495378606997
3006812,0.04180778070651694
3006813,116.94054298159486
3006814,0.04415013643425593
3006815,33.5058427957377
3006816,3.712942816620781
3006817,481.8852757008003
3006818,8.728081779922512
3006819,190.27573008959132
3006820,127.73309323445892
3006821,4.427540746909282
3006822,7.169390549369371
3006823,161.0057659903153
3006824,37.47196910099917
3006825,1445.0355583802466
3006826,1.9382848601888718
3006827,2.8490455449643757
3006828,4.80727154862958
3006829,0.02265415142544929
3006830,1.6147717738309724
3006831,1100.7334980304931
3006832,0.009861159665358003
3006833,213.26244684306462
3006834,8.306043662082772
3006835,432.9440488593347
3006836,241.7660181590823
3006837,93.78697541442253
3006838,35.503690859395796
3006839,37.88481147502619
3006840,1725.2735574228159
3006841,12.007339886760663
3006842,0.6218771183144033
3006843,10.807134369249212
3006844,8.16491759179149
3006845,0.17264141749900078
3006846,90.20136526320715
3006847,0.42637087316716155
3006848,9.831851061457677
3006849,0.8545021856682451
3006850,52.755157829087786
3006851,0.22865099293528815
3006852,261.97661703565734
3006853,128.5095365429318
3006854,2.3612048818665783
3006855,2.9308359248648213
3006856,162.0806779403458
3006857,21.633452812460856
3006858,516.4826543094645
3006859,1.576218071747113
3006860,2.0603824640823025
3006861,8.31029736410125
3006862,0.17307697296064073
3006863,4.828317327698593
3006864,3712.6252674281845
3006865,0.1462759697345311
3006866,670.9246091817306
3006867,31.371729969921617
3006868,1060.5127304682635
3006869,1085.6865255904981
3006870,317.9404155883077
3006871,247.23095980580294
3006872,238.730850962933
3006873,4300.64869750321
3006874,29.70327765437536
3006875,2.4875456566088014
3006876,30.639934055538916
3006877,33.67728190907386
3006878,0.41099296812711217
3006879,279.5588847712755
3006880,10.035485392366798
3006881,50.62796698590506
3006882,9.969453297478665
3006883,382.5901478258708
3006884,6.507422501097911
3006885,304.9583925467783
3006886,285.569931564419
3006887,11.893666050110355
3006888,11.568560997880821
3006889,403.8105237376572
3006890,94.45106576734253
3006891,2794.91986581985
3006892,1.8558216910171164
3006893,18.25966683612627
3006894,8.286043939068271
3006895,0.05962735935078992
3006896,4.590991866248498
3006897,3761.9911619780023
3006898,0.01723204860583525
3006899,706.4047482511771
3006900,24.730444004745745
3006901,1340.7532798195778
3006902,951.0029758648357
3006903,367.84331311763856
3006904,226.37530671808733
3006905,135.47974187132834
3006906,4717.130102797143
3006907,14.555388834403628
3006908,1.0934628457274347
3006909,39.493182051330706
3006910,23.9460979565168
3006911,0.5756171656020603
3006912,314.34562194174214
3006913,0.0
3006914,8.404129788987152
3006915,6.45820346446776
3006916,144.86007146873186
3006917,1.7581342682719239
3006918,231.01364712776498
3006919,314.90404527843793
3006920,5.561390965812024
3006921,5.697093810524805
3006922,273.85722022845056
3006923,88.60867310719692
3006924,1725.9324221219783
3006925,2.4445689168116598
3006926,7.282319027916615
3006927,7.088996274292057
3006928,0.47834718695249334
3006929,2.154200578581661
3006930,3427.5764340239352
3006931,0.030734547867710175
3006932,662.8876299924465
3006933,19.60248256764289
3006934,1101.6853634499914
3006935,787.383262068481
3006936,289.96166853114426
3006937,204.68828848573486
3006938,163.79460166982196
3006939,4384.838327095569
3006940,23.26640720718675
3006941,1.3650087113549612
3006942,27.590715710440197
3006943,25.325530170501896
3006944,0.08248447648789531
3006945,274.15012714847035
3006946,0.0
3006947,7.214207506206161
3006948,6.653508288248358
3006949,220.44062565113268
3006950,2.092414506959575
3006951,118.747589736381
3006952,259.4731772868197
3006953,5.588401732527362
3006954,5.534901664055963
3006955,210.5012515433421
3006956,65.42901310787398
3006957,1260.622244378521
3006958,2.3475108826453974
3006959,8.823442468765048
3006960,15.452314762582132
3006961,1.1616133602283714
3006962,17.93925916369376
3006963,10454.992001598896
3006964,0.049419254094318174
3006965,1308.2312531271436
3006966,56.400311340853364
3006967,2340.0372353641
3006968,2388.5637707643295
3006969,434.19578999672865
3006970,535.386273948919
3006971,474.26092956161284
3006972,8779.894902534152
3006973,95.54512748319846
3006974,3.104665490764502
3006975,58.11452841432069
3006976,63.876798713837296
3006977,0.8937296701034556
3006978,653.2528220393184
3006979,58.42711520171257
3006980,70.8520141696654
3006981,28.884812386107864
3006982,431.0183395588504
3006983,36.31415811960583
3006984,789.003765412705
3006985,683.0013756558963
3006986,23.60098722899584
3006987,32.26329170700302
3006988,1226.749324698695
3006989,271.09086915941214
3006990,7572.063664658166
3006991,3.791168353723202
3006992,87.32083066474048
3006993,3.3049049322178283
3006994,0.25862308947389295
3006995,0.5383914318732795
3006996,1600.9657173152852
3006997,0.023540721053644256
3006998,163.15072717647544
3006999,4.866645323565061
3007000,950.0902975596839
3007001,286.05881063338234
3007002,121.89553096420433
3007003,137.8518955739577
3007004,80.58583427696765
3007005,2173.691379897251
3007006,5.948433943634037
3007007,0.3873704799053559
3007008,13.008669486788325
3007009,8.121781671505781
3007010,0.2697809979488727
3007011,163.06359195416573
3007012,0.49278258603562736
3007013,3.4866886753543596
3007014,3.534008538156216
3007015,69.23766576866183
3007016,0.6442184824338256
3007017,58.65933820953623
3007018,101.36543826083793
3007019,2.4005877350650664
3007020,4.873428704233183
3007021,109.10952516024345
3007022,21.060071785846375
3007023,511.072382835814
3007024,1.9309266227062976
3007025,4.928099343175734
3007026,9.54652590447317
3007027,0.26109765465316087
3007028,3.255532011512167
3007029,3444.2725947867766
3007030,0.022730384095683225
3007031,583.6287133551454
3007032,14.984308817209621
3007033,1692.103423731786
3007034,773.5566396596041
3007035,291.42738244579476
3007036,257.5631887631432
3007037,147.6366456217151
3007038,4970.840436562771
3007039,16.53363755820154
3007040,0.4991004517577034
3007041,27.81456301152209
3007042,21.201939007845123
3007043,0.12872133144728173
3007044,323.91307739434706
3007045,1.3064309433453756
3007046,5.213302257167797
3007047,11.027852072198293
3007048,51.70641901614525
3007049,2.079518707029598
3007050,335.40951473130235
3007051,327.6480954315185
3007052,4.485762668720289
3007053,8.76414094846812
3007054,139.00161984090985
3007055,70.09946079889879
3007056,1330.515783968374
3007057,3.357579009059964
3007058,6.957101003550185
3007059,1.622224487660385
3007060,0.017555096102800503
3007061,0.4038944601931869
3007062,1134.5249907620696
3007063,0.014819282323228588
3007064,113.91030492013415
3007065,4.1903081549305945
3007066,804.5253795146845
3007067,185.07411357121592
3007068,90.75417573720198
3007069,137.98592334865663
3007070,30.222396033011446
3007071,1682.7732751257286
3007072,2.0191547725540993
3007073,0.21984891303936696
3007074,11.905196304913419
3007075,3.738560745860148
3007076,0.026024959187508124
3007077,104.16406292257712
3007078,0.0028371068986783494
3007079,2.7481599553041325
3007080,0.8557352731742228
3007081,67.17570275023259
3007082,0.27267380214009596
3007083,74.66632060587105
3007084,86.7663749445063
3007085,0.5276800162526604
3007086,1.0134956968839637
3007087,66.71284430499354
3007088,12.391220032849429
3007089,232.6897708054313
3007090,1.5113377233482093
3007091,1.0803192448003598
3007092,10.165243669627642
3007093,0.016834769729664457
3007094,1.6617999701510393
3007095,2266.8842272658935
3007096,0.0019326706373841624
3007097,255.57796707606133
3007098,8.427337394527612
3007099,1116.4570462760712
3007100,477.3850055869979
3007101,187.18432313284427
3007102,159.1497078737456
3007103,141.69195666040946
3007104,3366.4016634938703
3007105,3.9503099260375074
3007106,0.5572691376601975
3007107,29.781788417484133
3007108,21.17226030441646
3007109,0.12238288479933306
3007110,268.2734178593812
3007111,0.0
3007112,5.385073823323714
3007113,16.333045199302486
3007114,70.10315271673699
3007115,1.803627804592127
3007116,285.1363624206116
3007117,237.94508857455605
3007118,1.8239817683582717
3007119,5.100340936468811
3007120,194.91681629039203
3007121,32.3761893523362
3007122,1305.017126854683
3007123,3.8991501242023627
3007124,1.7010158530280888
3007125,2.8376303879084523
3007126,0.21893622420262193
3007127,1.6893289223089134
3007128,3027.0789294454944
3007129,0.024583293787289937
3007130,690.1625794234187
3007131,10.10953493280614
3007132,894.646564693522
3007133,727.9794217248274
3007134,233.89328491220883
3007135,125.57271946654375
3007136,94.41399980842431
3007137,4491.4337918915635
3007138,9.320273312993011
3007139,3.310406988076597
3007140,34.94284904386353
3007141,43.93713344416079
3007142,0.1659579395424125
3007143,240.34369371278027
3007144,3.13719383742899
3007145,9.482262378617627
3007146,3.6751832393265027
3007147,66.9184118377247
3007148,2.9249503391264904
3007149,181.0078545784328
3007150,294.71268632435664
3007151,4.183782126154457
3007152,6.8234193041122975
3007153,152.88061583451935
3007154,35.86798846431586
3007155,668.9879661657678
3007156,2.517975211186189
3007157,5.478798295353269
3007158,5.214453229052418
3007159,0.0493457591993216
3007160,0.1876339149496315
3007161,1599.22021815938
3007162,0.022355050153424195
3007163,100.02468887558587
3007164,4.664447866073634
3007165,504.40892572660346
3007166,202.19716005318233
3007167,94.19517962477542
3007168,134.33632069127057
3007169,80.66769079379358
3007170,1980.077085828959
3007171,4.898609741017773
3007172,0.3303889160993623
3007173,11.471782466095737
3007174,7.938549939267507
3007175,0.12484149401357478
3007176,124.58659172085605
3007177,0.003586234421492841
3007178,4.19793010419067
3007179,0.8159361963613391
3007180,96.7812464451214
3007181,0.6445613482619694
3007182,172.81866779448924
3007183,105.17573739544443
3007184,0.592376112253115
3007185,0.8139046594784312
3007186,52.62863421113858
3007187,18.771527280626852
3007188,405.3456574478335
3007189,2.1024211188485538
3007190,1.316268183898004
3007191,4.631339545178988
3007192,0.053506182031332526
3007193,0.7103227250240013
3007194,3345.7802974472474
3007195,0.026540239619678812
3007196,499.3296896630439
3007197,12.37508959094761
3007198,964.1022772617671
3007199,611.3041689607167
3007200,213.95884882291128
3007201,121.12673191336232
3007202,167.63837589065722
3007203,3804.192829493957
3007204,8.445375244087094
3007205,0.32910739088791374
3007206,23.407428179126892
3007207,12.152106910426916
3007208,0.14887442817296795
3007209,218.44431514006206
3007210,0.0039423080291039695
3007211,41.97971965046757
3007212,2.7961393427667187
3007213,98.89744645739877
3007214,1.2856772430168446
3007215,231.18855140039005
3007216,222.95698787805966
3007217,1.6197516039940192
3007218,5.331327506465602
3007219,119.32945587045072
3007220,48.442509123088335
3007221,1246.1069105332012
3007222,3.527033097889823
3007223,0.34361281467015425
3007224,3.117677342874793
3007225,0.0
3007226,7.437240584054031
3007227,2869.524659077855
3007228,0.01246922027064103
3007229,493.22559188754315
3007230,10.563010824032663
3007231,921.7574828355315
3007232,840.5065003527457
3007233,155.69263871731278
3007234,132.74771875565384
3007235,114.82032854428223
3007236,3604.751030730758
3007237,46.64674277287162
3007238,1.3479638065904365
3007239,26.800050902513185
3007240,22.846912685127727
3007241,0.17622496487137412
3007242,264.80220318797126
3007243,26.590509195531087
3007244,25.17137948247164
3007245,2.323419991157959
3007246,167.2625625988121
3007247,11.13874413090026
3007248,219.20522994997646
3007249,263.6547923177417
3007250,11.707351970267995
3007251,14.530700730248753
3007252,276.04800848106765
3007253,64.95319688564855
3007254,2417.2239963907614
3007255,4.328556270180779
3007256,11.844356139818725
3007257,7.852025215859445
3007258,0.007760085119457038
3007259,10.55129812483294
3007260,3853.43069429199
3007261,0.01343650326758172
3007262,527.1802307552398
3007263,21.86371733938408
3007264,1313.7710198107886
3007265,873.9370117937764
3007266,187.60358859115195
3007267,111.98989522068892
3007268,119.0931252094407
3007269,4524.83764464973
3007270,32.54021624472909
3007271,1.7370226208373123
3007272,38.22291175459062
3007273,53.62895590579071
3007274,0.055571675545347685
3007275,440.32261947449547
3007276,34.18149398394364
3007277,24.715047359562554
3007278,10.069480556568788
3007279,171.71728543613364
3007280,13.731580329865775
3007281,162.1038026239632
3007282,474.05419842366695
3007283,9.056095463989484
3007284,12.091123944030198
3007285,159.6652834913443
3007286,92.90026842706307
3007287,2116.1014099210834
3007288,3.920246401690677
3007289,20.14660247403809
3007290,9.488945186390827
3007291,0.22487999823711569
3007292,5.042452526756433
3007293,3823.3997604870847
3007294,0.012946277926906273
3007295,729.0739530935194
3007296,12.006598505957625
3007297,1749.677592770497
3007298,702.9644252189747
3007299,222.38987061305917
3007300,298.33298345858526
3007301,115.04055144743194
3007302,5154.239950546446
3007303,37.492208463623534
3007304,1.7764114605768626
3007305,29.98814308392744
3007306,19.863060771856386
3007307,0.09568632796325523
3007308,326.3178332284004
3007309,6.391673903936288
3007310,18.745058331058154
3007311,10.484800083773283
3007312,119.6292017423327
3007313,4.598967380872519
3007314,178.1815769323525
3007315,319.78411914310556
3007316,8.755590529255983
3007317,11.164687712479443
3007318,259.03687226370045
3007319,56.778056833909694
3007320,1500.8748555551408
3007321,12.760746172592587
3007322,20.004327721695056
3007323,4.4144349151514195
3007324,0.3621347742690284
3007325,5.446874022765406
3007326,3095.3524445951043
3007327,0.0842384093576691
3007328,407.24332607744077
3007329,12.754001143771731
3007330,932.3759431830274
3007331,836.377685296187
3007332,240.426744848222
3007333,151.03163449138205
3007334,123.07856671824297
3007335,3807.211543260002
3007336,29.088869746029243
3007337,1.3973613165471577
3007338,16.004518742623212
3007339,16.59249652169663
3007340,0.1879830234591096
3007341,287.4433060958147
3007342,23.49917818830407
3007343,28.342137946862795
3007344,1.6685477690583477
3007345,184.68304236790578
3007346,10.415898930739429
3007347,344.51277560732274
3007348,279.06878129757104
3007349,8.381537061036246
3007350,10.426474439148201
3007351,419.69906285999053
3007352,50.27188873482273
3007353,2348.8172715658006
3007354,4.004760930638214
3007355,28.76078261752822
3007356,4.430490542511878
3007357,0.21691692893894637
3007358,3.3384869720229657
3007359,5591.527584573646
3007360,0.02825323928690462
3007361,416.2210790272406
3007362,10.384957517748514
3007363,2303.383698515089
3007364,673.3251897185381
3007365,303.24717463622824
3007366,184.18754556634485
3007367,125.74980359040813
3007368,6174.989431371632
3007369,15.07248659295112
3007370,1.20880480907006
3007371,32.19020637445099
3007372,29.626970125388944
3007373,0.18676927604459626
3007374,471.1731103238629
3007375,0.02944411191952214
3007376,5.196020132286029
3007377,7.2306499175679635
3007378,115.91916055743711
3007379,2.571689926465169
3007380,147.50001844639874
3007381,351.55467180645184
3007382,4.180192426498029
3007383,9.68316913934799
3007384,187.55398201503968
3007385,64.80347009994138
3007386,1202.1488202797148
3007387,4.504534534358717
3007388,8.058486630157478
3007389,7.763965941676492
3007390,0.08698664066383341
3007391,7.83810190818417
3007392,3338.9212070799335
3007393,0.01321709436595742
3007394,563.8094306918209
3007395,15.20351506085847
3007396,1229.1318670570024
3007397,821.8149397000815
3007398,259.61820457930116
3007399,147.56967186759982
3007400,209.42499168804534
3007401,4316.775011617329
3007402,39.14994007282951
3007403,1.4166725141893666
3007404,31.862678495670732
3007405,27.970502152298614
3007406,0.1124594327753357
3007407,295.2463984209834
3007408,21.202086326603233
3007409,28.54265916486515
3007410,9.836456284487177
3007411,196.8167481788506
3007412,15.881507591298488
3007413,224.54907913367828
3007414,471.73166314750375
3007415,14.83229084139036
3007416,10.628274097553446
3007417,203.69868210035207
3007418,58.870238463832806
3007419,2138.1766602025245
3007420,1.836053987734888
3007421,7.3030704102153186
3007422,4.624755905606196
3007423,0.03501847344790962
3007424,7.0804262399640905
3007425,3036.5947973721013
3007426,0.02542229367509225
3007427,496.6859351872855
3007428,15.288092044565207
3007429,786.015096262196
3007430,860.3958427493241
3007431,183.73254933602033
3007432,145.60575501009419
3007433,131.06748979955205
3007434,3463.550838291452
3007435,42.3347863467179
3007436,1.016969240023369
3007437,23.170174561784044
3007438,21.925962227690768
3007439,0.05132370425963983
3007440,250.0614361355189
3007441,25.664615200018943
3007442,44.65817233835307
3007443,6.608864841713608
3007444,137.77298602831266
3007445,11.92898372410909
3007446,265.78038586848675
3007447,238.9052689632922
3007448,10.40633496871634
3007449,10.742580596169317
3007450,250.94828026822717
3007451,61.348395654768005
3007452,2284.7005845907693
3007453,4.672574811164205
3007454,16.551916867906762
3007455,4.7970769949905225
3007456,0.152895622365419
3007457,3.9297652734886293
3007458,5171.687445200871
3007459,0.0035635713869837903
3007460,579.054444995995
3007461,21.14116371901915
3007462,1321.1545922887876
3007463,671.5525965567286
3007464,271.5395526899503
3007465,157.48327439231008
3007466,91.0064118496477
3007467,4905.58700455678
3007468,9.490567025588316
3007469,0.25843743535734837
3007470,18.97829958494392
3007471,19.158358107433447
3007472,0.04944599538083917
3007473,260.2357006415044
3007474,0.0
3007475,9.44130259807109
3007476,1.1352041635020016
3007477,162.87379932991968
3007478,3.074789731393548
3007479,188.9912155144966
3007480,321.33791114155696
3007481,3.239900628852057
3007482,1.887765931922185
3007483,219.4927872972457
3007484,111.43576895962472
3007485,1224.5195463824007
3007486,3.422778416784096
3007487,0.15500311997233
3007488,21.53505159593165
3007489,0.006822069231413019
3007490,25.32392092079901
3007491,12764.468481818492
3007492,0.061300687256956775
3007493,2041.439106311928
3007494,38.76776247619139
3007495,3090.583957401475
3007496,3130.670922598453
3007497,697.6965488431996
3007498,714.2056795745315
3007499,617.3692783257694
3007500,12746.358470406038
3007501,102.72783136660966
3007502,5.8866356319792
3007503,136.911634221714
3007504,139.2097426422356
3007505,0.6979089403164267
3007506,1010.7674101209793
3007507,48.850515123594306
3007508,39.500528210190936
3007509,46.678678629529166
3007510,725.8891759968836
3007511,37.21783888951926
3007512,1053.6276090996216
3007513,813.9323415744353
3007514,61.74183635735116
3007515,50.79711163707847
3007516,1348.5709293405478
3007517,317.4671213822965
3007518,11041.3281664542
3007519,258.13619767882705
3007520,107.2474428146844
3007521,18.750261167696234
3007522,0.027718749323716447
3007523,19.218703193583707
3007524,11992.006043333251
3007525,0.09380825198993734
3007526,1428.3140478677744
3007527,38.23101166347884
3007528,3007.2129980974705
3007529,2520.7885787780365
3007530,811.1093860511528
3007531,439.073001639013
3007532,434.8855332570918
3007533,12634.813889418225
3007534,165.7949261837359
3007535,1.8177688583698317
3007536,73.72225778313478
3007537,97.20221807939336
3007538,0.9383152709237302
3007539,859.2236551058649
3007540,39.814893121919916
3007541,57.748908807594475
3007542,25.512735190056304
3007543,447.34250620105854
3007544,26.9495180299156
3007545,1301.0416196884594
3007546,881.9861443501372
3007547,32.43986167745539
3007548,39.85171167986855
3007549,1481.1839362721219
3007550,295.227538049097
3007551,6445.100061486592
3007552,300.5886015659539
3007553,89.84037003562871
3007554,16.801791254875088
3007555,0.02424062927668707
3007556,23.761599824953443
3007557,8665.147670509852
3007558,0.15549575426592252
3007559,1150.2404327185948
3007560,22.5141927237569
3007561,2923.1690315459505
3007562,1921.9606831244407
3007563,974.6455487069227
3007564,196.8137076944591
3007565,314.2897724909074
3007566,11607.922880987784
3007567,68.56313277624051
3007568,2.2876117751045864
3007569,47.26172377416482
3007570,39.07644951187435
3007571,0.5296413249610199
3007572,853.8210978988011
3007573,44.973442566293606
3007574,38.889320845957194
3007575,12.905907939156702
3007576,251.63357460698742
3007577,14.856632192501753
3007578,1055.3520143377957
3007579,952.8589607586167
3007580,34.88342585415948
3007581,56.92185876388704
3007582,969.0035363930036
3007583,167.8550338557989
3007584,3120.4107027574755
3007585,235.21469565653908
3007586,60.70320172985054
3007587,18.634631165664302
3007588,0.011162469293518714
3007589,25.662143765214154
3007590,11292.655808765398
3007591,0.07872562824405203
3007592,1261.8629152137557
3007593,35.28879505854093
3007594,2789.475152493016
3007595,2493.758274979585
3007596,747.5737847802349
3007597,399.1830546346361
3007598,337.1910271542981
3007599,11931.666273695413
3007600,78.35449752599258
3007601,2.106597012178771
3007602,71.61643550764762
3007603,87.54143887095562
3007604,0.2169556487964723
3007605,859.9367435108472
3007606,39.449975748181636
3007607,40.212918784674706
3007608,28.197256841861122
3007609,407.0871508208305
3007610,21.229160497445932
3007611,974.1215465087283
3007612,916.774083671067
3007613,28.817015830833206
3007614,40.78476920981414
3007615,1274.3327649395064
3007616,254.13549476778027
3007617,5521.39146667218
3007618,165.85118722289235
3007619,73.02677310039468
3007620,17.385008332146004
3007621,0.0087989781670142
3007622,23.313256634282105
3007623,6563.85516970767
3007624,0.015452667841126814
3007625,947.498641786524
3007626,30.825827039152326
3007627,2652.5175459325574
3007628,1600.4670638580637
3007629,767.917904184837
3007630,149.74648631331777
3007631,243.98645355562493
3007632,10893.261355417211
3007633,65.83659599441806
3007634,0.7532893326381755
3007635,43.28529494947708
3007636,46.70149660564896
3007637,0.46394933769809604
3007638,756.6995066379343
3007639,48.48268951693119
3007640,21.61780743596262
3007641,11.552633373039654
3007642,239.39655152502044
3007643,8.882504159192706
3007644,957.2637050673304
3007645,872.2410567045298
3007646,22.97742779671108
3007647,33.791124731228095
3007648,1020.6522063767293
3007649,111.75986357223454
3007650,2375.3546837396557
3007651,226.8095897736834
3007652,24.22040950274375
3007653,11.387558287426996
3007654,0.026139877095838475
3007655,15.809944816444867
3007656,8249.824943247255
3007657,0.027474454436979084
3007658,1203.4251603064456
3007659,31.936187792315643
3007660,2083.44985800013
3007661,2291.6913652772396
3007662,496.58406399799605
3007663,468.1668555352916
3007664,427.7382679637993
3007665,8218.085031093598
3007666,71.76245204999908
3007667,1.7224641508309289
3007668,57.96647961886587
3007669,50.35781805876171
3007670,0.6059333262810049
3007671,566.6084313033925
3007672,18.809838235612027
3007673,40.969367854673266
3007674,15.304950840083203
3007675,483.3771568519115
3007676,21.803650855749307
3007677,827.0447011458836
3007678,567.3016093712957
3007679,22.68263032949814
3007680,37.7375812773617
3007681,1079.0288438700477
3007682,257.90423860511623
3007683,7093.026129576951
3007684,129.97758389412442
3007685,69.23578095017527
3007686,6.6803131633255575
3007687,0.18904045909665437
3007688,7.369895687664319
3007689,2055.2743489670074
3007690,0.01488364175092848
3007691,340.20833550407457
3007692,30.026833679492267
3007693,1188.0725232781137
3007694,561.2412024833229
3007695,226.19811732472752
3007696,81.06141334367507
3007697,125.43923352453761
3007698,3135.7331901697207
3007699,44.178708490798854
3007700,0.8985806639173604
3007701,29.469581547662763
3007702,25.243396435028693
3007703,0.1511749551340477
3007704,243.21848340157217
3007705,15.022996119640501
3007706,11.757625438220204
3007707,11.388159161137843
3007708,115.82702523705869
3007709,8.959156482665312
3007710,242.26736136343453
3007711,255.7437854068629
3007712,3.9857038944038377
3007713,7.637711957730068
3007714,225.27112620783865
3007715,55.16476410804377
3007716,1530.9998740804501
3007717,1.7017196468518727
3007718,8.4255909067325
3007719,11.907596844307955
3007720,0.014063078009297392
3007721,17.74724411034931
3007722,5744.846527441406
3007723,0.051858527193774005
3007724,679.6198897196897
3007725,40.1133105679718
3007726,2280.028532632825
3007727,1384.8776393957032
3007728,588.6971474199587
3007729,126.64736093020883
3007730,199.40302356165608
3007731,8072.362461522032
3007732,115.63606489569501
3007733,1.406306809710424
3007734,63.129152185468506
3007735,57.105040111914136
3007736,0.33524403903641997
3007737,607.0736924562499
3007738,33.58316580171661
3007739,12.289825218374784
3007740,3.707189220334391
3007741,237.4778315830132
3007742,14.663098089822244
3007743,607.3445202000767
3007744,687.4075345308166
3007745,18.55659759185953
3007746,31.721916047362456
3007747,464.68319040457425
3007748,93.17536932794148
3007749,2422.8872757342497
3007750,185.83701852640644
3007751,22.158651624312782
3007752,9.113596749122038
3007753,0.010804513108400901
3007754,8.69287470003243
3007755,5365.987437881372
3007756,0.045786546048709346
3007757,957.3559240833016
3007758,13.810382827387611
3007759,1580.3628819397377
3007760,1638.7008783015706
3007761,272.92125937121676
3007762,328.3726387472523
3007763,367.9312471490789
3007764,5483.806311601527
3007765,39.35837005468416
3007766,1.3725048172884475
3007767,35.73640909558008
3007768,41.453832447675524
3007769,0.5052184726544996
3007770,391.9013475595793
3007771,2.6425303271194345
3007772,62.969663706180874
3007773,6.808358299309466
3007774,298.3937437998271
3007775,15.294377603023738
3007776,617.0659605981422
3007777,332.4047222919791
3007778,24.443568919727113
3007779,13.99113553818064
3007780,672.9334812770941
3007781,135.89989831147423
3007782,5259.465283340967
3007783,4.228318224905465
3007784,48.68235635831779
3007785,13.69735940836493
3007786,0.034784237768615375
3007787,11.698559357210835
3007788,5659.194168113596
3007789,0.020776645713359746
3007790,981.6496250589928
3007791,17.94723671060377
3007792,1949.2680381624737
3007793,1314.6270986843465
3007794,425.50885321625896
3007795,233.29874468961034
3007796,429.1528956882242
3007797,7501.67739080959
3007798,58.20114867763473
3007799,3.9174819475089264
3007800,51.00659446115748
3007801,50.89016757124895
3007802,0.3330608003427439
3007803,475.37050589975223
3007804,11.332890377887358
3007805,79.14059519618748
3007806,9.09509432001953
3007807,438.61354674353123
3007808,14.244645517363086
3007809,557.9381080466026
3007810,436.65201922248775
3007811,21.376009139698745
3007812,30.9629609691519
3007813,559.4389194570438
3007814,129.3253475694261
3007815,4768.565969651354
3007816,5.199310769729741
3007817,10.355690761288592
3007818,11.410574584402944
3007819,0.05905454838767637
3007820,4.657028351204484
3007821,2626.505069738095
3007822,0.012806780122512205
3007823,532.6696806982408
3007824,9.859933223808985
3007825,1117.1103678833251
3007826,569.7070675986092
3007827,286.2071725274598
3007828,100.87322721754668
3007829,206.47350571293336
3007830,3529.8997482221544
3007831,20.455521097991255
3007832,1.1348483003252678
3007833,25.93836680711784
3007834,29.827915925407915
3007835,0.10979380894908136
3007836,257.5869486755992
3007837,4.914444936151002
3007838,19.363296085350555
3007839,6.65722666990218
3007840,218.2032595127654
3007841,3.7411108902018237
3007842,317.6993387071586
3007843,282.56120932967207
3007844,5.865516723642369
3007845,8.070457698174861
3007846,225.76837188520153
3007847,58.759318466125244
3007848,2174.903417999489
3007849,1.7369086053434561
3007850,3.4276993824597093
3007851,8.019144893915453
3007852,0.03243006437087026
3007853,1.1590350781197665
3007854,3143.339549753652
3007855,0.015920583963134383
3007856,219.61787089918232
3007857,5.391975032675258
3007858,1334.5197625562978
3007859,266.15329327412144
3007860,222.1846835666242
3007861,57.4993608038375
3007862,60.01585724468552
3007863,3357.567184364906
3007864,7.653115063421846
3007865,0.5893693314923603
3007866,19.978976985823316
3007867,13.76324145010424
3007868,0.0547092739017461
3007869,250.59911882818292
3007870,0.012996735705422733
3007871,4.186514174847786
3007872,3.341615791621457
3007873,46.10966825311915
3007874,1.3378718719314306
3007875,53.92294875004397
3007876,188.32666988497942
3007877,0.2090379465766713
3007878,2.3738018852682234
3007879,66.0548977093137
3007880,76.83576413170577
3007881,673.1829823119857
3007882,2.694425777930224
3007883,2.6661304788862386
3007884,5.864807369584747
3007885,0.09374130948162589
3007886,7.908112351558897
3007887,4144.330414861152
3007888,0.0
3007889,604.8155432906377
3007890,22.115539502892364
3007891,1370.705341051045
3007892,1085.7312209345928
3007893,373.1220841430685
3007894,186.57075412666623
3007895,206.87612249498204
3007896,5351.6439442259525
3007897,40.87024050138615
3007898,0.9764420787417103
3007899,40.96236043396206
3007900,55.35887666139336
3007901,0.03717745548765762
3007902,393.81515562302224
3007903,33.260483348909375
3007904,20.96733046037911
3007905,13.889182161809405
3007906,208.19432613875497
3007907,10.157292423207174
3007908,469.50620839176264
3007909,341.51236898882144
3007910,11.14146192118404
3007911,14.8220420824788
3007912,593.6257763927335
3007913,115.31179376874994
3007914,2512.7315904335073
3007915,7.115259062408531
3007916,33.95890585569975
3007917,4.859537220539348
3007918,0.08484898131485308
3007919,5.556280805804068
3007920,4120.892237431037
3007921,0.1069611727542594
3007922,601.5561573120967
3007923,25.797951586736254
3007924,869.6206054006295
3007925,1121.7532000171523
3007926,174.8983650384632
3007927,237.78914123308135
3007928,286.9736535858638
3007929,3340.439226348072
3007930,38.06210626417207
3007931,2.6662344267299436
3007932,30.345544796886468
3007933,24.857229230693818
3007934,0.47809631204998615
3007935,222.75598802989467
3007936,18.559848700264144
3007937,52.37713067566664
3007938,9.209434257436056
3007939,347.24524129841217
3007940,15.962335840457984
3007941,402.735953304113
3007942,222.9774877349547
3007943,6.954014190205362
3007944,17.71690141834378
3007945,536.0831783057076
3007946,138.20080910590073
3007947,4234.710226445029
3007948,2.435208122489071
3007949,29.31455504231437
3007950,5.222042834498657
3007951,0.27995936553380507
3007952,12.908965427590573
3007953,5811.83727738723
3007954,0.06355000768379282
3007955,892.4885281761528
3007956,26.65795859713785
3007957,1385.1691635693228
3007958,1697.5827375815309
3007959,339.6560116185455
3007960,378.57338288508254
3007961,192.58785909833557
3007962,5821.7323693047965
3007963,45.4258097377424
3007964,4.556268073507758
3007965,44.74619059001346
3007966,46.17800795144471
3007967,0.08496176602353384
3007968,435.76310905827995
3007969,40.580236603775
3007970,46.455423309959656
3007971,24.319813151064587
3007972,273.065109463438
3007973,25.02507213552512
3007974,488.08484211977276
3007975,405.5799602058207
3007976,22.834975290201054
3007977,26.166595106512524
3007978,733.4007717815281
3007979,170.62705877285268
3007980,4745.350930862137
3007981,2.848909180709886
3007982,43.24575622532771
3007983,12.278444012998385
3007984,0.21871094419404083
3007985,7.635604022238942
3007986,3949.1862704372993
3007987,0.005470869701530502
3007988,575.500299110398
3007989,24.961298978905646
3007990,1802.0734590811162
3007991,890.557279621455
3007992,555.5542040769606
3007993,201.18873460593483
3007994,137.5083173230225
3007995,6634.4939683489565
3007996,16.31772419665414
3007997,1.320439082146806
3007998,54.64650777071765
3007999,43.949132907994354
3008000,0.04747404868499128
3008001,447.4855178462361
3008002,14.272824637368668
3008003,7.966121589788606
3008004,9.00749989340605
3008005,120.6342104519768
3008006,4.29421750975812
3008007,365.6317984809894
3008008,474.55344466100837
3008009,8.423938660505275
3008010,9.262653519574046
3008011,439.11427307138945
3008012,119.35194030386141
3008013,1634.2743080327537
3008014,64.1266545972867
3008015,19.522070223660993
3008016,1.6846534219204476
3008017,0.0
3008018,2.320504917759982
3008019,1039.9863535061147
3008020,0.05791917453012477
3008021,134.4853985277713
3008022,3.6342003478338007
3008023,229.9221881806956
3008024,306.69207562583733
3008025,66.49569336510699
3008026,65.75433286647541
3008027,41.03594020308682
3008028,1148.0023118215204
3008029,5.5454325250281755
3008030,0.6305921647728905
3008031,4.945741666767089
3008032,8.583719825913752
3008033,0.06040476276654957
3008034,89.68513692314897
3008035,5.525655529977482
3008036,9.156979150809752
3008037,1.6806757518699629
3008038,46.66392309983277
3008039,2.892026217099968
3008040,99.3382228293403
3008041,64.53861542215601
3008042,2.4016048994586696
3008043,3.445172259531656
3008044,131.20462636937478
3008045,29.10134187681739
3008046,1239.1183733338535
3008047,1.9077996594328241
3008048,10.126529744105241
3008049,1.8595669920311202
3008050,0.053950624555889684
3008051,1.7621323937854199
3008052,1528.7334805213795
3008053,0.03140478525931952
3008054,127.47359834429334
3008055,3.6470523578940743
3008056,831.500430741331
3008057,306.7810487227064
3008058,270.6734814599928
3008059,42.18932836434098
3008060,32.897725891035364
3008061,2810.3035269342463
3008062,6.545285912323935
3008063,0.460358433781986
3008064,11.550766265068084
3008065,7.948715047736381
3008066,0.09621420815304074
3008067,202.74714096648833
3008068,3.6296860635408232
3008069,2.8427514490390475
3008070,1.171456897937768
3008071,6.322630636616956
3008072,0.675498991282059
3008073,175.5561980898859
3008074,203.58999784791706
3008075,1.0281211525046898
3008076,4.162037457551395
3008077,192.72007834488218
3008078,27.09521745910517
3008079,274.33569959061117
3008080,8.961167288927026
3008081,0.8411113680390865
3008082,8.432606803063297
3008083,0.24389282710680737
3008084,4.884602086042278
3008085,5205.347336544196
3008086,0.02890487267187079
3008087,831.9481684121488
3008088,11.204940547433617
3008089,1915.959661824073
3008090,776.0344157934134
3008091,558.2405106901248
3008092,207.64551148006427
3008093,96.0579190944817
3008094,7585.153659010001
3008095,31.00898141484684
3008096,0.8083451988888362
3008097,30.99250829811909
3008098,22.76877652885494
3008099,0.20245774836917135
3008100,510.64113619526483
3008101,14.86026875419223
3008102,3.006126576693634
3008103,9.958789404681538
3008104,40.24059220348315
3008105,3.3881351555756147
3008106,567.5580043754687
3008107,434.54742241671124
3008108,3.5522501375237754
3008109,15.31853922367236
3008110,435.18453479782323
3008111,83.81265034710987
3008112,1494.2865260625751
3008113,37.45537046495043
3008114,13.192660665205812
3008115,6.326817084460806
3008116,0.06145898864512907
3008117,0.600191508969889
3008118,1999.8887925323525
3008119,0.017003438558196363
3008120,214.5805233747985
3008121,8.692163348940968
3008122,1079.5014564742385
3008123,467.0796128738085
3008124,237.23046535361894
3008125,74.47976759640234
3008126,36.64978810891459
3008127,2775.4163553181465
3008128,11.337747635652411
3008129,0.8642340865341768
3008130,13.148449696138393
3008131,18.585241535905205
3008132,0.2468324682205213
3008133,196.8894082495496
3008134,8.869346477331272
3008135,2.3579674178642995
3008136,10.537373558169024
3008137,43.414382728072304
3008138,1.830015366780874
3008139,133.49768229931422
3008140,192.48776044213014
3008141,1.8150843833684644
3008142,6.114156481908181
3008143,170.08248368158416
3008144,31.155081779077758
3008145,356.36221859971835
3008146,3.463098993591091
3008147,3.089169760474738
3008148,4.433037383130573
3008149,0.01674088970299766
3008150,4.159607091848058
3008151,1553.5327553944358
3008152,0.0
3008153,144.05201698350564
3008154,5.963221485581536
3008155,773.9509459555293
3008156,251.96328904078322
3008157,136.2801131504121
3008158,50.44265104966261
3008159,27.189461151698353
3008160,2279.7215475822877
3008161,13.095426306777188
3008162,0.14580457800350924
3008163,11.848836826218054
3008164,11.063907229261849
3008165,0.015485326226734592
3008166,132.28296879527485
3008167,2.370885922283516
3008168,3.0621283577845118
3008169,2.360193949147943
3008170,21.593802145467894
3008171,0.7374457635693208
3008172,102.67840318891167
3008173,146.9867835869548
3008174,0.5450816304454914
3008175,4.827884671112082
3008176,92.84002353211645
3008177,21.251259969708073
3008178,184.1329514046668
3008179,7.965948611354004
3008180,1.4203006585420423
3008181,3.0680287522692598
3008182,0.0
3008183,1.3344921953375235
3008184,1340.0295744873667
3008185,0.0
3008186,148.43908363020702
3008187,5.69037039584639
3008188,987.2457048907016
3008189,290.7602232128939
3008190,171.36647814299224
3008191,38.29037329213963
3008192,33.01372635872279
3008193,2322.2042857480346
3008194,4.511913404008561
3008195,0.4458153869325946
3008196,8.518771717713614
3008197,12.971550360357105
3008198,0.10021980510949316
3008199,156.91063037634905
3008200,0.9855048709597607
3008201,2.716943790538776
3008202,2.3451751246739407
3008203,15.378237427268976
3008204,1.8364454100049323
3008205,198.42845190713038
3008206,162.23652339934733
3008207,1.2388465867556224
3008208,3.71137798112591
3008209,65.28638143296449
3008210,58.65157540262757
3008211,354.34973800712066
3008212,6.345063643510324
3008213,2.4885622967851972
3008214,4.212941370500914
3008215,0.6869821236022684
3008216,3.146562273816357
3008217,1433.7885732374973
3008218,0.019058310940213236
3008219,157.3850605283032
3008220,2.6202972773675097
3008221,776.1153642231353
3008222,275.63978286203815
3008223,220.09879103989107
3008224,74.49366672731249
3008225,50.48933683894007
3008226,2256.5025139775184
3008227,6.293103075108656
3008228,0.805219916488889
3008229,11.382258436647144
3008230,16.829892380741956
3008231,0.0717546595271298
3008232,186.60916562885166
3008233,9.011616611746046
3008234,3.2690288481056773
3008235,3.1950771412219305
3008236,10.5662816396187
3008237,1.8655045177429415
3008238,96.93792540141514
3008239,166.97157923099488
3008240,0.8784655836854026
3008241,4.3954432899127545
3008242,86.9098992058314
3008243,31.719269473934194
3008244,484.24988335822655
3008245,11.727464804843835
3008246,2.969702058736951
3008247,5.106739746126266
3008248,0.09902226855608054
3008249,2.679569717413511
3008250,1791.9658181166626
3008251,0.01902554270711129
3008252,220.45027407451096
3008253,5.3704821149446875
3008254,1195.7916636405369
3008255,364.13995468103514
3008256,220.27690900586205
3008257,172.62208896252977
3008258,40.13245671348683
3008259,2764.5860250955475
3008260,8.047910231758083
3008261,0.47800207815818957
3008262,11.75033890882525
3008263,16.02952090036926
3008264,0.15169158069733124
3008265,235.09320909961653
3008266,0.022329748307874216
3008267,4.387024005878295
3008268,2.0606292577948833
3008269,52.22216468276291
3008270,1.3438994785702874
3008271,68.99752340458696
3008272,196.58458708395432
3008273,0.9537973973704578
3008274,3.461957121838774
3008275,85.09713645816944
3008276,40.75996846899284
3008277,624.8146603479724
3008278,3.715807308163458
3008279,0.9047032087144261
3008280,9.832358217853695
3008281,0.561837141091011
3008282,4.946317365692527
3008283,4242.397869982371
3008284,0.03808591331806539
3008285,526.3883667741445
3008286,7.874441353345229
3008287,1523.1596412454653
3008288,958.2559449570364
3008289,678.4965783556697
3008290,226.68903229504565
3008291,125.76796449476356
3008292,5677.693014699821
3008293,21.9488386927813
3008294,1.271613502833202
3008295,29.521279908734037
3008296,36.685847978730344
3008297,0.3760310507068789
3008298,427.17851009660757
3008299,1.2534502483594288
3008300,4.032438020589503
3008301,10.689389003974476
3008302,54.44596856168872
3008303,4.777142261856863
3008304,305.08183433529774
3008305,393.4057683914069
3008306,3.159253665626296
3008307,10.256116097396268
3008308,479.9466077849116
3008309,69.96909311144437
3008310,1703.899798412522
3008311,15.02584226414796
3008312,21.344634653277787
3008313,4.452411794931026
3008314,0.08453085413273931
3008315,5.788866235916078
3008316,2485.7247914755744
3008317,0.01632537444083983
3008318,674.4117803831293
3008319,6.255938916128545
3008320,643.7956124876379
3008321,654.2081614912155
3008322,230.23127109543486
3008323,197.78665674642582
3008324,60.90846602056442
3008325,2818.329283941902
3008326,18.69124506935999
3008327,1.1573633958522285
3008328,20.39117623346662
3008329,17.569190506338057
3008330,0.19121930424229439
3008331,219.076728236814
3008332,12.811324241159813
3008333,4.830873641751559
3008334,5.502927865918758
3008335,63.02860299971232
3008336,2.5590502230173486
3008337,117.04248696250825
3008338,198.49566091532358
3008339,5.970286689908978
3008340,8.05042477178954
3008341,230.03694515483042
3008342,56.1785348462752
3008343,1421.5103039862977
3008344,37.02592996340668
3008345,18.268212972146117
3008346,7.452611407730146
3008347,0.5308489277199825
3008348,3.451603924896956
3008349,2636.0310898176995
3008350,0.018351495693435943
3008351,187.63876550086627
3008352,5.983892272014231
3008353,891.7814699765338
3008354,349.94041847673134
3008355,276.920505184058
3008356,75.6605719368249
3008357,38.36707408151918
3008358,3155.2128776164004
3008359,23.508795912132715
3008360,1.2082084237917077
3008361,13.069239304348807
3008362,12.411092569236054
3008363,0.11648739628029636
3008364,183.4985330836873
3008365,8.3317923519172
3008366,3.5331150503174458
3008367,5.081082040962748
3008368,26.7125840933094
3008369,2.5608190293204642
3008370,123.81148150258095
3008371,180.6944191545566
3008372,1.3993893854594115
3008373,5.756956206895726
3008374,92.65968396450991
3008375,26.530032975474487
3008376,476.71109079675443
3008377,7.168852966496841
3008378,3.0182758795796767
3008379,7.56924927717566
3008380,0.025818248093628444
3008381,9.90231246034522
3008382,3836.8916944383723
3008383,0.019468866242155148
3008384,765.560719142686
3008385,9.949149974307616
3008386,1078.6204290436765
3008387,1047.0646796412475
3008388,250.30491678873332
3008389,230.27224681312234
3008390,126.0221079945794
3008391,4575.2970881824795
3008392,59.4366868687723
3008393,2.9558067680974314
3008394,18.008023208776375
3008395,27.619509148721864
3008396,0.2467191663654988
3008397,329.7320386682914
3008398,39.41314176160612
3008399,18.34197616196484
3008400,5.613883809977301
3008401,105.5406524244558
3008402,9.874536516295384
3008403,369.7190679774887
3008404,334.7052115926883
3008405,10.776188290778132
3008406,10.79529454741945
3008407,577.3466839243644
3008408,114.45527874060781
3008409,2713.7380305469815
3008410,4.077319838238673
3008411,44.47154625819341
3008412,10.673130728907067
3008413,0.0826690695838031
3008414,8.565681965187057
3008415,5437.628840000161
3008416,0.028289856296581567
3008417,943.12920093965
3008418,9.2124857078828
3008419,2293.184199124221
3008420,1192.097710144867
3008421,947.6667664982814
3008422,182.17939055434277
3008423,101.95999163147515
3008424,7764.931499392174
3008425,23.424165775874652
3008426,0.9890449401677016
3008427,29.48766419525673
3008428,26.95730856104095
3008429,0.02534518236934879
3008430,533.9480334435026
3008431,8.633276070064772
3008432,10.003489765080786
3008433,7.330221294257032
3008434,64.69713862699723
3008435,1.8255362990527204
3008436,483.14876197696435
3008437,603.6214755057595
3008438,6.664397826749826
3008439,6.810347578459859
3008440,509.022706697456
3008441,113.07846367559902
3008442,1431.209344208182
3008443,93.38424341233156
3008444,20.859033713924386
3008445,17.384744633853217
3008446,0.5605474907603704
3008447,8.78376834584679
3008448,4741.174144303692
3008449,0.06028202283646325
3008450,834.7409211344707
3008451,6.404116543754667
3008452,2385.800836833882
3008453,1030.9527746006572
3008454,530.5740048794879
3008455,415.26468743315087
3008456,94.2557085004515
3008457,6436.5402226306005
3008458,28.493315944530945
3008459,0.9855508104182182
3008460,46.69900135250142
3008461,48.61516103415001
3008462,0.31176234741676384
3008463,515.1587254251681
3008464,10.147071719671631
3008465,6.286663926349319
3008466,14.530852074320865
3008467,79.58052744603472
3008468,2.5691766265670295
3008469,171.13022554783547
3008470,494.43929050369337
3008471,3.4530886833915613
3008472,7.1849026628416075
3008473,256.23678420203163
3008474,206.83524477916004
3008475,1733.2325184094798
3008476,4.1885064054982735
3008477,9.954032460514904
3008478,5.810036997243673
3008479,0.22664041159716836
3008480,2.275844263415742
3008481,1912.7026995622966
3008482,0.025186758759920814
3008483,185.21411999178744
3008484,6.998515963070621
3008485,801.3341408361352
3008486,344.7153387538903
3008487,177.56086064261052
3008488,67.03071382511493
3008489,52.26804973165282
3008490,2540.155841648928
3008491,6.533861801338529
3008492,0.6771636843658689
3008493,19.635942043758575
3008494,18.641052369814915
3008495,0.006814965830174627
3008496,201.53306814805987
3008497,1.1539783513841586
3008498,3.2521693777437544
3008499,4.493115198387146
3008500,38.15577013547428
3008501,3.202738344745367
3008502,104.94555151767956
3008503,182.4635070068938
3008504,1.281909955357902
3008505,7.0323736024070875
3008506,149.00107540424992
3008507,40.36312994583523
3008508,499.4643655407381
3008509,11.755081851933728
3008510,1.878525244487926
3008511,2.645426657598263
3008512,0.030718542548683298
3008513,2.848240613845109
3008514,1810.2238371990773
3008515,0.023175620570902382
3008516,252.56286052414657
3008517,11.773042138150572
3008518,553.8461715067706
3008519,529.2059804101866
3008520,138.17981267029967
3008521,55.49218016706865
3008522,67.21351873944451
3008523,2139.390345449028
3008524,18.039051458458356
3008525,0.5120576385701723
3008526,13.815940966185114
3008527,17.757150585851008
3008528,0.16256666894153324
3008529,158.29104881929968
3008530,13.337062044207896
3008531,3.566778940397188
3008532,5.819602302699369
3008533,54.95214664170265
3008534,4.731294703664239
3008535,745.2578683584511
3008536,187.27480251438607
3008537,4.008328417620625
3008538,5.395445671698911
3008539,283.1442285754769
3008540,31.122728814323008
3008541,1183.838374956246
3008542,2.320498535541291
3008543,7.305068060683253
3008544,3.6923955097343457
3008545,0.1506635022848158
3008546,4.320653879559152
3008547,3908.8412864607817
3008548,0.0319886571834821
3008549,797.3145888810317
3008550,11.711351979921515
3008551,1110.5084774324603
3008552,1300.8166256104457
3008553,257.78029742325924
3008554,222.59738393840954
3008555,130.67543229058984
3008556,4068.795982193903
3008557,34.718786214585506
3008558,0.8444905964669291
3008559,21.023466262087144
3008560,39.536742106362205
3008561,0.05893416275679723
3008562,273.31459206996544
3008563,13.798003949795174
3008564,35.644267527451156
3008565,7.854398740547076
3008566,84.40005474918826
3008567,10.9370108667838
3008568,353.784497781396
3008569,316.3413608881584
3008570,16.30411034957184
3008571,9.32826188014711
3008572,506.9418563379757
3008573,108.01946899383928
3008574,3189.7553799117036
3008575,4.980129040145997
3008576,20.158464430479384
3008577,2.8058882625465658
3008578,0.14999693831482147
3008579,2.9546024068164645
3008580,1685.7277631158754
3008581,0.0
3008582,355.611359174483
3008583,4.393171438300809
3008584,389.97274749437645
3008585,503.492897403749
3008586,123.53041685485093
3008587,97.69121806888701
3008588,70.31659783349276
3008589,1570.0265993459602
3008590,18.59075092838838
3008591,0.6321199165470137
3008592,11.318698279127787
3008593,11.428078101264527
3008594,0.011077196464598149
3008595,93.81355976046041
3008596,0.01995559118718516
3008597,22.12935353377269
3008598,2.6000578689874514
3008599,121.9646386605918
3008600,5.612623778494898
3008601,152.87018169541497
3008602,110.89130980634108
3008603,3.3686006517479
3008604,5.089791409254523
3008605,138.4001039796274
3008606,34.716084332097644
3008607,1250.9584518734794
3008608,1.882651654526279
3008609,1.910590724599
3008610,5.498065065901501
3008611,0.027223529176168
3008612,0.5105208864485206
3008613,1395.4119758370857
3008614,0.014395616546244426
3008615,268.3741861274938
3008616,6.513569066232607
3008617,578.0923694127645
3008618,349.31203619989543
3008619,118.0386727093889
3008620,53.37157149064138
3008621,36.61372617211024
3008622,1955.2354444238604
3008623,11.85610874975667
3008624,0.810222032977939
3008625,14.318846919572225
3008626,9.752344938875256
3008627,0.24622528807400332
3008628,127.69483051829084
3008629,0.5795711116511761
3008630,7.461930741508666
3008631,1.0748664538650585
3008632,25.67552489392932
3008633,0.26034566763556927
3008634,326.0603536365886
3008635,158.8507959630374
3008636,2.505942725123621
3008637,1.7779890276592398
3008638,186.17031700968886
3008639,29.917888379236732
3008640,626.0057508997945
3008641,2.032376037168167
3008642,2.6346881420485238
3008643,9.900915792099557
3008644,0.21235656754929766
3008645,5.963976840441323
3008646,5267.850026342851
3008647,0.1715823509201216
3008648,952.5037251399777
3008649,18.19919999337713
3008650,1225.6637921383558
3008651,1500.5144133345348
3008652,388.82736196872344
3008653,354.10705010285113
3008654,167.06323785180885
3008655,5954.579547670138
3008656,45.52930599942031
3008657,3.0203184465824435
3008658,29.195929678467397
3008659,40.19017974786028
3008660,0.434776098298656
3008661,378.40200150672194
3008662,13.161226777811772
3008663,47.80541373826685
3008664,10.089904141392816
3008665,216.780252638014
3008666,5.144048507854192
3008667,368.8296436789922
3008668,352.2799406462637
3008669,14.070015699290265
3008670,13.976447932223582
3008671,512.67567494058
3008672,119.82358367356646
3008673,3371.1272749993755
3008674,2.9137817327195066
3008675,23.142589486459734
3008676,9.796806209286316
3008677,0.06746950198470855
3008678,4.092474091104572
3008679,5046.4422081774455
3008680,0.016300147840696885
3008681,1072.2380524366117
3008682,14.355521028732879
3008683,1735.1131177366901
3008684,1455.540268092382
3008685,536.04989732599
3008686,380.5606597772317
3008687,90.04498173281851
3008688,6771.7101858739625
3008689,18.444302695294194
3008690,1.4329171988737786
3008691,43.32504440319888
3008692,28.82431151314712
3008693,1.0320697895962603
3008694,422.6901821356399
3008695,0.03662590183603286
3008696,8.221565605364688
3008697,6.752694472728786
3008698,69.82100526445151
3008699,2.148920281828647
3008700,244.44988198902945
3008701,450.13073090077677
3008702,7.058145211088521
3008703,7.590507633917447
3008704,326.5389358540228
3008705,93.81502679271146
3008706,2118.3609388648924
3008707,4.171792450932582
3008708,4.2786614013691695
3008709,8.914637422604953
3008710,0.49060828872330753
3008711,3.364504873404808
3008712,4415.952048789641
3008713,0.03707141916758205
3008714,1021.0323989282912
3008715,12.68660674106309
3008716,1400.3072609840465
3008717,1044.1442158141738
3008718,377.8642594668539
3008719,301.3152375972817
3008720,89.97813512854447
3008721,5725.507491149346
3008722,27.895445155119226
3008723,1.7652449619823114
3008724,35.903833559860885
3008725,28.23276986872893
3008726,0.15114045239275117
3008727,358.19527179860467
3008728,0.04422531920761496
3008729,6.852964098973097
3008730,6.136336981053396
3008731,118.18972429924692
3008732,1.8902295155806221
3008733,145.52557984274748
3008734,356.8512521031546
3008735,6.597001500535252
3008736,6.464440981155576
3008737,272.16061402842143
3008738,80.11705429250546
3008739,1617.9536123198445
3008740,2.992946453729904
3008741,8.588707727874738
3008742,16.001180446851972
3008743,1.4420502308238552
3008744,23.61923355174362
3008745,11191.97211563872
3008746,0.06418960871961142
3008747,1494.5927239207751
3008748,36.334247541208256
3008749,2619.0154823863
3008750,2658.7837241469106
3008751,463.8624754049658
3008752,639.7974166656385
3008753,429.89258837079467
3008754,9849.789662619229
3008755,120.82532352342429
3008756,3.4635249472973033
3008757,64.75216844612282
3008758,66.22990421680022
3008759,0.9632772171003818
3008760,749.7189130431856
3008761,71.29115785589936
3008762,65.25401579035038
3008763,44.863485192215215
3008764,249.61259342693234
3008765,34.95727768195068
3008766,875.7520011885939
3008767,783.1457158329595
3008768,26.101967762583314
3008769,35.64893062137472
3008770,1447.3460368838494
3008771,299.6504357906137
3008772,8601.404932595744
3008773,3.858050858457947
3008774,104.09592176429707
3008775,3.123032839405379
3008776,0.3052549962819745
3008777,0.4822307850118357
3008778,1573.4070870164196
3008779,0.02341559861306314
3008780,208.288700711328
3008781,3.673292401482693
3008782,589.0944115589411
3008783,314.4783830056635
3008784,140.14012574553445
3008785,144.6077201763418
3008786,44.49387792466174
3008787,2023.2719789575228
3008788,8.537950743716543
3008789,0.42828100367322935
3008790,15.365126127835731
3008791,8.642417182884193
3008792,0.24611461076145433
3008793,152.39617614881925
3008794,0.594399012664161
3008795,3.3791800251499797
3008796,3.0547424727086003
3008797,28.705426154051988
3008798,0.6239343776369056
3008799,64.50818288638452
3008800,103.3095195626053
3008801,2.3501842694295485
3008802,4.7917941763742276
3008803,118.577983272806
3008804,20.272630508388033
3008805,586.4218425535156
3008806,1.8702386718694766
3008807,4.2275488907870615
3008808,9.837836746118182
3008809,0.3338875280308735
3008810,4.3459123621931655
3008811,4448.749694178213
3008812,0.03033651538957161
3008813,802.1642892454789
3008814,9.512966791829255
3008815,1774.5553658464903
3008816,1035.9420238840398
3008817,333.00627933603164
3008818,401.4165830644507
3008819,76.39207889108037
3008820,6161.359579441838
3008821,22.06101208256233
3008822,0.6387087374280047
3008823,31.301388855299283
3008824,27.24963645298336
3008825,0.14838183388058784
3008826,430.572323670671
3008827,2.2610829011448934
3008828,5.209881293957207
3008829,12.481036997760057
3008830,16.549964311856787
3008831,2.1817139255483418
3008832,459.2872739905541
3008833,411.44323464434314
3008834,4.857743935071853
3008835,10.833827883018385
3008836,161.48243053123142
3008837,87.15430599799032
3008838,1480.6176622362846
3008839,3.4689914878174175
3008840,5.202442958339181
3008841,1.542785167737153
3008842,0.024335565456115052
3008843,0.3706862793211129
3008844,1194.8118441884803
3008845,0.018820914719836743
3008846,171.83712406659114
3008847,2.981261874249867
3008848,639.7325792781189
3008849,227.37602825165072
3008850,107.37258845862475
3008851,166.23568374158495
3008852,22.00625898019896
3008853,1817.205924612826
3008854,5.193286597790876
3008855,0.2684780376177181
3008856,12.10637057753229
3008857,3.760371654337048
3008858,0.024571408647776478
3008859,111.32140937286069
3008860,0.022633919768671802
3008861,2.6178897197611395
3008862,0.7697710230307568
3008863,29.954903720306092
3008864,0.2198688498654906
3008865,82.603839359752
3008866,99.43170455028275
3008867,0.4785797781754391
3008868,1.1727709049465245
3008869,56.502867895226274
3008870,12.853434919712024
3008871,222.05199935119228
3008872,1.6320468330493603
3008873,1.3128276524945646
3008874,11.172186188978932
3008875,0.027643117597607226
3008876,2.0789046057610876
3008877,2546.077655599789
3008878,0.013341602421213
3008879,345.9233064747216
3008880,7.903761980602487
3008881,1266.5805489828497
3008882,550.2371293260633
3008883,212.20077823035462
3008884,169.88276092293418
3008885,47.8716514527706
3008886,3647.3243496936057
3008887,3.5884759054023534
3008888,0.653199358579174
3008889,29.79953156629003
3008890,18.923957983537353
3008891,0.1728198149854909
3008892,293.2847619497591
3008893,0.0
3008894,5.209750285925002
3008895,16.62279127816593
3008896,37.24785028447983
3008897,2.1003565857597457
3008898,330.4556299754063
3008899,300.6673005051933
3008900,1.9998840265872815
3008901,6.203977963349292
3008902,233.24250874980527
3008903,33.366280879336
3008904,1322.2024179604932
3008905,4.18483705576274
3008906,1.073640385873549
3008907,2.7293708872574194
3008908,0.3200826861771521
3008909,1.8270056023753247
3008910,3035.426299160433
3008911,0.008166784773254901
3008912,709.4438300808787
3008913,6.349126765738124
3008914,841.3942988656763
3008915,690.9454145571481
3008916,252.09097676191678
3008917,111.45562702556983
3008918,58.82596320690849
3008919,4201.951156808839
3008920,11.889730746368778
3008921,3.032057760838032
3008922,26.514621378875187
3008923,38.2360765259152
3008924,0.1522014301964617
3008925,215.30260349277557
3008926,4.045516359934398
3008927,4.7268997366277565
3008928,3.1542850649455008
3008929,29.52739861568173
3008930,2.6666835904419144
3008931,160.10895808369548
3008932,260.1816763212158
3008933,3.470133159602872
3008934,6.544996463915487
3008935,137.28851477177784
3008936,34.70804301571805
3008937,655.5310887453821
3008938,3.1138591451603315
3008939,2.8234069034372755
3008940,5.38245293349577
3008941,0.04741852615557443
3008942,0.22304106648946012
3008943,1599.2429397892622
3008944,0.01803702039216426
3008945,150.62239250608442
3008946,3.407220902704064
3008947,562.2663478615242
3008948,243.99691845340513
3008949,112.20996156663374
3008950,166.23738184242404
3008951,47.07933211729927
3008952,2133.258980765876
3008953,12.893683631925121
3008954,0.32210258838187555
3008955,13.402498517043055
3008956,8.067254850991763
3008957,0.12239604034845983
3008958,130.93006014670834
3008959,0.014599755149272808
3008960,4.058814658367638
3008961,0.8028113930157088
3008962,44.9283858714503
3008963,0.4880623585726119
3008964,204.59559589978642
3008965,114.92426744780191
3008966,0.7505651971560681
3008967,0.9383739233377039
3008968,70.15486771375005
3008969,22.98417084466725
3008970,432.4769788920769
3008971,2.355925976217405
3008972,0.46914831420977815
3008973,4.672572078435529
3008974,0.05022345544505621
3008975,0.7135714978181075
3008976,3869.594341956519
3008977,0.018801832208059643
3008978,638.083665056975
3008979,7.2416440875647865
3008980,1000.9145514537427
3008981,802.4049960091056
3008982,257.42484725813836
3008983,151.5854304255733
3008984,92.21486283862819
3008985,4403.492205933628
3008986,13.710954815743728
3008987,0.44210522633599225
3008988,18.852362730728018
3008989,11.900515035074923
3008990,0.183585393233543
3008991,253.04428414420957
3008992,0.023010366097299083
3008993,26.592484733850863
3008994,2.426493383280771
3008995,56.421434099597725
3008996,1.3335935775438
3008997,218.68437186011852
3008998,256.71911653996403
3008999,2.1064090939679216
3009000,5.4166470080397
3009001,133.00492505972557
3009002,51.79096346718487
3009003,1232.9022526845313
3009004,3.90999321834811
3009005,0.6209929268425451
3009006,3.124795097198158
3009007,0.0
3009008,7.337642769070641
3009009,2376.905796277308
3009010,0.00500234354454608
3009011,426.3804178328436
3009012,5.744435922837461
3009013,760.3788855079005
3009014,700.0634741191017
3009015,146.90006808022457
3009016,115.84986892520115
3009017,80.2733396347387
3009018,2863.6696578905985
3009019,43.021628037864254
3009020,1.2976563882634862
3009021,13.154247729140703
3009022,17.432158444800457
3009023,0.14913470882862068
3009024,218.06746321435048
3009025,25.429241906222952
3009026,15.430219624406677
3009027,1.8072301544169085
3009028,90.84224230256187
3009029,8.197935398260906
3009030,174.87448581059084
3009031,237.98412623833366
3009032,10.138312512594565
3009033,11.133477020098551
3009034,210.8702403889421
3009035,51.93507286502705
3009036,1966.688362524129
3009037,4.579427453379383
3009038,8.5843931533968
3009039,8.265362319732578
3009040,0.00589368274756787
3009041,10.60391324471287
3009042,2917.574814478903
3009043,0.013289912487924181
3009044,565.8033397661717
3009045,16.590202236878984
3009046,1546.3686953400152
3009047,891.3513117858822
3009048,179.3200402473335
3009049,126.3549174356012
3009050,104.85414500388735
3009051,4460.166580979998
3009052,28.730556583767537
3009053,1.8604295024279625
3009054,32.5554512883448
3009055,47.08236566009872
3009056,0.04592872337671099
3009057,433.080835296042
3009058,39.69041844878761
3009059,19.38203384345442
3009060,9.65209498286861
3009061,96.1652328705324
3009062,13.69240721335228
3009063,145.36371817430643
3009064,501.288822025377
3009065,9.108187332614648
3009066,12.775139836036562
3009067,147.25351990523504
3009068,90.38026454741848
3009069,2148.152274684552
3009070,4.730098143257667
3009071,18.746445042867265
3009072,9.876270699690652
3009073,0.24989727753485705
3009074,5.75322769531087
3009075,4215.355154271575
3009076,0.01615242681747546
3009077,870.6097009201465
3009078,7.982790847962162
3009079,1928.563975872864
3009080,754.5668094705072
3009081,238.9877354357485
3009082,355.0045189104182
3009083,69.23057803624722
3009084,5643.031089473355
3009085,44.35072898410248
3009086,1.9685442757646119
3009087,27.027878736485953
3009088,19.924539987765225
3009089,0.15030939743659477
3009090,396.44518209469214
3009091,8.493568370032902
3009092,16.62387772346215
3009093,11.6239948075172
3009094,70.31746992847542
3009095,3.99779595452367
3009096,172.45605024639679
3009097,415.47916020916756
3009098,9.134128134671316
3009099,12.31052711372535
3009100,275.58005857786634
3009101,56.52418993640556
3009102,1559.257804701761
3009103,21.75950918416069
3009104,18.511620207446814
3009105,4.515735986501944
3009106,0.5650717986755244
3009107,8.10620535676839
3009108,3675.965224186283
3009109,0.10435455091642569
3009110,503.82612908268976
3009111,8.046801308785872
3009112,1053.441325223197
3009113,972.0156594004034
3009114,266.71783007744193
3009115,207.72755255959063
3009116,122.94456554844723
3009117,4346.427487975092
3009118,28.978640300965374
3009119,1.4874554035477492
3009120,14.173073722709557
3009121,15.523547747528005
3009122,0.21269229837575074
3009123,355.54115450815647
3009124,32.271379880460834
3009125,24.416930400748758
3009126,1.9567844721730139
3009127,103.20144622921099
3009128,8.405964713405217
3009129,420.64762307616724
3009130,349.4792558355551
3009131,9.21231804810226
3009132,12.989179557501831
3009133,492.1437092011158
3009134,50.530105000836066
3009135,2941.1367577622646
3009136,4.767438397858043
3009137,36.28815729188836
3009138,4.594255905624658
3009139,0.2294406608578809
3009140,2.822849011903771
3009141,4793.096673513548
3009142,0.03738664496936221
3009143,497.08745689457913
3009144,6.662880152963603
3009145,2016.7831446551227
3009146,693.1069534047647
3009147,310.506285571111
3009148,167.48278219040262
3009149,55.97115029581012
3009150,5567.061991482414
3009151,12.231581092482335
3009152,1.1689703267450247
3009153,26.714335044366475
3009154,23.83605045353293
3009155,0.17381084267252342
3009156,412.69204928174156
3009157,0.04552129531268536
3009158,5.366444810026087
3009159,6.675444935930241
3009160,20.654032311286887
3009161,2.635159266123251
3009162,147.12506982869257
3009163,341.53119119855336
3009164,3.812200928452063
3009165,8.870861951356726
3009166,196.26627598744693
3009167,61.22658360652953
3009168,1095.7734051321966
3009169,4.620203094776634
3009170,4.6561946101523795
3009171,10.37785523361607
3009172,0.10389934255431972
3009173,12.347547939860284
3009174,4009.963206438852
3009175,0.020770914079649375
3009176,699.721984822907
3009177,11.753434189608862
3009178,1643.9532844221196
3009179,1061.416905017798
3009180,358.4414969027793
3009181,211.87389446586062
3009182,152.9912360957966
3009183,5118.700986585399
3009184,40.76892190752609
3009185,1.6778810815835326
3009186,33.02392941766626
3009187,36.615738753409644
3009188,0.18278573479108967
3009189,425.0285205643265
3009190,32.37952827467367
3009191,25.156528321136143
3009192,12.25285889950151
3009193,96.33805551879841
3009194,16.614892059962056
3009195,275.086601029502
3009196,570.5433695485964
3009197,18.55881073902529
3009198,12.67438179942711
3009199,261.80987929864943
3009200,60.889880403825224
3009201,2576.1087905112804
3009202,2.4261796135829243
3009203,8.6080600736152
3009204,4.761921717279307
3009205,0.045897045414325585
3009206,8.614927223964111
3009207,3104.261165665196
3009208,0.03454123832928316
3009209,563.6552684059134
3009210,10.567187328920363
3009211,848.3282876547192
3009212,890.4110407877398
3009213,185.96769638589157
3009214,162.81940872941013
3009215,102.70670426469722
3009216,3719.612378600266
3009217,41.13911376110522
3009218,1.2089713777826088
3009219,21.802237334269677
3009220,21.59562550971832
3009221,0.09717459294873942
3009222,279.9726485877264
3009223,28.372320437286586
3009224,36.19537914345557
3009225,6.988218162749596
3009226,78.7575299997907
3009227,10.89774397023847
3009228,238.37497569360352
3009229,279.9852881985714
3009230,10.36699014069458
3009231,11.709741205474531
3009232,262.39336111144115
3009233,63.00979651162683
3009234,2393.1333231928757
3009235,5.380525152248739
3009236,20.61772399483928
3009237,4.721848212735478
3009238,0.14476509378362334
3009239,4.221884459259437
3009240,6483.354671956493
3009241,0.019173497313655596
3009242,799.0016782663723
3009243,19.78852831021769
3009244,1448.951230622798
3009245,847.8659089817792
3009246,342.73369573015185
3009247,229.76552353693972
3009248,70.0905954628964
3009249,6071.813743827202
3009250,9.724644524526255
3009251,0.3105341059747064
3009252,17.176546016766597
3009253,21.87358998470756
3009254,0.0828929464100519
3009255,322.4556529369228
3009256,0.012257932724587885
3009257,9.174879512132389
3009258,1.2452763800325528
3009259,81.66700837336995
3009260,2.3030888474973708
3009261,215.13875964220608
3009262,367.3851778210859
3009263,3.979081923376096
3009264,2.347268624298748
3009265,293.42012186969555
3009266,143.62674838906514
3009267,1398.199277173821
3009268,4.859197822310977
3009269,0.495644452424458
3009270,19.69819282256565
3009271,0.003103406007385218
3009272,26.860171286580552
3009273,13676.21277955347
3009274,0.06768433682572028
3009275,2331.320302415239
3009276,21.171103786733052
3009277,3413.7919421247993
3009278,3426.908763890943
3009279,851.1755406423098
3009280,887.7974674081696
3009281,556.2813295615796
3009282,13348.503965524551
3009283,112.17710631853978
3009284,5.9697535070860805
3009285,145.4990960257848
3009286,143.75400985433998
3009287,0.7191057032290261
3009288,1207.3705825625466
3009289,64.25412831975251
3009290,30.077901411112933
3009291,40.88119972828076
3009292,229.34741477972258
3009293,34.631240180503454
3009294,1076.2198151063803
3009295,926.5091887635159
3009296,60.862517817418215
3009297,61.19169842304161
3009298,1559.7831522160423
3009299,355.1262518971099
3009300,11809.125476804154
3009301,223.1914838788038
3009302,124.83312959630165
3009303,21.51192156532847
3009304,0.030040338804605413
3009305,24.489573266081383
3009306,13532.826917626646
3009307,0.11441697120695367
3009308,1716.7336533452276
3009309,25.846291817568897
3009310,3779.6591131841014
3009311,3108.216157799362
3009312,1031.369162258659
3009313,544.2358230992439
3009314,434.17376629069497
3009315,13569.2381529136
3009316,179.09609848720712
3009317,2.370313726560248
3009318,86.26875037582617
3009319,107.18082187153755
3009320,1.1796862822029954
3009321,1059.1523520743579
3009322,58.19290714647782
3009323,51.732670706161805
3009324,34.275029034443875
3009325,281.97628413062796
3009326,24.908282828673173
3009327,1470.0462474155515
3009328,1156.8792643068757
3009329,36.247189542983676
3009330,47.66640565116347
3009331,1730.5225359495194
3009332,335.443385663093
3009333,8098.080781432196
3009334,358.9778745370258
3009335,136.15976933934746
3009336,18.477226077717
3009337,0.02569505314126883
3009338,31.497987104965993
3009339,10154.743553972905
3009340,0.1718272768362983
3009341,1363.9878952841586
3009342,16.55226050786424
3009343,3611.1571585968454
3009344,2411.851735797042
3009345,1145.7805942835053
3009346,246.9957973239632
3009347,315.73108104731165
3009348,12772.834043340226
3009349,69.78915196340668
3009350,2.88682760876947
3009351,48.610310331741545
3009352,44.59005959759521
3009353,0.6613999433459541
3009354,1036.7745271170581
3009355,58.70554617746511
3009356,36.87483518205958
3009357,15.8360605997004
3009358,132.45390556876308
3009359,13.731024656842889
3009360,1228.1759587348283
3009361,1130.3742411581313
3009362,36.69205162625132
3009363,71.36447547035985
3009364,1217.3603006724625
3009365,170.11598440444496
3009366,3877.137750325575
3009367,286.4913862590981
3009368,72.2878498731569
3009369,19.510825150166827
3009370,0.016653152365492644
3009371,32.35360861232837
3009372,12982.634165098169
3009373,0.12844973814897193
3009374,1558.6842681434919
3009375,17.654503161755922
3009376,3131.7948266076623
3009377,2952.9596145206538
3009378,999.5227771195903
3009379,512.6650406377834
3009380,353.0069478898449
3009381,12857.84817596585
3009382,78.24841415070132
3009383,2.4330266980858792
3009384,73.94780466766741
3009385,112.21515396795536
3009386,0.5050459215569277
3009387,1022.6091266596828
3009388,58.48258811746201
3009389,40.981811200574896
3009390,23.420703480456147
3009391,227.8641081321348
3009392,17.730793926112472
3009393,1113.4710969441246
3009394,1143.0310623691607
3009395,37.461953558254734
3009396,46.80209637304761
3009397,1519.6792950642946
3009398,279.11756172626093
3009399,6908.812029504043
3009400,309.99586310551086
3009401,99.70630303536755
3009402,20.41509596959006
3009403,0.014933929609484935
3009404,36.4958308285516
3009405,8350.814217396639
3009406,0.03940158350953208
3009407,1230.8118157828296
3009408,20.460903199863193
3009409,3445.823782911107
3009410,1894.3883021290842
3009411,1034.6251406129916
3009412,217.39458748496028
3009413,274.6428029220961
3009414,12172.414619745457
3009415,72.4279583740873
3009416,0.9536491154295973
3009417,45.51076791439487
3009418,44.37519596261241
3009419,0.5855570600916501
3009420,1024.4212082778438
3009421,53.23921063048723
3009422,20.371171973595924
3009423,7.911564125824196
3009424,119.42504753800478
3009425,8.991293721249864
3009426,1270.1650299044154
3009427,1198.725363090142
3009428,28.873621464283833
3009429,47.73824329567386
3009430,1354.4066399601625
3009431,145.230265872544
3009432,2965.199014195316
3009433,299.3357940167809
3009434,39.346763522035594
3009435,13.167407047224794
3009436,0.03277719311369793
3009437,17.461691548425048
3009438,9580.679295489563
3009439,0.053645716730669514
3009440,1437.8210071731944
3009441,22.072290102480302
3009442,2364.1762669790082
3009443,2652.8085839376745
3009444,601.3386847126478
3009445,603.2701032979261
3009446,380.48695886214097
3009447,9857.57309452102
3009448,81.65166039947401
3009449,1.8343096230579865
3009450,57.20353078784167
3009451,70.49322335899622
3009452,0.658667175978538
3009453,714.8599485513254
3009454,29.948440311025646
3009455,29.701010423589153
3009456,22.71419621457715
3009457,230.78271823265817
3009458,20.893346104532508
3009459,933.726594798972
3009460,754.7194824734049
3009461,28.003307804840883
3009462,48.982254064696015
3009463,1271.3296407708074
3009464,261.84169009069115
3009465,8543.406143633307
3009466,190.49580220831643
3009467,79.24791893923931
3009468,7.279992998330117
3009469,0.2577795943407012
3009470,7.4839010620824675
3009471,2348.2193628062937
3009472,0.022310290384934196
3009473,412.4916426204535
3009474,19.634612592529567
3009475,1094.8748508930582
3009476,678.1334629944962
3009477,261.81036579206574
3009478,107.77879659587
3009479,91.62674588800463
3009480,3535.8581718563873
3009481,41.361907376702455
3009482,0.8499948728239872
3009483,25.12654633868308
3009484,23.89154099534986
3009485,0.16443937214722218
3009486,296.5185892111957
3009487,20.303577716350087
3009488,10.492387099954382
3009489,12.328344323237344
3009490,65.15320752724186
3009491,8.701740113340518
3009492,276.9501420919466
3009493,319.8574593885285
3009494,4.192573146897368
3009495,8.651908639845677
3009496,264.47139926017934
3009497,53.66840218656444
3009498,1776.0129191590097
3009499,2.426660997766198
3009500,9.735308749659351
3009501,12.865567483740508
3009502,0.022602277011260448
3009503,20.75000537514961
3009504,6385.270466548679
3009505,0.08666866672110843
3009506,762.9288984084229
3009507,29.37160873884239
3009508,2456.817326297963
3009509,1452.0953559098377
3009510,659.8155680487451
3009511,160.7205040120308
3009512,164.19380805138033
3009513,8296.161441782942
3009514,126.92766520739671
3009515,1.7762811873240196
3009516,55.86647477205468
3009517,50.0114782101399
3009518,0.34618027099171444
3009519,681.9424197446446
3009520,28.28866495066696
3009521,11.189967969718209
3009522,3.694840787951141
3009523,128.818996517055
3009524,13.029563713993186
3009525,559.5949881241669
3009526,737.0772627366314
3009527,17.41351294932124
3009528,38.732483940284965
3009529,529.4455142440205
3009530,85.44762820345505
3009531,2578.9276879508498
3009532,144.37972778028683
3009533,24.39539445042541
3009534,10.177396218550626
3009535,0.010919120754953927
3009536,8.6342366516719
3009537,6261.208590421931
3009538,0.05491018920397065
3009539,1091.4176052618634
3009540,8.919227126838745
3009541,1771.6012343080672
3009542,1924.4590497446661
3009543,315.49845294698645
3009544,412.01066079055306
3009545,274.5167434108057
3009546,6646.99143833373
3009547,52.30070421299989
3009548,1.673794812194602
3009549,39.36866412065669
3009550,46.60582594055714
3009551,0.6280818794045082
3009552,471.8245913078733
3009553,4.033602659354594
3009554,46.452726749912465
3009555,6.185759003302965
3009556,165.13945217878384
3009557,13.579478252116646
3009558,669.0999537680934
3009559,399.67855322478766
3009560,25.717158438600382
3009561,15.507624792978717
3009562,717.942386777498
3009563,154.35513518762218
3009564,5727.684020089114
3009565,5.576053788642673
3009566,61.68253250539527
3009567,17.085756444694265
3009568,0.04263090149752933
3009569,11.145081339733702
3009570,5761.972716794461
3009571,0.038356350806052375
3009572,1074.6066458874595
3009573,12.974509424711332
3009574,1920.833389801907
3009575,1408.836048698336
3009576,460.3787763896257
3009577,260.87660588850406
3009578,304.2344277988497
3009579,7853.53243770711
3009580,65.62421466806414
3009581,3.6688670612497685
3009582,52.106056886776365
3009583,58.84247818037779
3009584,0.32242970745194416
3009585,508.12690294828496
3009586,13.026403613223382
3009587,62.40574210565604
3009588,8.589593275728406
3009589,195.5475270398956
3009590,13.23792297453681
3009591,551.3695198141246
3009592,475.1933008556402
3009593,19.677486889084143
3009594,34.26436846809212
3009595,590.4621087273609
3009596,135.45284152583324
3009597,4395.762782957839
3009598,5.758468058901843
3009599,10.219373752123056
3009600,12.028190015906185
3009601,0.08142607681757184
3009602,5.347045707099347
3009603,2999.814038018322
3009604,0.019872049294479065
3009605,665.6706425633565
3009606,8.01672512477809
3009607,1307.0819112733157
3009608,755.7552412664626
3009609,316.77839257774866
3009610,128.91737567920157
3009611,123.82593596755122
3009612,3957.23360257245
3009613,21.379890009027115
3009614,1.4298610072363374
3009615,32.156049915592014
3009616,30.478511147530707
3009617,0.14137183737343909
3009618,338.25586064711297
3009619,6.775811778408216
3009620,17.62097900412231
3009621,7.190791957110353
3009622,111.02050437831772
3009623,4.76440928379837
3009624,336.5508880726315
3009625,333.20816135803057
3009626,6.668521155179074
3009627,8.330627837819053
3009628,267.6282790762906
3009629,76.9361984639727
3009630,2470.0534289217903
3009631,2.156773668711467
3009632,3.480067939230524
3009633,8.338244196992644
3009634,0.034942431943906026
3009635,3.018177046156173
3009636,6043.329592021081
3009637,0.028990754620924097
3009638,421.4043236767452
3009639,3.6622023890495545
3009640,1594.7996926944143
3009641,368.8694616547321
3009642,332.4646115245761
3009643,78.8504542537138
3009644,44.36079269630441
3009645,4395.495187663151
3009646,9.384656621148537
3009647,0.7303825854409539
3009648,22.984005325342892
3009649,16.442860084088906
3009650,0.08087284298346877
3009651,366.2773907168255
3009652,0.017702188241835438
3009653,4.179482331982608
3009654,3.974795634123652
3009655,27.112237146724134
3009656,1.1217843581506857
3009657,70.97082225789417
3009658,302.8734697474146
3009659,0.23099358458111494
3009660,2.782222555469953
3009661,73.05679586846689
3009662,99.74021077995336
3009663,794.487660238966
3009664,2.8443931027305727
3009665,2.4224677778835977
3009666,7.690827784002426
3009667,0.12270953655904779
3009668,10.696914903726176
3009669,5236.5646407612585
3009670,0.003020274599343129
3009671,706.9325866438348
3009672,10.722579209949805
3009673,1625.0049056275016
3009674,1324.4518773475363
3009675,467.4231029546366
3009676,251.2175477683146
3009677,172.88223094218063
3009678,6178.955279511911
3009679,42.1271938716833
3009680,1.1395071451828607
3009681,36.48084823902712
3009682,56.50446110969905
3009683,0.04242395008446203
3009684,521.8086190094679
3009685,45.474004196493546
3009686,18.112133093606502
3009687,16.475972334764876
3009688,99.86176882260091
3009689,10.428398253177301
3009690,567.8010343798352
3009691,484.9526206802781
3009692,13.472139756876707
3009693,21.437937245667662
3009694,702.2724936267584
3009695,121.37702600930385
3009696,3309.312451786323
3009697,7.981312643857794
3009698,48.160548418951954
3009699,5.0464444837434534
3009700,0.08347979148315109
3009701,7.031694396435001
3009702,3933.542440956489
3009703,0.18527452476443598
3009704,613.2243089266022
3009705,13.822501338487179
3009706,897.6905706163632
3009707,1154.9467109860882
3009708,178.9869263893014
3009709,258.13037398870296
3009710,218.10580154788838
3009711,3505.11474456951
3009712,30.649645716335545
3009713,2.415330322463763
3009714,23.00249870192089
3009715,27.346325783849018
3009716,0.48001876681122896
3009717,237.94122405265676
3009718,20.402856319019484
3009719,37.9133418895945
3009720,9.933018028213441
3009721,200.1966186415156
3009722,13.750968732589053
3009723,401.62738207250226
3009724,240.59986594480253
3009725,7.183222306500373
3009726,14.392860648013343
3009727,559.1658749563522
3009728,118.61301106970362
3009729,4301.511311035329
3009730,2.476588381552401
3009731,32.44074393698067
3009732,5.922743229384223
3009733,0.35378643658237485
3009734,15.320238535906457
3009735,6050.005214999184
3009736,0.07239732390639407
3009737,949.5885212583369
3009738,18.216051338546155
3009739,1476.4121199124083
3009740,1777.8707017268532
3009741,383.2162034255031
3009742,422.06388191702854
3009743,175.21615654376035
3009744,5926.954340867736
3009745,42.0124723368284
3009746,4.3663256042856196
3009747,39.604393123325735
3009748,47.611439845520835
3009749,0.18394236651791898
3009750,454.3646847321841
3009751,49.713350973576915
3009752,36.185700027334576
3009753,28.732223524863258
3009754,132.43320094344193
3009755,19.42430250740176
3009756,458.81886227375446
3009757,462.1044900146442
3009758,28.778462478453417
3009759,25.787410728203962
3009760,755.4879482009693
3009761,169.62861542982722
3009762,5237.221998505321
3009763,3.3239621358513323
3009764,46.14984414446348
3009765,15.244243931465624
3009766,0.24752024710358328
3009767,10.407824155668408
3009768,4573.532428692349
3009769,0.0115512021424279
3009770,728.7560539476084
3009771,14.081525596760532
3009772,1989.6491195942453
3009773,1056.7366948184365
3009774,645.9892399825902
3009775,255.82793991815004
3009776,121.96156211683149
3009777,7343.377575782861
3009778,17.313931974240088
3009779,1.6441610730577754
3009780,53.81238814948133
3009781,54.19822893670294
3009782,0.07288321152796792
3009783,527.123214935562
3009784,17.483186613967415
3009785,7.640129145604365
3009786,19.361996834903863
3009787,77.14747530094562
3009788,4.786373456573674
3009789,431.6542244457953
3009790,553.495343995903
3009791,9.317063950121792
3009792,11.368471321633521
3009793,520.550924728597
3009794,122.02505993743841
3009795,1672.4596257109793
3009796,112.31603226136271
3009797,18.17721116413525
3009798,3.8040487924638295
3009799,0.03265902107144254
3009800,3.907314418029935
3009801,2266.7448046795103
3009802,0.14285831327595572
3009803,390.9236226718098
3009804,11.474356417599617
3009805,675.7123615137509
3009806,771.1950033680391
3009807,155.18326792308778
3009808,157.54078134954952
3009809,126.41660277755877
3009810,2708.0418469022334
3009811,19.38223560995716
3009812,1.41852192730639
3009813,18.8564107875686
3009814,30.935636834656478
3009815,0.2801983440380664
3009816,216.0747765252385
3009817,13.521496681449129
3009818,15.941969442937483
3009819,5.529350611004334
3009820,67.57246508607675
3009821,6.518874825408015
3009822,293.5748889320259
3009823,173.40513492586925
3009824,4.498065817027329
3009825,10.338399940251978
3009826,342.6479004393766
3009827,63.08831488021138
3009828,2439.3963573700416
3009829,2.146086430434454
3009830,22.29622597029507
3009831,1.3302782087440888
3009832,0.0559859401040505
3009833,1.432791734855723
3009834,1334.356055944348
3009835,0.03584527167236272
3009836,118.7563130771999
3009837,2.156016555947704
3009838,779.2094345747881
3009839,305.1024472195591
3009840,260.4987492449564
3009841,64.59703629411754
3009842,28.0220066078837
3009843,2456.023752116283
3009844,3.277745496375486
3009845,0.33586207589068184
3009846,7.25647520611051
3009847,6.190511872449995
3009848,0.09475738936652346
3009849,196.12830181414557
3009850,1.7364779009186986
3009851,2.3111154646341543
3009852,1.078291291687666
3009853,5.073094714698016
3009854,0.4878753711705863
3009855,175.00391797272732
3009856,179.84103993553535
3009857,0.6311531184012983
3009858,3.4394543425425583
3009859,132.8103930866316
3009860,23.924429511918685
3009861,284.7192379251593
3009862,4.609532704668572
3009863,0.9838835240452811
3009864,5.797490225511076
3009865,0.20820292087659928
3009866,3.2634645065103887
3009867,4315.85777041993
3009868,0.029314002976337877
3009869,696.0678533615012
3009870,7.75259734600808
3009871,1744.0340340350676
3009872,669.0888474150715
3009873,512.6604520854294
3009874,424.4104211843303
3009875,59.12105154800334
3009876,6905.3647232356025
3009877,22.415293669323596
3009878,0.5199104379825902
3009879,17.835596841360744
3009880,22.420147179481877
3009881,0.15955391472461675
3009882,494.9444739029564
3009883,9.800921789708955
3009884,1.2785249676175978
3009885,7.991896403663907
3009886,21.05344470271902
3009887,2.358488371552692
3009888,586.9853752547339
3009889,371.922728550426
3009890,2.1981141942432463
3009891,12.655716009195682
3009892,279.5953465435374
3009893,85.92997672597642
3009894,1528.3245180304898
3009895,20.693156739522927
3009896,7.764788098043075
3009897,4.618258028779037
3009898,0.08553759916540779
3009899,2.0499425666844195
3009900,1809.0585656381506
3009901,0.03601823050728692
3009902,211.3449262804782
3009903,6.783440632379954
3009904,1011.2293150505349
3009905,436.17423886230137
3009906,219.75713509641972
3009907,90.85220539820708
3009908,31.46488394965505
3009909,2911.2551486704283
3009910,7.4643569408851205
3009911,0.6403941336888278
3009912,11.871453249504842
3009913,17.50965960480187
3009914,0.26492845086105715
3009915,199.9390614861165
3009916,5.751537715792052
3009917,1.9978018229485965
3009918,10.883894946443652
3009919,21.017506530936917
3009920,1.4440780401447317
3009921,155.39040931440258
3009922,185.79684824387965
3009923,1.3184847328490892
3009924,5.4626394914194885
3009925,158.2995333211259
3009926,35.48613537908532
3009927,379.141750842049
3009928,8.14774345936445
3009929,3.3504690641144204
3009930,3.741120150072908
3009931,0.0350037693933786
3009932,2.6044655351732353
3009933,1721.2668088739692
3009934,0.009212520921891839
3009935,145.10045240404142
3009936,4.149399062394695
3009937,962.604317163167
3009938,287.3578262327841
3009939,164.5403436372091
3009940,70.7445059259926
3009941,29.395324137375415
3009942,2792.309134680603
3009943,8.494537006816428
3009944,0.128854669978688
3009945,11.561941245549079
3009946,10.390989279095786
3009947,0.029920834440379882
3009948,151.0034700207419
3009949,1.5331628509058879
3009950,2.5525717440189664
3009951,1.956902969645356
3009952,21.173002193339258
3009953,0.5415448265174467
3009954,179.75666894160963
3009955,209.31704177488353
3009956,0.4600811686464391
3009957,4.4129575006063275
3009958,72.16624783590582
3009959,23.47681934508378
3009960,193.71816157517426
3009961,5.6483303040030455
3009962,1.4422150019719215
3009963,3.0427897678921534
3009964,0.027431764641452815
3009965,1.5156625468845553
3009966,1604.4168111780484
3009967,0.014670692629228094
3009968,181.45059777348592
3009969,4.9651976182663615
3009970,1191.2315445187805
3009971,397.0433556886589
3009972,231.9212832957866
3009973,45.086316584320315
3009974,30.605832103883774
3009975,3167.9349225784867
3009976,6.563187055796648
3009977,0.34430022727833265
3009978,9.64619138344677
3009979,20.468747264419324
3009980,0.11943032225469778
3009981,262.49789349737046
3009982,0.6519184200889134
3009983,2.433455377940927
3009984,2.8862577152172557
3009985,10.7028149522548
3009986,1.6814722811987795
3009987,242.36361079099646
3009988,238.50888988560806
3009989,0.8464475363449998
3009990,4.531952243425369
3009991,71.14419365374538
3009992,81.84845935928732
3009993,462.7852104599982
3009994,5.695711113123195
3009995,3.609619895688276
3009996,2.8327408297258776
3009997,0.7669658592414335
3009998,4.578431912387551
3009999,1845.4272180289577
3010000,0.047005472574566935
3010001,189.3114439942596
3010002,2.2525173948450363
3010003,1059.6555472905918
3010004,418.954866232871
3010005,285.24335357452554
3010006,131.7666852773377
3010007,55.032688696056994
3010008,2891.2376711334455
3010009,6.654615136323936
3010010,0.8151489328965806
3010011,16.243392322752154
3010012,17.099619042737128
3010013,0.13689003633642724
3010014,252.6880707795585
3010015,8.050451950654594
3010016,3.0458471392463413
3010017,3.7719357545894105
3010018,11.421562508558784
3010019,1.780581324146496
3010020,150.35297985063076
3010021,212.02605972146023
3010022,0.7906214933761223
3010023,4.953035433399891
3010024,115.35620146510823
3010025,46.37038759800477
3010026,759.2670996836093
3010027,10.188783520529963
3010028,4.097170437740977
3010029,3.5742275499113814
3010030,0.13650253272167312
3010031,0.7762128339026725
3010032,1408.3501926060362
3010033,0.014225468206882023
3010034,183.8275892975625
3010035,3.2708494403795285
3010036,896.2844667189688
3010037,258.76226590113333
3010038,167.72560775574922
3010039,255.25714358843823
3010040,23.42319644927699
3010041,2107.7739399641596
3010042,3.8396772996806856
3010043,0.2830104747658584
3010044,10.859152787630965
3010045,11.790067287452748
3010046,0.09378556776325608
3010047,177.5055085747712
3010048,0.02851345220110655
3010049,3.360563298966469
3010050,1.4310948505728025
3010051,15.264733572439695
3010052,0.9264188084762719
3010053,60.697954330176714
3010054,135.68581827467258
3010055,0.7094413595681721
3010056,2.8102236347526492
3010057,64.25529423770124
3010058,37.98474301857852
3010059,598.666528778578
3010060,2.8258859253624604
3010061,0.6679434267730116
3010062,7.086430690570095
3010063,0.4439806424519832
3010064,3.2072731851711307
3010065,3309.8428381208005
3010066,0.040291681582535176
3010067,360.70682766697126
3010068,3.8614639850281978
3010069,1199.0852066822354
3010070,751.3235456446736
3010071,507.63613031790135
3010072,379.00531933820764
3010073,92.19638457655365
3010074,4730.713096087736
3010075,14.394132915832213
3010076,0.8601538428604991
3010077,20.260455175797947
3010078,27.462330127999213
3010079,0.2524186672925417
3010080,337.6740183283535
3010081,0.6928473496000798
3010082,3.117843321382863
3010083,8.462878492609637
3010084,20.03362492413062
3010085,2.612328519090021
3010086,274.28750434400433
3010087,298.55432665488485
3010088,1.8002669601954984
3010089,7.786356966279443
3010090,396.7782912934378
3010091,53.73711299648716
3010092,1489.084571857795
3010093,13.55850184373457
3010094,12.72907414784613
3010095,2.6185995357674443
3010096,0.053259003716015954
3010097,4.474463439148538
3010098,2074.069245659576
3010099,0.0
3010100,618.570642516016
3010101,4.997643584302347
3010102,601.4809713968854
3010103,624.711671665027
3010104,211.64658738515442
3010105,236.40310663180995
3010106,43.06440809058888
3010107,2771.176706960137
3010108,11.171035170951473
3010109,0.7141306967380726
3010110,14.068162873900166
3010111,11.365961328320644
3010112,0.09714013435322001
3010113,185.21082480514494
3010114,7.914772733094521
3010115,3.471146879286775
3010116,5.840712518254491
3010117,43.75071117425958
3010118,1.6017462754085297
3010119,90.1934371711096
3010120,163.3473680447807
3010121,3.396983966590598
3010122,5.856132268216533
3010123,178.13537362627778
3010124,49.772925534219986
3010125,1572.8265749109992
3010126,42.02770978824211
3010127,9.50901844646767
3010128,5.7221526110496885
3010129,0.4362409802055514
3010130,2.638026979827573
3010131,2627.0890998438595
3010132,0.038097924016561015
3010133,199.98646899283423
3010134,4.241888426780549
3010135,992.2793705171215
3010136,415.50181150546086
3010137,295.85537306107494
3010138,113.19638819300819
3010139,38.38557983958317
3010140,3708.617072825106
3010141,15.722668903836139
3010142,1.0008275173571597
3010143,11.103447227522913
3010144,12.084528987943171
3010145,0.1286982395236027
3010146,202.93039408692087
3010147,6.2340756869564595
3010148,2.8760879080735826
3010149,4.860481433045197
3010150,12.694307623295595
3010151,1.949698464473561
3010152,153.5754773836976
3010153,191.79889028403642
3010154,1.1346673151181401
3010155,4.776185333755878
3010156,99.72086195012007
3010157,28.09156044045247
3010158,553.3744808659894
3010159,8.002362205878434
3010160,3.669265369403981
3010161,5.0581821350380824
3010162,0.039841398129099016
3010163,7.641351414946992
3010164,2955.8534992048394
3010165,0.03572582906315512
3010166,667.6185274204114
3010167,7.526875216806577
3010168,893.4536416346293
3010169,824.9979714141115
3010170,221.16291135816297
3010171,175.45548064466328
3010172,85.55944810492993
3010173,3658.9125033803057
3010174,36.650983183833844
3010175,1.11303304779604
3010176,14.793383264423175
3010177,23.404680326511254
3010178,0.21696614069630873
3010179,264.41950316632
3010180,20.316849358781404
3010181,9.960797547849475
3010182,7.330405362121424
3010183,47.88379969065928
3010184,7.388198873604269
3010185,358.52806180194
3010186,261.4939560758006
3010187,7.215101897860579
3010188,8.043346477611667
3010189,425.274404393674
3010190,108.90304988059393
3010191,2247.622998776701
3010192,3.04801375078312
3010193,31.512388673050847
3010194,5.186909122891819
3010195,0.09703536957957942
3010196,4.6367598792310245
3010197,3256.321472821098
3010198,0.023376048617002633
3010199,496.0310636480302
3010200,4.850900574653284
3010201,1328.2905748181272
3010202,726.8638418506544
3010203,575.9957289271574
3010204,173.86046923257067
3010205,57.80505906177889
3010206,4628.852643546839
3010207,9.927528084582693
3010208,0.5185817854567272
3010209,16.07539668149234
3010210,13.622215120659767
3010211,0.01536562392931749
3010212,315.4121230288333
3010213,2.8137301402094885
3010214,4.524525158334936
3010215,2.7082494156525283
3010216,22.489192856629487
3010217,0.8707322208060503
3010218,255.99476457222923
3010219,321.71177017299385
3010220,3.0783780294792646
3010221,4.282870995720261
3010222,262.93343864453817
3010223,55.737005684102286
3010224,922.8524116723362
3010225,64.63413382531314
3010226,9.945771125100839
3010227,8.986916921977432
3010228,0.3569443995645362
3010229,3.8602430674958677
3010230,3342.0599674275413
3010231,0.04345878956841995
3010232,442.6372120089364
3010233,3.80525935496812
3010234,1496.7569710343666
3010235,612.679343945519
3010236,328.827864131767
3010237,490.8356357720726
3010238,59.574163032273454
3010239,3801.644027483509
3010240,12.779762311997874
3010241,0.5757492186573548
3010242,24.680615506431987
3010243,32.70202246245187
3010244,0.18417605823743824
3010245,344.7833287833829
3010246,2.812181935015631
3010247,2.496636031719118
3010248,8.250311917968675
3010249,46.37322218441161
3010250,1.4187187488289659
3010251,111.18846832112379
3010252,297.96582732163
3010253,1.7445952284020056
3010254,4.854792937938496
3010255,160.4371776161882
3010256,145.65805158838683
3010257,1347.6680101316038
3010258,3.2233079874152666
3010259,6.281951827159625
3010260,4.090583723764538
3010261,0.18366678577323137
3010262,1.3221492346236146
3010263,1701.5861395301092
3010264,0.03059224087139542
3010265,198.86529449006923
3010266,5.438914766225223
3010267,697.7420695648132
3010268,360.84097508816643
3010269,164.36468523219727
3010270,75.41731498800843
3010271,47.185194978145596
3010272,2511.577150766774
3010273,6.332462473011568
3010274,0.49105966381569927
3010275,18.864819499989135
3010276,13.473900260258182
3010277,0.06381023932587822
3010278,172.74148950692017
3010279,0.5962743871550626
3010280,2.499830113221989
3010281,3.944391019458397
3010282,30.536118011710045
3010283,2.38862269363376
3010284,111.45715931974954
3010285,174.5074402754189
3010286,0.9593872129881017
3010287,5.218312945524188
3010288,137.37196868244624
3010289,29.275031895707297
3010290,664.9875465326068
3010291,11.781914363117528
3010292,1.8670332369805513
3010293,1.7515613339012208
3010294,0.02813443409192919
3010295,3.4684110730564544
3010296,1398.5751991459872
3010297,0.0305322338747247
3010298,287.9158591503726
3010299,8.792988318626472
3010300,528.4774266674615
3010301,501.9293312702123
3010302,130.13527477844974
3010303,50.39830522572495
3010304,47.78076229603038
3010305,2099.1634125890937
3010306,20.661970909617608
3010307,0.43552463301578076
3010308,11.673346912707371
3010309,15.145779779448024
3010310,0.07274682153270996
3010311,140.79089584920007
3010312,10.220643310132658
3010313,1.8217309610171994
3010314,4.076787875953959
3010315,30.67714807195377
3010316,3.9587849805103135
3010317,425.00455556580954
3010318,139.25326553536905
3010319,3.2236186942147085
3010320,4.6571342826950195
3010321,299.09834959422005
3010322,27.44856461167211
3010323,1196.070226794411
3010324,1.822826361353378
3010325,6.523931952800212
3010326,2.715085102499769
3010327,0.16105336598766445
3010328,7.089210453725932
3010329,3694.2557134868666
3010330,0.063669380279159
3010331,771.7043034832484
3010332,14.047849079317642
3010333,1035.789039336837
3010334,1316.1965343690654
3010335,271.3112388767358
3010336,238.5004010674603
3010337,146.04453575281218
3010338,4218.690477965393
3010339,33.69498869703285
3010340,0.7566474048040991
3010341,18.12684128931019
3010342,40.55895347643144
3010343,0.08488913518536324
3010344,267.64235388109773
3010345,11.871234996320252
3010346,29.347267187957755
3010347,8.92804868074551
3010348,53.04489203115516
3010349,11.96066120639032
3010350,374.5134369342668
3010351,256.26966500075645
3010352,15.682193910697483
3010353,8.96792659361231
3010354,496.8747205266517
3010355,103.23489837254158
3010356,3476.0600156808523
3010357,4.90686406267771
3010358,19.115065562103386
3010359,1.566179801390777
3010360,0.05750445475854859
3010361,2.139843446391423
3010362,1274.8234851082952
3010363,0.0
3010364,276.25250661546136
3010365,2.910245643519825
3010366,316.0310555939205
3010367,384.39094206181363
3010368,102.79389003467725
3010369,74.48011233989337
3010370,39.96938286430806
3010371,1242.1505456696707
3010372,11.81887750414914
3010373,0.42036084130475093
3010374,7.205524728661535
3010375,11.22953019292267
3010376,0.0060950086717782214
3010377,73.2838992562866
3010378,0.011924493843120236
3010379,10.003685039155167
3010380,1.6752400712976083
3010381,69.9143724191986
3010382,3.9337253910974415
3010383,113.94874625027825
3010384,72.64545292993856
3010385,2.823453131373348
3010386,3.968245070690654
3010387,100.37204677114462
3010388,22.84100083616985
3010389,989.957025495551
3010390,1.6954805251147183
3010391,1.4005843263228979
3010392,3.2537942957898314
3010393,0.02468168186054752
3010394,0.2341225405846163
3010395,945.828388622564
3010396,0.019716592414088904
3010397,209.4064319292136
3010398,4.41808205243023
3010399,390.5970776280791
3010400,255.08686631732067
3010401,88.2302598757512
3010402,33.25775822983174
3010403,24.966156903165132
3010404,1493.7886602787748
3010405,8.153671648165819
3010406,0.4617801173934617
3010407,8.10862586743321
3010408,6.22744234228545
3010409,0.11134280868552858
3010410,75.24868686161324
3010411,0.3230698665321364
3010412,3.9474718155659287
3010413,0.6000555636342826
3010414,13.115296110542262
3010415,0.19429323037946378
3010416,236.4397859610021
3010417,104.23764570138258
3010418,1.7745805601114455
3010419,0.9896562713392744
3010420,128.23510208746563
3010421,18.85428876234903
3010422,435.0351143054146
3010423,1.62180847824738
3010424,1.4188571613974645
3010425,4.995932382258913
3010426,0.10376651973490202
3010427,3.8340379764838497
3010428,3401.89011670855
3010429,0.11978827262923303
3010430,751.587600058813
3010431,11.474688345875624
3010432,1006.3949721548374
3010433,1191.1223475370755
3010434,304.2916928392974
3010435,280.39193811853005
3010436,90.6638451404589
3010437,4204.7461807925965
3010438,23.30707518816953
3010439,1.79442953684897
3010440,19.623713388433146
3010441,26.980331829090858
3010442,0.32811326960472814
3010443,311.13073538452676
3010444,5.205356656974513
3010445,24.220874742729777
3010446,5.820223625090693
3010447,63.11727714831482
3010448,3.835891765842422
3010449,315.85577181763495
3010450,261.83010188747795
3010451,10.11405411469479
3010452,8.976615294924903
3010453,432.07298039946477
3010454,82.04823482582471
3010455,2855.954634823039
3010456,1.5507022876912082
3010457,13.733078940243185
3010458,5.869704550530012
3010459,0.0637499637325812
3010460,2.0238699068481707
3010461,3319.9582746882375
3010462,0.025420730389326258
3010463,715.8572332175277
3010464,9.774180078962749
3010465,1283.0795865077985
3010466,971.944341003137
3010467,349.5442531838909
3010468,375.82848953358945
3010469,45.385265388608836
3010470,4343.491094177435
3010471,11.245223354201721
3010472,0.6767651510740597
3010473,28.42793267689538
3010474,16.23547505233535
3010475,0.4302691938781996
3010476,294.7596716481632
3010477,0.025878223615127344
3010478,3.2807450605584303
3010479,3.7533016301823054
3010480,20.693238980440068
3010481,0.9675883070217807
3010482,192.8539054908768
3010483,281.3133272109852
3010484,3.9264594498940735
3010485,3.649498807133868
3010486,201.3506397419096
3010487,87.22448428211767
3010488,1333.1351966428979
3010489,1.684669917130309
3010490,2.987707080138425
3010491,5.161769830929419
3010492,0.3303336893620874
3010493,1.9805669464743725
3010494,3225.0255648648085
3010495,0.034014065385488776
3010496,694.84828605007
3010497,8.334328610919671
3010498,976.396846297641
3010499,839.1722580639055
3010500,263.48245294939176
3010501,465.2471460804177
3010502,57.79986873938304
3010503,3912.157415203082
3010504,12.990591843106483
3010505,0.9865457017577944
3010506,23.559469247679914
3010507,16.930999585965367
3010508,0.0762412298731531
3010509,275.1717108425674
3010510,0.02811837596393535
3010511,3.612074415912147
3010512,3.9346166941458267
3010513,34.726840318908735
3010514,1.3527415847300728
3010515,120.45157195791299
3010516,263.37986527666646
3010517,4.325585731163763
3010518,3.7359115396323146
3010519,184.26250767861626
3010520,64.68085883996766
3010521,1265.94621187051
3010522,1.8049331785191778
3010523,5.220655899509801
3010524,9.315935931403644
3010525,1.0382824109242825
3010526,15.107257486630646
3010527,8230.402588840883
3010528,0.08858281385720593
3010529,1241.1099264090503
3010530,29.57522874377598
3010531,2017.6391675316975
3010532,2044.2635611492829
3010533,338.6629734433806
3010534,473.99215873369735
3010535,299.4840976208419
3010536,7565.1679488352165
3010537,84.84508835613143
3010538,2.7080240919546026
3010539,47.525768472453116
3010540,58.80056222753681
3010541,0.707948749061362
3010542,521.1693760945755
3010543,35.58005556457804
3010544,40.99362746804334
3010545,22.230229150850537
3010546,129.69409767523314
3010547,24.98112326479108
3010548,667.7173821304419
3010549,511.47351639902035
3010550,17.515186185080566
3010551,23.511157462463835
3010552,1060.7441580548327
3010553,238.68702026420405
3010554,7579.115883857348
3010555,3.3390251269591245
3010556,76.73861773458057
3010557,2.3345528856022195
3010558,0.2538605982811744
3010559,0.5055204866848235
3010560,1527.2080380663756
3010561,0.02228718372445506
3010562,167.3876713567148
3010563,2.8473188007983126
3010564,770.7885774861063
3010565,288.8916071894327
3010566,122.47802431823443
3010567,190.04083915766356
3010568,31.598807077422045
3010569,1802.4361666797413
3010570,4.325081546846276
3010571,0.33500888850152943
3010572,12.277169934032315
3010573,9.209800466040253
3010574,0.215204409657745
3010575,135.5385767471598
3010576,0.3019340386630913
3010577,2.8697479957606613
3010578,2.4315214654780517
3010579,15.881916375402422
3010580,0.5281870003278907
3010581,58.18051009329362
3010582,92.42088377340612
3010583,1.689837062126051
3010584,3.7996649062943044
3010585,98.15203172643817
3010586,18.399961483858615
3010587,542.968143178713
3010588,1.7361194475091157
3010589,3.743862030686351
3010590,6.4421545917237575
3010591,0.22280363746188664
3010592,1.9704188337824866
3010593,3324.2866262117304
3010594,0.026159389049188388
3010595,540.6835928640858
3010596,7.589467817033902
3010597,1182.0666457216582
3010598,677.8773595224158
3010599,230.13935836149903
3010600,509.02890665585926
3010601,55.787518041233426
3010602,4110.803032276287
3010603,12.613755209276075
3010604,0.391508676500822
3010605,19.578740110027972
3010606,20.732946039567285
3010607,0.1169047530067711
3010608,277.1038883170964
3010609,0.7020506271679946
3010610,2.722348529712048
3010611,7.720605900293058
3010612,10.376214098536318
3010613,1.4351362098057239
3010614,324.16469350098447
3010615,241.63133993760962
3010616,3.2941202630134323
3010617,6.0806870660500465
3010618,119.2150845364498
3010619,60.38103135986573
3010620,1193.3244134431372
3010621,2.3669586993719185
3010622,5.197387353886214
3010623,1.1672385509979262
3010624,0.020503323749463384
3010625,0.321627297589269
3010626,995.5367801351929
3010627,0.014678290844462077
3010628,132.59656942789218
3010629,1.8314263204969559
3010630,631.2624982967257
3010631,191.6385475929078
3010632,97.0064007997294
3010633,491.34728995876156
3010634,13.784421584432872
3010635,1596.4550670631838
3010636,1.4335425439399367
3010637,0.1938893953516875
3010638,7.741712680396251
3010639,2.871070778055341
3010640,0.02983778503930256
3010641,95.47198803367466
3010642,0.028147969081897074
3010643,2.056917540515068
3010644,0.6340972338705622
3010645,12.128855414952389
3010646,0.19271617989413042
3010647,70.94934247961265
3010648,77.8198943822321
3010649,0.402835197742771
3010650,0.9701598881989261
3010651,53.43726840578955
3010652,8.915018504328284
3010653,217.6673491242322
3010654,1.4257595784443113
3010655,1.1806658712553104
3010656,7.311563545387598
3010657,0.04780669214488747
3010658,1.583439911876291
3010659,2200.0537042072297
3010660,0.023869720977287196
3010661,271.1670118338445
3010662,5.077517363283024
3010663,1014.1070738668305
3010664,424.4506334022811
3010665,171.80643614513252
3010666,387.17701921551946
3010667,36.65954036569481
3010668,3069.6050082515962
3010669,2.66377559586946
3010670,0.4544575612401245
3010671,22.31940613224061
3010672,16.738253641774822
3010673,0.12038845865373973
3010674,222.97113189620845
3010675,0.049082681457159716
3010676,4.332025798647052
3010677,11.432132433945338
3010678,11.626787213540602
3010679,1.275561190939878
3010680,228.21583107636175
3010681,208.11792717895418
3010682,1.2491902960905554
3010683,4.226993504528155
3010684,171.88773030994633
3010685,29.48436262794474
3010686,1333.7331193429345
3010687,3.6136712167451384
3010688,0.8814911137256488
3010689,2.7413687127480397
3010690,0.26503659941297447
3010691,1.5914905210221317
3010692,2522.5066679601728
3010693,0.03709292389547844
3010694,711.8466951050559
3010695,5.663438770423773
3010696,874.7538095892875
3010697,682.9756719689988
3010698,244.56074728386614
3010699,201.91675428807315
3010700,58.966453565594016
3010701,3767.1795641041745
3010702,6.483987411143238
3010703,2.8770283213794405
3010704,24.630273987235558
3010705,36.40337868891208
3010706,0.20858383552313903
3010707,223.01844883055566
3010708,2.384087334916032
3010709,4.200426097308287
3010710,3.0568913612885487
3010711,15.24826645300699
3010712,1.8358155340694102
3010713,178.5213519007017
3010714,264.22010240903546
3010715,3.813991512424711
3010716,6.32948064134374
3010717,147.9259824711108
3010718,31.351869869473358
3010719,740.4432023740621
3010720,2.5697506153824126
3010721,3.1919726547120026
3010722,3.311423368753766
3010723,0.05704120464560463
3010724,0.18079444807713213
3010725,1557.2995366845953
3010726,0.020756777118631553
3010727,104.56467839428673
3010728,1.8148990737117214
3010729,520.6437820415239
3010730,201.61361525906275
3010731,100.4328722950715
3010732,276.8632359711794
3010733,25.269311771192477
3010734,1823.3255683029258
3010735,4.356085152376974
3010736,0.2575980123555484
3010737,7.1943668328926185
3010738,5.181160707398921
3010739,0.09664427299349537
3010740,112.52376396859705
3010741,0.02478759971335838
3010742,3.2807203072134112
3010743,0.8342286501378035
3010744,13.549699306041651
3010745,0.48515078613000834
3010746,186.18113022701723
3010747,86.13567562117808
3010748,0.6588896204149222
3010749,0.8002801068464421
3010750,43.84463703983894
3010751,16.307499589217826
3010752,395.4493480851475
3010753,1.9249368584118733
3010754,0.3238914864219862
3010755,3.63042324431954
3010756,0.06987580699354481
3010757,0.5084046959903998
3010758,3405.3703710732343
3010759,0.031385450064529266
3010760,506.4175667737803
3010761,5.6215139790755275
3010762,816.5560614207205
3010763,600.7250389244634
3010764,203.88968830937333
3010765,194.94356904962288
3010766,47.10628840365572
3010767,3671.9794657384055
3010768,5.857829868911493
3010769,0.39787671680148406
3010770,15.75637843689154
3010771,10.355975102855918
3010772,0.17154632741587994
3010773,218.27006330710282
3010774,0.04790427308434205
3010775,15.723993764950317
3010776,2.1036285855359753
3010777,21.11231014497509
3010778,0.8219090303904664
3010779,209.12409953609446
3010780,211.1133242847835
3010781,1.9998024294415877
3010782,4.273269532454285
3010783,115.07056859437947
3010784,48.57686511219182
3010785,1260.8205118544554
3010786,3.6011462109293872
3010787,0.653165455188959
3010788,3.4408769206518457
3010789,0.035472975394786097
3010790,7.7274422229716
3010791,2979.925075976248
3010792,0.044514169443160945
3010793,583.6323648760311
3010794,6.958786196622528
3010795,930.6207999257173
3010796,937.2349283621868
3010797,174.9140625782272
3010798,140.0671166158235
3010799,111.8167700495961
3010800,3529.3880661683934
3010801,48.81554024430105
3010802,1.4044110080583523
3010803,18.831735367396824
3010804,25.451491607146764
3010805,0.23825076444359414
3010806,260.201443320543
3010807,21.630455369019174
3010808,20.87518797552612
3010809,2.1414789904410845
3010810,79.37664412904938
3010811,8.717366904455925
3010812,210.71862794087738
3010813,254.1516968808081
3010814,11.192028989288017
3010815,12.816391170779283
3010816,236.64299990772207
3010817,65.02441136726563
3010818,2448.087054218779
3010819,4.520267268840137
3010820,11.167325849826378
3010821,4.629408518737856
3010822,0.03606593076732831
3010823,7.107215382876016
3010824,2268.085380779098
3010825,0.03652330109489077
3010826,441.6665480979561
3010827,8.472260059655387
3010828,979.4631738090144
3010829,732.7258622961328
3010830,152.66681055104115
3010831,92.29575095307965
3010832,88.1340170835603
3010833,3651.4362342854834
3010834,21.285074159820557
3010835,1.09428663520892
3010836,29.73240180160943
3010837,44.322496204131674
3010838,0.04961422735213602
3010839,319.44404861990165
3010840,20.19959735465314
3010841,13.909839211174681
3010842,6.089177612720194
3010843,62.76230814386975
3010844,9.104250760946801
3010845,154.0880583636786
3010846,351.60735992107647
3010847,6.17230466729059
3010848,8.677555153201645
3010849,99.85183951658604
3010850,72.88359125625541
3010851,1889.9947773580943
3010852,4.066013434791417
3010853,12.313950216610689
3010854,7.4282539565920604
3010855,0.1584509426691041
3010856,2.27841600413587
3010857,3775.178662690909
3010858,0.03471189428029556
3010859,777.0868706033534
3010860,5.598990377783725
3010861,1602.5112824916362
3010862,718.828234124471
3010863,222.01113377948974
3010864,1547.106506367831
3010865,58.72032017596877
3010866,5329.926947219595
3010867,35.30635347371396
3010868,1.2962743187471124
3010869,19.459481502421916
3010870,17.854179912986112
3010871,0.10083941897842652
3010872,338.0286303011936
3010873,3.980955737103943
3010874,11.278508542341573
3010875,7.611441921732961
3010876,39.00517223434358
3010877,2.900150256824861
3010878,176.53718152834804
3010879,304.56054771759545
3010880,6.476280778121637
3010881,8.548233152827086
3010882,233.17845084240736
3010883,60.21130595464112
3010884,1820.070441379228
3010885,14.649596351281273
3010886,14.237768316557421
3010887,2.6796280149452225
3010888,0.33562946712668934
3010889,6.483928089039615
3010890,2459.954462077016
3010891,0.08043143673401604
3010892,415.6068967303019
3010893,5.16588523169898
3010894,740.8208071940642
3010895,752.7566950696844
3010896,183.90712085699982
3010897,137.8310979897804
3010898,74.25620166670288
3010899,3019.3317980931906
3010900,19.932361007330666
3010901,1.1422289840261486
3010902,10.338752617581115
3010903,9.33013000460619
3010904,0.17399700359468834
3010905,244.28948761913983
3010906,16.672743984745527
3010907,13.355509851360665
3010908,2.5452572691282196
3010909,47.37054399895601
3010910,5.505537836361419
3010911,314.6745436414943
3010912,217.99338441904837
3010913,6.614068719692263
3010914,8.403532692456928
3010915,330.4195255992607
3010916,45.348916685394094
3010917,2023.5173530921634
3010918,3.3086094672523414
3010919,20.594090753896577
3010920,3.532968728032206
3010921,0.22971744990620782
3010922,1.8682493865761423
3010923,4285.009400586665
3010924,0.03245999115058757
3010925,470.3616860933488
3010926,4.980221483105177
3010927,1895.8358814974526
3010928,694.60561096825
3010929,291.4606563831536
3010930,254.52249199039412
3010931,55.05549357927052
3010932,5438.741446608823
3010933,11.2176362745454
3010934,1.1118554638229174
3010935,27.17042941581763
3010936,21.07275989372202
3010937,0.19438463215361665
3010938,480.64513083965653
3010939,0.04872833504556356
3010940,4.395573954004586
3010941,7.2770535734429975
3010942,19.736196229180514
3010943,1.9379435631995716
3010944,139.1719397477322
3010945,328.42566939830516
3010946,3.277967393748079
3010947,8.676980777425376
3010948,197.5603332136916
3010949,65.37120280980118
3010950,1281.3552484567463
3010951,4.579963508746433
3010952,4.932797936011057
3010953,6.270049130858154
3010954,0.058681561880954525
3010955,6.714470884736196
3010956,2843.8373072272316
3010957,0.030233595013418775
3010958,521.149682297886
3010959,7.748950765649133
3010960,1051.7000122374623
3010961,801.6663347488901
3010962,248.15066592441465
3010963,144.5188290953413
3010964,98.51484051473815
3010965,3683.2480228095696
3010966,25.717197933279316
3010967,0.9728540475961155
3010968,18.133561083429793
3010969,27.917766788065826
3010970,0.11565713413717847
3010971,278.34350575247936
3010972,11.939605878365276
3010973,14.048617583263358
3010974,6.660539466762217
3010975,53.26303056980317
3010976,10.651952286939462
3010977,197.49406182209785
3010978,341.5509845572336
3010979,12.626036348105254
3010980,9.611505923238953
3010981,205.99689265874403
3010982,51.38968811737378
3010983,2095.3030647658575
3010984,1.795763706718896
3010985,6.292372643493334
3010986,2.7217895359539552
3010987,0.04381655640224721
3010988,6.134115314848431
3010989,2533.127664099805
3010990,0.045600012452182107
3010991,555.4495989202771
3010992,8.049618826369791
3010993,731.0090053622522
3010994,835.2344898545605
3010995,183.60137085117142
3010996,145.47161992892003
3010997,98.85140945922417
3010998,3078.6249648843177
3010999,30.719456854315172
3011000,0.6367854481787674
3011001,14.415835232007842
3011002,16.37548706185918
3011003,0.08614040058812114
3011004,248.05102272956117
3011005,14.923040602313478
3011006,31.320538691927045
3011007,5.932981866269572
3011008,51.9402829224333
3011009,8.277064981103155
3011010,212.95933617607457
3011011,233.39984441273975
3011012,8.2310538007012
3011013,8.083600305707119
3011014,210.51282781174228
3011015,52.36145756479845
3011016,2420.0016602055025
3011017,4.577727739407458
3011018,15.079272820536508
3011019,3.557501960778154
3011020,0.1073772890516332
3011021,3.009996984303092
3011022,5782.548016971544
3011023,0.00977004089674803
3011024,654.4108716194216
3011025,9.668726437044038
3011026,1231.482601159721
3011027,715.8742445682823
3011028,305.4407974368095
3011029,409.4507905144699
3011030,46.33169153383473
3011031,4915.775333416698
3011032,6.70637751921903
3011033,0.2140053684727339
3011034,12.69938404414751
3011035,16.8658273996407
3011036,0.053299906504861376
3011037,269.10815294236426
3011038,0.0
3011039,4.376078805625945
3011040,1.0764250085807083
3011041,34.99597044509757
3011042,2.1103591128683457
3011043,212.63803656660664
3011044,271.78411615370305
3011045,2.744948187970714
3011046,1.8394821295427604
3011047,173.84122376845573
3011048,103.14366447373722
3011049,1249.706482890424
3011050,3.6761780919572002
3011051,0.4184481729782413
3011052,13.772503366048301
3011053,0.02042359720067955
3011054,16.10596464358322
3011055,9465.425140770863
3011056,0.08647264267425457
3011057,1622.9182237214873
3011058,19.52752988852481
3011059,2416.402239069179
3011060,2328.294056859816
3011061,545.5832757934941
3011062,639.9455877656319
3011063,365.0901299071119
3011064,8937.432739891761
3011065,92.95337053142124
3011066,4.133594873347119
3011067,87.76101490420922
3011068,102.18499173694877
3011069,0.5101690210460644
3011070,705.6965347337145
3011071,30.437349449848693
3011072,17.305744415946954
3011073,39.72335291879774
3011074,222.95959612757383
3011075,24.59974652453102
3011076,786.4177216597042
3011077,541.5217759237925
3011078,29.04837417206034
3011079,37.420377645287154
3011080,1060.084691025809
3011081,305.7045383237468
3011082,9006.25283105707
3011083,143.09395745246746
3011084,88.09562906580041
3011085,12.433326669628466
3011086,0.03310666537665477
3011087,14.146796621839583
3011088,8977.41346851376
3011089,0.11327438978553384
3011090,1212.2786658895513
3011091,20.05697642558213
3011092,2558.9978513958367
3011093,2158.6984774028106
3011094,645.917080844132
3011095,382.2086384630539
3011096,258.65429853800964
3011097,10188.292738932068
3011098,125.00879749296101
3011099,1.536531098144854
3011100,53.31036670264409
3011101,85.60177500024645
3011102,0.7456830800998816
3011103,696.4240580946174
3011104,20.245411595119148
3011105,24.868791619512486
3011106,20.29631682809221
3011107,119.17303095248434
3011108,17.494746406599656
3011109,1059.926682874781
3011110,734.95856233297
3011111,18.99864592206665
3011112,27.6959236312816
3011113,1123.3700324483634
3011114,227.81403752220947
3011115,6054.763131985501
3011116,248.59072842529042
3011117,82.88919318319348
3011118,9.879186764526803
3011119,0.031902714734257355
3011120,17.124688926016066
3011121,5719.995901558283
3011122,0.1096854368087577
3011123,910.9184792627337
3011124,10.657372770207209
3011125,2074.265218311862
3011126,1719.6675497773251
3011127,703.0219617942186
3011128,140.17398893554667
3011129,189.42841144138515
3011130,8707.744301717621
3011131,36.37835958547413
3011132,1.5006604892465372
3011133,24.286869868762604
3011134,25.574733525210533
3011135,0.41051768345162815
3011136,639.8030062169755
3011137,19.263992008286607
3011138,19.412260856127894
3011139,8.974537803024715
3011140,83.30246887044737
3011141,7.82710783092995
3011142,928.42121651289
3011143,691.0908447491413
3011144,19.978557804886528
3011145,34.135405006664485
3011146,694.4017896111701
3011147,148.36862143441704
3011148,2623.9528239918627
3011149,203.52391430770496
3011150,36.6121356551222
3011151,12.237285910292188
3011152,0.02769988954926271
3011153,19.973922607494803
3011154,8342.95968318685
3011155,0.09844995604044296
3011156,1197.4366422221437
3011157,18.505073582098873
3011158,2336.3163829420355
3011159,2040.9722392510284
3011160,659.1846441923271
3011161,347.37965496192476
3011162,225.70399001599426
3011163,9459.679267269299
3011164,53.757161519396256
3011165,1.6823819432972746
3011166,45.35565966187897
3011167,78.53427246492646
3011168,0.502978802164327
3011169,696.0224433641623
3011170,26.736013808789046
3011171,19.865954265727293
3011172,29.90285948928601
3011173,123.32029812451681
3011174,11.761165628247046
3011175,769.3692087498616
3011176,705.8855698153199
3011177,22.113701271274763
3011178,27.425207553872813
3011179,1148.9332301026454
3011180,215.16051448226105
3011181,5148.568732686457
3011182,234.3111281483919
3011183,67.78772531315842
3011184,9.042241708037674
3011185,0.01681569959276605
3011186,19.135845085713207
3011187,4005.7456835855014
3011188,0.04904729988172159
3011189,808.3623678434925
3011190,12.319839229025318
3011191,1958.229315308541
3011192,1186.7049331603378
3011193,597.4813790342122
3011194,103.42131447657398
3011195,123.45187402026961
3011196,7205.863080784058
3011197,36.74818173263096
3011198,0.4870416709069951
3011199,26.253608994670955
3011200,36.53489929745475
3011201,0.28608694644270954
3011202,575.1844389891254
3011203,24.281457314745268
3011204,8.689015953269875
3011205,5.931292956220381
3011206,56.33930603539921
3011207,4.455749185397934
3011208,791.1800384442212
3011209,648.4239066079156
3011210,14.277371350948622
3011211,21.8048842009037
3011212,696.6328133237618
3011213,77.29853011343397
3011214,1739.3851592649826
3011215,145.22799771343307
3011216,20.225785568857756
3011217,11.151833804991599
3011218,0.05150397581619192
3011219,11.357455588656919
3011220,7446.387966381227
3011221,0.08823920648744243
3011222,1269.6461076848382
3011223,19.406156731777333
3011224,2001.1845750558691
3011225,2253.2648478638644
3011226,452.5482205249138
3011227,493.58570640962614
3011228,301.0146698026213
3011229,8042.983893178453
3011230,69.15579173413659
3011231,1.6144121371308564
3011232,48.32401381522752
3011233,65.60328217389058
3011234,0.5209000230834926
3011235,533.3755283517603
3011236,17.538604714195838
3011237,22.647691490089652
3011238,10.11835444335487
3011239,171.82394649809282
3011240,17.651365591456816
3011241,799.8341328478934
3011242,509.6059270671496
3011243,20.174809796768457
3011244,31.94392630430021
3011245,1082.2266463428334
3011246,229.3996303061659
3011247,7719.847195938841
3011248,181.10707278697245
3011249,80.5380485866439
3011250,5.201202246718253
3011251,0.18575423019131843
3011252,7.039285973680816
3011253,1906.4605601543926
3011254,0.035607049251372355
3011255,363.453267433388
3011256,16.942039392948697
3011257,980.9051740498804
3011258,614.1378928166752
3011259,231.89407298674197
3011260,90.84730818547995
3011261,83.06996453474386
3011262,3009.2869811510345
3011263,34.96122963591316
3011264,0.7375731959651135
3011265,23.414836862828253
3011266,23.015609847905452
3011267,0.19295443722093011
3011268,267.84338972135555
3011269,11.904381725916165
3011270,7.975030097541414
3011271,10.3099650790817
3011272,36.19403162365037
3011273,6.76382056059239
3011274,254.84596125057558
3011275,257.90065433340146
3011276,2.9260995765900595
3011277,7.093930203177844
3011278,212.89446572097333
3011279,56.421896877757966
3011280,1502.0555792067235
3011281,1.8564797457576565
3011282,8.902818345064073
3011283,8.784474723955032
3011284,0.03526764823875165
3011285,14.818724590062443
3011286,4297.504447149889
3011287,0.07295861117702095
3011288,631.5569006368622
3011289,26.36080076201357
3011290,1759.4051227795467
3011291,1146.8845572073558
3011292,459.0127261560307
3011293,121.07662282712249
3011294,115.54565120521968
3011295,6885.551788762008
3011296,70.85644796862985
3011297,1.0009081806374274
3011298,40.79667126177386
3011299,44.20583924383188
3011300,0.2448945844229541
3011301,474.8624862625427
3011302,15.111779700974783
3011303,5.426807229723885
3011304,2.5342235642347832
3011305,82.67170523122994
3011306,7.815252717171381
3011307,555.5238138457438
3011308,525.3553958045492
3011309,10.709897283346544
3011310,20.210128891215028
3011311,367.17743606978746
3011312,73.23159648810983
3011313,2032.7431742735282
3011314,135.0664802156422
3011315,16.91205180905326
3011316,6.017653395381992
3011317,0.02919860114078718
3011318,6.339235916072052
3011319,4809.7672771531425
3011320,0.05993012806264474
3011321,925.7477773481396
3011322,6.609013759643939
3011323,1434.578450559699
3011324,1522.2422540059415
3011325,261.7389739081104
3011326,340.12687662152575
3011327,212.22185584870823
3011328,4976.971401112104
3011329,35.0242671604281
3011330,1.1683254613796492
3011331,24.17223174619333
3011332,35.796416550443446
3011333,0.48408244612917045
3011334,384.26128631765897
3011335,1.8664001943772992
3011336,33.16252606792376
3011337,4.141560193504576
3011338,72.58752561416193
3011339,9.578866919707446
3011340,574.5464339791656
3011341,324.79721081570835
3011342,19.028647118952637
3011343,8.162629632466848
3011344,662.4754323580372
3011345,126.87063007546871
3011346,4940.945875799904
3011347,3.3235459523400097
3011348,46.33798347786523
3011349,9.690272552931717
3011350,0.03053390199052766
3011351,8.767835713612037
3011352,4516.0799630626925
3011353,0.026300008145577022
3011354,816.207132688217
3011355,8.89378960938863
3011356,1523.488666683117
3011357,1176.5978391107276
3011358,340.8964851867325
3011359,217.3817604342334
3011360,239.16918391692033
3011361,5911.240383508063
3011362,60.97235640833747
3011363,2.275140200023355
3011364,42.4918958301704
3011365,40.828745049072594
3011366,0.3419813085599303
3011367,355.18505367549227
3011368,6.669980558994007
3011369,44.85879696765091
3011370,6.90802375290722
3011371,163.38704668956456
3011372,7.954978923240501
3011373,433.78819951622296
3011374,304.81121414919033
3011375,13.830242400694658
3011376,22.222487112756482
3011377,438.3730681018486
3011378,121.02471583586619
3011379,4283.738278169371
3011380,3.332746465161301
3011381,6.944292504876047
3011382,7.279635334159427
3011383,0.05613487333835165
3011384,4.455664397300271
3011385,2173.618140845405
3011386,0.00900027364081897
3011387,455.04664580702024
3011388,5.416078186584311
3011389,894.3413316738468
3011390,492.5794483260999
3011391,216.5193723961126
3011392,87.44022457407615
3011393,76.00384909879692
3011394,2873.37641091079
3011395,12.61043968620352
3011396,0.9655428133564712
3011397,15.449113888614272
3011398,19.45721178212837
3011399,0.07748087424716531
3011400,208.2753893236049
3011401,2.823429961085239
3011402,8.618166940278376
3011403,4.035012036723671
3011404,52.06697286605182
3011405,3.1841845177792862
3011406,230.8685062269916
3011407,205.05041279747272
3011408,4.297486127161999
3011409,5.040051109478152
3011410,167.35392376636563
3011411,54.22484708673082
3011412,1680.7176416285809
3011413,1.3181773289136163
3011414,2.4497851633200054
3011415,5.198284653891307
3011416,0.03833782875770825
3011417,2.341710233122949
3011418,3538.2398922899743
3011419,0.018302240775968936
3011420,287.32907252947115
3011421,2.3253765163288405
3011422,1266.5095685784631
3011423,275.0066898836498
3011424,254.20616530138577
3011425,83.25834386410878
3011426,24.840695185947535
3011427,3484.6619372032487
3011428,5.9234405192142345
3011429,0.44395197188919805
3011430,17.193731011363635
3011431,13.046560434746144
3011432,0.02548643239941537
3011433,250.62229693786423
3011434,0.04605351150705817
3011435,3.02731078307355
3011436,2.828278637570713
3011437,9.772135102149864
3011438,0.8879788922358519
3011439,52.127098799595295
3011440,207.00386425623807
3011441,0.16785671490338505
3011442,2.0371594632112973
3011443,61.143447411672284
3011444,89.2322186209683
3011445,716.8947847068621
3011446,2.106661560236497
3011447,1.8602824671478246
3011448,4.284771786728544
3011449,0.13536713028881198
3011450,6.955065947691929
3011451,3593.2763511001726
3011452,0.031198609722121285
3011453,582.4745428537619
3011454,8.05439436463308
3011455,1216.1093107599613
3011456,996.6113913343826
3011457,340.42034833011047
3011458,183.97708474580568
3011459,120.7200171954882
3011460,4664.908930407545
3011461,30.46187126793013
3011462,0.7829800225329506
3011463,22.24929787585424
3011464,54.11620360839811
3011465,0.08134133272293802
3011466,400.67936556872144
3011467,19.536542650261904
3011468,10.255543657446161
3011469,13.52834698099031
3011470,37.75439639915868
3011471,6.533189017224693
3011472,432.523490516578
3011473,324.6280451295084
3011474,8.392259355357531
3011475,11.944721519816344
3011476,500.7658908887735
3011477,81.35687270506425
3011478,2539.411375129278
3011479,5.813675709964759
3011480,33.779630026702435
3011481,5.051682661772746
3011482,0.12897735153791923
3011483,7.292322103055444
3011484,4191.364126436855
3011485,0.22179012898604453
3011486,782.3894359135594
3011487,13.543053760457354
3011488,1187.3852375165263
3011489,1423.2827891636118
3011490,214.55103594342614
3011491,332.9091193013433
3011492,203.65190436497141
3011493,4404.93397221361
3011494,43.115144185513486
3011495,2.69737732511507
3011496,26.357574152332834
3011497,34.62344835983788
3011498,0.5892563444887038
3011499,294.85981851491
3011500,15.686499761227774
3011501,30.30196716402949
3011502,7.102124177195159
3011503,100.81603673625148
3011504,13.073239980163253
3011505,500.57598981022136
3011506,278.5645936686998
3011507,8.447623356514047
3011508,15.26046762743899
3011509,676.6543197160645
3011510,141.07459901637543
3011511,5348.522505374413
3011512,2.750698330140762
3011513,45.58232184335414
3011514,4.07676545643079
3011515,0.28158687061616533
3011516,11.51292433719373
3011517,4292.820873391385
3011518,0.06586945169928897
3011519,843.642337993333
3011520,17.36279952265358
3011521,1187.4523872619925
3011522,1427.4500686304139
3011523,290.6041747343132
3011524,331.3267668990653
3011525,146.62079832472202
3011526,4616.104721730527
3011527,36.33688067307498
3011528,3.1787744528555644
3011529,33.638767880008444
3011530,41.59648895734124
3011531,0.1544445577575872
3011532,362.2666202568444
3011533,28.03027614550563
3011534,28.230525634326305
3011535,23.72861966519738
3011536,107.13398578644622
3011537,17.449149935173033
3011538,423.59382852811325
3011539,317.4077960301743
3011540,19.81873536821411
3011541,19.291580027811253
3011542,593.5204116449379
3011543,142.3728073661631
3011544,4353.592940703364
3011545,2.8808113108252478
3011546,35.26846866359899
3011547,10.608157748468669
3011548,0.2532134282331751
3011549,6.111212257759642
3011550,3430.5895806793555
3011551,0.0
3011552,605.0777345306705
3011553,8.897979186803092
3011554,1679.4446349859443
3011555,846.9784703345164
3011556,532.2204643331559
3011557,294.9563864460863
3011558,70.25230372812602
3011559,6255.237919223231
3011560,9.119110762693825
3011561,0.9588459940461027
3011562,36.88530600517367
3011563,39.36532732055656
3011564,0.029135787051703006
3011565,456.02473869413444
3011566,10.639209704315098
3011567,3.384690577759459
3011568,6.941205012209183
3011569,37.243220978978364
3011570,2.746195032401101
3011571,318.9658512384297
3011572,416.4882222012281
3011573,6.125547196218578
3011574,7.416630511926944
3011575,358.70368975040554
3011576,90.32054386471704
3011577,1481.6980923228423
3011578,110.44954339351436
3011579,12.141114160877365
3011580,4.123211130849576
3011581,0.027724760521551744
3011582,2.610637260950893
3011583,2121.3831911035895
3011584,0.14482729076188483
3011585,354.60696390032535
3011586,13.547970333227894
3011587,665.3951379173619
3011588,704.0433931628863
3011589,136.85250789493207
3011590,129.08996158444756
3011591,112.49624402435178
3011592,2486.0183515325575
3011593,21.57038991011178
3011594,1.4675642045555044
3011595,20.407624068410517
3011596,26.500333890463825
3011597,0.23601884744873722
3011598,190.69332001235358
3011599,11.92038206057048
3011600,18.14982718727779
3011601,6.389706127936072
3011602,78.11800255346185
3011603,6.527454221219863
3011604,266.9200807692228
3011605,144.1243974723613
3011606,4.190532010394672
3011607,10.705856120515529
3011608,323.26983070377
3011609,61.42754876988484
3011610,2127.7461031592875
3011611,2.0015139436079807
3011612,22.605009614426084
3011613,1.2148272923365835
3011614,0.03826374356665213
3011615,1.1202150946211569
3011616,1269.5762350853736
3011617,0.022258240723098108
3011618,103.55695032901734
3011619,2.445469939618458
3011620,650.1140213474663
3011621,269.2059195021797
3011622,242.3993706860957
3011623,34.16884355306818
3011624,26.29445710816568
3011625,2333.652616661475
3011626,3.595736651747785
3011627,0.31843052869588107
3011628,7.127811742335641
3011629,7.768405381957134
3011630,0.0666082057350679
3011631,162.4455084810931
3011632,1.9737349040950651
3011633,2.2476815227790348
3011634,0.7918761281429679
3011635,6.127218932264193
3011636,0.47594075442933986
3011637,173.49526013026838
3011638,152.28325267123446
3011639,0.6777884805556063
3011640,2.9412156046545705
3011641,130.9628664481419
3011642,23.377465063115075
3011643,362.4609836911771
3011644,6.0251854636999385
3011645,0.9625119053641517
3011646,5.6495914469285875
3011647,0.16353083197460694
3011648,4.702366966457293
3011649,3935.0191669929263
3011650,0.011066848560473855
3011651,632.401229705637
3011652,9.543997828516531
3011653,1626.4775198797413
3011654,644.211071223943
3011655,446.31329438771576
3011656,257.07390932053994
3011657,69.51878222334278
3011658,6617.058263957376
3011659,24.972544121841764
3011660,0.5121511574480958
3011661,18.084846477449833
3011662,17.378948178823475
3011663,0.12414589062585547
3011664,433.5103395820072
3011665,8.392149547691275
3011666,3.409496716412648
3011667,7.901710095219154
3011668,26.136625333950242
3011669,2.2369214354325844
3011670,587.4027215576045
3011671,318.07178280662134
3011672,2.112807659347156
3011673,11.643643441469472
3011674,434.69456833843185
3011675,96.47261943370279
3011676,2219.829829335109
3011677,7.5705782791451455
3011678,6.842372483319333
3011679,4.314769427564888
3011680,0.0677517529565207
3011681,0.1828079246930137
3011682,1530.2263965019238
3011683,0.02559810030171044
3011684,178.9983648798966
3011685,7.666805159267047
3011686,863.2114475483563
3011687,391.13444964447166
3011688,210.19237727438826
3011689,53.594057182244725
3011690,32.46761457862596
3011691,2655.8839622195082
3011692,8.007939207805775
3011693,0.610833538765942
3011694,12.99602251752588
3011695,13.946874410882561
3011696,0.21038070437812761
3011697,170.83827688355822
3011698,4.995872475238254
3011699,2.016981921268947
3011700,9.737351153368136
3011701,28.83863720121468
3011702,1.292109101569539
3011703,175.22284129301028
3011704,160.8206881165587
3011705,1.4005254372728397
3011706,4.9311863046424484
3011707,157.37328413852867
3011708,32.846001275177805
3011709,439.1670352931517
3011710,7.361945275847554
3011711,3.1281455165480465
3011712,3.6369314297362942
3011713,0.02330187813073911
3011714,3.8340107371789047
3011715,1380.3449114674586
3011716,0.0
3011717,137.89152324071878
3011718,4.413673638017355
3011719,779.2356787624859
3011720,256.98974573641937
3011721,154.20470832090444
3011722,39.40808580415299
3011723,23.930939175485992
3011724,2429.5104156518155
3011725,8.98319341909073
3011726,0.10918664336457835
3011727,9.003548169189331
3011728,7.9184839021603
3011729,0.015070517643351995
3011730,133.72004614954054
3011731,1.30393284205213
3011732,2.5322643703113448
3011733,2.1268198098679636
3011734,23.241820159368654
3011735,0.5791797766961745
3011736,170.96793756064332
3011737,170.80968327096002
3011738,0.3634233770922073
3011739,4.012042005506656
3011740,84.79176290596317
3011741,22.439696179956595
3011742,223.33712832087983
3011743,8.861525307862262
3011744,1.6249532014178238
3011745,2.833119749993325
3011746,0.01102189428410992
3011747,1.2578112368502148
3011748,1407.5744351393612
3011749,0.0
3011750,165.5266693539305
3011751,5.102312110827647
3011752,1063.8263962034114
3011753,356.3141044515365
3011754,246.00024844946935
3011755,33.3804975254947
3011756,33.913465554673046
3011757,2571.839159479592
3011758,6.156325010982834
3011759,0.2756925738991186
3011760,8.666713776758485
3011761,16.45491184686969
3011762,0.0588281348731019
3011763,185.4663717324243
3011764,0.6314088722742787
3011765,2.371847180626856
3011766,2.2485143523437974
3011767,14.28533082153233
3011768,1.471275648016169
3011769,240.51455634038606
3011770,238.05833597344397
3011771,0.8647567067080684
3011772,3.943416041947767
3011773,68.02833580108917
3011774,82.51696518402757
3011775,534.3964789103163
3011776,5.40234690009999
3011777,3.499674408233608
3011778,2.7840187543193218
3011779,0.5932238333114281
3011780,2.528533093061542
3011781,1681.7520184192579
3011782,0.025685810155487928
3011783,167.57839558062935
3011784,2.05964193794419
3011785,978.9127366510484
3011786,352.9909965824131
3011787,260.87603649855475
3011788,79.85510557117712
3011789,57.84407804799465
3011790,2626.379803534684
3011791,6.255677116691307
3011792,0.6462669908455068
3011793,13.185095032694262
3011794,17.924855781736856
3011795,0.09688190476660795
3011796,230.21586555856405
3011797,6.949706095665764
3011798,3.1130823291710907
3011799,3.381629760115917
3011800,12.971411551986137
3011801,1.5777953793925805
3011802,133.17393203724137
3011803,177.4621782466845
3011804,0.7032150582136556
3011805,4.568431422113159
3011806,110.39015980010497
3011807,52.27481773397883
3011808,964.905402401237
3011809,11.45714112017549
3011810,3.7678329654293305
3011811,3.120462571322774
3011812,0.09635207486497786
3011813,0.5780805283233278
3011814,1351.4472903626427
3011815,0.0010820963406312266
3011816,151.43724621708975
3011817,3.732431742957541
3011818,655.1445020725436
3011819,231.98875158652825
3011820,152.31036443975324
3011821,116.77919658932538
3011822,21.97243134481019
3011823,1820.22864877132
3011824,3.514335742973848
3011825,0.29589803178846186
3011826,7.999862237899504
3011827,10.766239698404084
3011828,0.0848068784122302
3011829,154.16486892013765
3011830,0.009363826862009492
3011831,3.413541135398623
3011832,1.4333813425198447
3011833,19.995664859225677
3011834,0.9069688365469231
3011835,51.8962999278275
3011836,117.23827032218495
3011837,0.6430398933630729
3011838,2.3532892086765274
3011839,67.04140844815142
3011840,35.43761823320318
3011841,863.2194290234411
3011842,2.5907787753015397
3011843,0.6349108475539101
3011844,7.438383455607039
3011845,0.3870635736978366
3011846,2.677652917963943
3011847,2967.114926821295
3011848,0.01985120975307579
3011849,338.45127423000616
3011850,4.460241057981674
3011851,1069.8240880187861
3011852,664.7549107966761
3011853,468.41885922597754
3011854,189.48245978899175
3011855,74.67744082700747
3011856,4514.157023405424
3011857,12.782170224313539
3011858,0.8265840232699367
3011859,19.339918769769778
3011860,21.98555555930687
3011861,0.1681208730470212
3011862,263.7559160117779
3011863,0.5483435950574124
3011864,3.2048539188498855
3011865,6.461367528686757
3011866,21.327364564644313
3011867,2.072417817648565
3011868,288.53162949792375
3011869,235.04117569107692
3011870,1.6046893792993944
3011871,6.893688041084687
3011872,346.9343330126942
3011873,54.84650005548519
3011874,2204.3163836911776
3011875,8.542108081424985
3011876,13.18456028332809
3011877,2.8043289942128022
3011878,0.09346658545350643
3011879,3.297443486089182
3011880,2321.9049325292567
3011881,0.0
3011882,596.5646575514766
3011883,5.944899524135965
3011884,612.6512634235587
3011885,666.8439051511308
3011886,220.98337930208277
3011887,157.16016566381845
3011888,47.3865893974042
3011889,2939.224267139213
3011890,11.787155419578164
3011891,0.591851999215985
3011892,15.80778599689436
3011893,13.485685626135073
3011894,0.07038936478613932
3011895,190.88078783097737
3011896,7.841710941494112
3011897,6.769480226183899
3011898,8.002420884535605
3011899,41.936842034694024
3011900,1.5079784105674285
3011901,102.01840207032268
3011902,158.62061175733413
3011903,3.2237932225831676
3011904,5.913379114471319
3011905,180.0577855313835
3011906,54.29964817929331
3011907,3118.279727697689
3011908,38.916497535013164
3011909,10.240091951429038
3011910,5.1143650669516365
3011911,0.3501603740885842
3011912,3.726658136857409
3011913,2268.345656226231
3011914,0.024490432955142513
3011915,171.48778644491782
3011916,5.008669806256298
3011917,746.7013544493918
3011918,309.6115200055349
3011919,267.4917043475556
3011920,51.924683286648595
3011921,34.83545256062188
3011922,2905.5407238434063
3011923,10.718194975384948
3011924,0.9062882817040542
3011925,9.955560112700596
3011926,11.492146546219383
3011927,0.09239954413108857
3011928,161.5395014805781
3011929,4.95145971767872
3011930,2.7973130693063637
3011931,4.351035778455109
3011932,19.8817658604815
3011933,1.7215922311677312
3011934,142.84163887926707
3011935,149.2711478696038
3011936,0.7960794399032859
3011937,3.894580292684813
3011938,101.57883334636755
3011939,24.683484824801813
3011940,580.2553371403033
3011941,11.45346576265741
3011942,3.1958958771329873
3011943,4.601517456842665
3011944,0.024090846829099795
3011945,7.030983119895155
3011946,2462.242359216119
3011947,0.023026771310506237
3011948,582.3164054220821
3011949,9.275801912470477
3011950,796.788176223012
3011951,759.1673102890155
3011952,183.0190329174906
3011953,148.99446289170373
3011954,87.51236884882479
3011955,3511.0969480409617
3011956,37.61824312990766
3011957,1.0478730047271412
3011958,16.32311162185487
3011959,15.424959519057111
3011960,0.16346493673234336
3011961,234.39703033308788
3011962,18.19917420549513
3011963,11.006301915214655
3011964,4.026800147574966
3011965,57.677339833257754
3011966,6.738173007848123
3011967,382.940801165274
3011968,225.14320869675052
3011969,7.0145038299526785
3011970,7.804158603101427
3011971,384.9866553644389
3011972,90.65690337668482
3011973,2024.812014231857
3011974,2.888067901742286
3011975,27.752888102671022
3011976,4.670848616630012
3011977,0.05287489666406069
3011978,3.9779457116353063
3011979,2800.2425013013494
3011980,0.0
3011981,433.41803487451807
3011982,5.085905929832907
3011983,1135.4588594183251
3011984,609.9460939798954
3011985,522.9742256711652
3011986,95.2403668522798
3011987,60.06991240564395
3011988,4184.520159770873
3011989,9.867760567463359
3011990,0.4481783423647131
3011991,14.19859629488871
3011992,12.008268743438059
3011993,0.0
3011994,261.4836233715505
3011995,2.283419500307056
3011996,9.97529994077879
3011997,4.022185666421126
3011998,27.643920352741247
3011999,0.8065195506801369
3012000,236.89832000524737
3012001,244.99082686835396
3012002,2.9197769095855115
3012003,3.5950649845923666
3012004,233.74472654341795
3012005,51.82979444883058
3012006,1371.7221986277016
3012007,66.31370919775063
3012008,7.856407568176205
3012009,8.841341970485017
3012010,0.2940349744496069
3012011,4.2828686871069115
3012012,2800.4052823784414
3012013,0.04309098327084435
3012014,433.51158190569174
3012015,3.6034407059060465
3012016,1282.948789507969
3012017,575.4169222088983
3012018,316.52614303739136
3012019,240.53187389750173
3012020,68.68954177271276
3012021,3729.370290215962
3012022,15.837949844202498
3012023,0.5230879539884794
3012024,29.525488949339675
3012025,31.61378804205465
3012026,0.1459208028144395
3012027,296.27472915140964
3012028,2.5973424817511237
3012029,6.450625888964317
3012030,9.269145407195555
3012031,53.36281255079592
3012032,1.3509481407168482
3012033,111.03479033789993
3012034,246.24040718535872
3012035,1.8961495777439135
3012036,5.1156508068721305
3012037,167.33821092214862
3012038,131.74003149446497
3012039,2202.1210011428207
3012040,3.3411621276414394
3012041,5.962761537789249
3012042,3.8915974530360575
3012043,0.16396650525523945
3012044,1.3714656840530217
3012045,1512.8165395083186
3012046,0.017383478661206334
3012047,142.66608118685886
3012048,5.832704427213917
3012049,579.0188226911034
3012050,297.71094430352014
3012051,145.97893716586816
3012052,49.95517782885137
3012053,40.94173606303998
3012054,2484.21530530195
3012055,6.546446979529489
3012056,0.4563789152213959
3012057,17.51309488861165
3012058,15.79448704066266
3012059,0.037219589129099256
3012060,160.85601650867292
3012061,0.46703532023328986
3012062,2.6543728406682607
3012063,3.772227054120553
3012064,41.306690543462786
3012065,2.0708585373472097
3012066,99.18096060507023
3012067,136.5407517293994
3012068,0.8669723479340622
3012069,4.98879293548506
3012070,122.65607941828543
3012071,29.172265152813573
3012072,637.9705181374192
3012073,7.49791557088816
3012074,1.7437498412636459
3012075,1.465180489866003
3012076,0.018850950966092822
3012077,2.247835115462531
3012078,1325.3752096724618
3012079,0.02435489601229856
3012080,264.218499805477
3012081,10.052845234168682
3012082,475.7412983981466
3012083,455.02902140766355
3012084,119.45624456034814
3012085,42.189354562844606
3012086,46.72582386255343
3012087,1918.2056773870954
3012088,23.867263741143848
3012089,0.3817571994737374
3012090,10.663167647307246
3012091,12.982771189553441
3012092,0.09344529794192025
3012093,121.51160815114747
3012094,9.663601402525826
3012095,2.1170289350967577
3012096,3.9682388602379164
3012097,42.30605463456549
3012098,4.1576189395492005
3012099,640.3559260215093
3012100,128.56681227673937
3012101,2.9574443778388386
3012102,4.131515655975714
3012103,317.417423799636
3012104,30.00112933580123
3012105,1126.6522014965356
3012106,1.597780913201016
3012107,7.104890732612007
3012108,2.806851437280149
3012109,0.13688666133451843
3012110,6.65833308374285
3012111,3415.244255265518
3012112,0.0678295988217345
3012113,707.8924928521207
3012114,13.748202081443626
3012115,1013.0942167304886
3012116,1207.160673416353
3012117,252.96338250103557
3012118,199.85398458611422
3012119,142.70667941284336
3012120,3855.727483334675
3012121,33.787888136404405
3012122,0.7294031860141093
3012123,21.504229994566057
3012124,42.09903958238168
3012125,0.07059456197675439
3012126,238.20033328901965
3012127,11.601260720639349
3012128,33.36054356811668
3012129,8.439803486139438
3012130,84.8978805468945
3012131,11.111348075750186
3012132,350.7215167698448
3012133,242.99196102371172
3012134,15.177737696911176
3012135,8.638186213028444
3012136,480.3457555154413
3012137,98.07089839075142
3012138,3136.172637810349
3012139,4.472359640411525
3012140,19.315155059761313
3012141,1.4323362369597237
3012142,0.049639028703927696
3012143,1.921000570011072
3012144,1185.414501244052
3012145,0.0
3012146,210.71487440244098
3012147,3.04415442420829
3012148,265.8070540827966
3012149,346.8028836070568
3012150,100.1245577978123
3012151,64.7261934496037
3012152,42.50220123228314
3012153,1185.2172238516812
3012154,11.274890877982317
3012155,0.3527086668171277
3012156,8.435629528041762
3012157,12.86155502047881
3012158,0.0
3012159,64.9640119174069
3012160,0.0
3012161,11.32560488026052
3012162,1.7200135055439798
3012163,84.96223431918804
3012164,3.266118969799189
3012165,118.96970273536807
3012166,68.25143925756032
3012167,2.401474722769598
3012168,3.797745059995377
3012169,95.47500823861385
3012170,21.644386488190193
3012171,820.3700648647169
3012172,1.5142883626941948
3012173,1.4640325057954908
3012174,3.2292208331425303
3012175,0.005819805237226943
3012176,0.1387557896794623
3012177,925.0084326852383
3012178,0.005723627344401334
3012179,200.23818090625446
3012180,4.048347268526771
3012181,327.244220035657
3012182,195.97060159211418
3012183,65.97336481596889
3012184,26.991684133324792
3012185,22.949798071957748
3012186,1286.0426930647743
3012187,6.634495585777362
3012188,0.4086517360973346
3012189,8.325777798402433
3012190,8.00393424305382
3012191,0.145050969360095
3012192,66.0190264256685
3012193,0.18969114120014074
3012194,4.838885202250178
3012195,0.541615077473892
3012196,17.34631508954314
3012197,0.13858972331578884
3012198,161.579527072658
3012199,93.82932175177982
3012200,1.339232044567018
3012201,1.0145495240876476
3012202,112.74659594544994
3012203,18.792072045834082
3012204,404.4629873200275
3012205,1.281851784995502
3012206,1.224948243966524
3012207,4.621747931877395
3012208,0.0844539234679803
3012209,1.70045398754194
3012210,2823.087371917786
3012211,0.05204713272989384
3012212,582.8310531967076
3012213,11.095919879187964
3012214,748.1518290563962
3012215,931.4306064147277
3012216,246.39097470255734
3012217,205.17842564299207
3012218,82.0570096362664
3012219,3520.7620355966105
3012220,20.640762270980026
3012221,1.5137745811078644
3012222,17.867113333918105
3012223,22.347656238004934
3012224,0.26735105732081327
3012225,236.02881035441376
3012226,4.452090740298915
3012227,24.0523546577112
3012228,5.44897077700866
3012229,72.0430600324258
3012230,3.3726622722464095
3012231,253.78163242030783
3012232,203.2446259689937
3012233,8.216547689895819
3012234,7.6571799471237085
3012235,337.86653602222594
3012236,63.21348573405875
3012237,2234.7106700636887
3012238,1.3652744574401072
3012239,11.548047928443683
3012240,5.52913074298969
3012241,0.05582674029465893
3012242,3.4557142706927806
3012243,3249.200806091058
3012244,0.018427254378455212
3012245,677.3173625516027
3012246,11.57295746625424
3012247,1160.4608851453888
3012248,973.4665084032254
3012249,365.0761707525434
3012250,303.31691974036636
3012251,56.55584166345128
3012252,4532.361490321733
3012253,11.626891607402404
3012254,0.6883338431330968
3012255,29.484518644247395
3012256,15.71079519666441
3012257,0.43328564629536337
3012258,268.6603067463699
3012259,0.011819095652845004
3012260,6.074396444831676
3012261,3.9576542166874478
3012262,29.45414075755799
3012263,0.9791939364458371
3012264,201.17677338630716
3012265,261.77295113758584
3012266,3.713806519319884
3012267,3.6690655063070956
3012268,208.35248751898294
3012269,80.01205083642574
3012270,2897.278050575962
3012271,1.7819575727979557
3012272,3.4248101775140993
3012273,4.937524755620114
3012274,0.3125899384665342
3012275,3.0102014094873453
3012276,3100.8668567784293
3012277,0.03341134584877895
3012278,643.853841318076
3012279,11.261865875128652
3012280,1010.9355690876974
3012281,743.2317627010596
3012282,245.35360357031456
3012283,197.45915167740853
3012284,54.50072224435817
3012285,3751.7142994612514
3012286,15.372093540298076
3012287,0.9089762778543643
3012288,23.600221442052355
3012289,15.251039259707019
3012290,0.06855241187854498
3012291,234.18210087045713
3012292,0.028595982866186212
3012293,9.065856133999413
3012294,4.154533224015527
3012295,51.846312223736476
3012296,1.3856964978710897
3012297,136.15138938285344
3012298,210.84031854771686
3012299,4.207232115191819
3012300,3.977295709359901
3012301,201.89923475325415
3012302,59.655923761481205
3012303,2280.88078294462
3012304,2.346304200639255
3012305,4.909307078041261
3012306,8.973028159020934
3012307,1.035363891262693
3012308,16.369702396345954
3012309,6874.938690176543
3012310,0.0713454174806442
3012311,1087.4359866036182
3012312,27.630428447440018
3012313,1750.6304248277738
3012314,1857.7988639154541
3012315,316.58706057096754
3012316,408.8447448012553
3012317,267.14899490540733
3012318,6846.848832180462
3012319,71.2531436319623
3012320,2.445770055653096
3012321,47.76054008563078
3012322,60.38409648374053
3012323,0.6053093762513477
3012324,484.70779272188423
3012325,35.17428000501772
3012326,52.99360889613689
3012327,24.84530616523197
3012328,159.68509482854708
3012329,22.283663479244126
3012330,614.4014293010367
3012331,435.2678899357704
3012332,17.480196336908982
3012333,21.824437682622662
3012334,935.9505199122531
3012335,242.3514856137381
3012336,6348.2216566409
3012337,2.8573027953196264
3012338,72.62538746848548
3012339,2.314830190953916
3012340,0.24518526389206288
3012341,0.43595255025815044
3012342,1495.5595243693972
3012343,0.033244564899609856
3012344,189.5958961776102
3012345,3.632959272016545
3012346,952.6067959612985
3012347,299.41338964266015
3012348,119.49776856547888
3012349,130.03322521102154
3012350,39.9075448121881
3012351,2038.1184743058955
3012352,4.774008545617304
3012353,0.2598880980638779
3012354,13.895910139462252
3012355,9.329273240425595
3012356,0.18028871982356942
3012357,215.53129686340057
3012358,0.2392614935293349
3012359,3.186626734369588
3012360,2.6594924435883054
3012361,26.021177948765843
3012362,0.6632055035980008
3012363,75.91948470593721
3012364,95.28475361634227
3012365,1.6434917319590785
3012366,4.251907558953536
3012367,108.66070663697928
3012368,21.82646819415999
3012369,1179.8459965604648
3012370,1.5595531866986063
3012371,3.756772571145015
3012372,6.222069338614813
3012373,0.1919512427291872
3012374,1.9044820171966974
3012375,3570.399753889557
3012376,0.008058097834703725
3012377,565.6832022723339
3012378,7.721527381385525
3012379,1117.060973097684
3012380,669.2248755739395
3012381,211.98786657179375
3012382,312.3131159741333
3012383,68.90859629937952
3012384,4124.286930350889
3012385,11.156502177523441
3012386,0.35388467272367097
3012387,17.611092468936967
3012388,19.849906645323063
3012389,0.07306377517391345
3012390,257.1690221497509
3012391,0.7893595254547295
3012392,6.26720256246821
3012393,8.217293015915216
3012394,13.799720655112342
3012395,1.2563414821488776
3012396,315.4221185395716
3012397,243.83329435521796
3012398,3.04303367782109
3012399,6.6511960213517725
3012400,126.15172653728747
3012401,60.09220297430611
3012402,2457.408318070939
3012403,2.7719860299007664
3012404,5.126384625924343
3012405,1.0667221239591644
3012406,0.01588608411848203
3012407,0.1358154673938682
3012408,944.4005944612019
3012409,0.00799202479287326
3012410,109.26747214547876
3012411,2.086992878459797
3012412,650.0282992123281
3012413,148.88903229621073
3012414,91.27859982476824
3012415,142.04537557507035
3012416,14.071531629651522
3012417,1343.2049350985203
3012418,1.5557693058747704
3012419,0.12928537967997453
3012420,6.997932161582011
3012421,2.400119201225335
3012422,0.021543027980492995
3012423,80.30616863949415
3012424,0.01195802683366596
3012425,1.9354216490103378
3012426,0.5096216793353308
3012427,11.622550882164608
3012428,0.20486316449154465
3012429,66.36695903999458
3012430,65.30275804378061
3012431,0.38921666627873197
3012432,1.0832436966469683
3012433,44.77073223812538
3012434,9.159516672618537
3012435,348.6473780478307
3012436,1.1798627140139966
3012437,1.0254466216694513
3012438,7.388608202157736
3012439,0.03592101861101868
3012440,1.1742704753045217
3012441,1890.4067905233785
3012442,0.005883245445714945
3012443,251.04051089712442
3012444,5.056742860579546
3012445,972.6638373348463
3012446,381.8623759471268
3012447,170.8051753950628
3012448,108.05989032081327
3012449,46.085455916855544
3012450,2873.10363140812
3012451,2.4896933887701107
3012452,0.41830294674473234
3012453,21.366324679891417
3012454,13.799824613960167
3012455,0.10158094113637908
3012456,194.5884675467613
3012457,0.011292427832385042
3012458,4.476597891193015
3012459,12.066854156070082
3012460,14.674755863204899
3012461,1.2020035132738869
3012462,238.65699258514022
3012463,182.16217014330223
3012464,1.489360227569813
3012465,3.8725708725996366
3012466,202.24654081114593
3012467,30.486131559501086
3012468,2099.4479053029636
3012469,3.514311269532238
3012470,0.7430488929910174
3012471,2.577604255413582
3012472,0.19894657020490505
3012473,1.1167980114390634
3012474,2170.924050736753
3012475,0.02131853483042125
3012476,634.1552394736041
3012477,5.57397175657152
3012478,849.669892526557
3012479,580.2588304326197
3012480,206.31264154193568
3012481,106.44023918463854
3012482,57.85944866041071
3012483,3373.346535323534
3012484,6.156625737660064
3012485,2.7614763337804065
3012486,26.311627756123997
3012487,36.982329607287895
3012488,0.16216665047146347
3012489,193.95094046007176
3012490,1.9312814975586423
3012491,8.768921947519022
3012492,2.9920124748460593
3012493,20.214270737104616
3012494,1.869133569538797
3012495,162.40342335793048
3012496,221.71177586649793
3012497,3.1522528704307713
3012498,5.57235473994353
3012499,128.3793512427396
3012500,30.199219517328093
3012501,1017.6832191866948
3012502,2.250477119663581
3012503,2.777492793437494
3012504,3.096696719346872
3012505,0.05052758047325171
3012506,0.07898860995518503
3012507,1169.9422525047466
3012508,0.017687687544554707
3012509,90.41124469660016
3012510,2.014960174148013
3012511,394.8115660075686
3012512,145.26038105257547
3012513,77.89007914841699
3012514,91.7858007031341
3012515,24.342267863269196
3012516,1810.6061063543525
3012517,3.8894547450080363
3012518,0.24847436495311725
3012519,6.389648528536716
3012520,4.730704503409534
3012521,0.09232393966998081
3012522,89.56794195391869
3012523,0.013679081397451893
3012524,3.3886714020910347
3012525,0.5530269515290859
3012526,13.363664968207177
3012527,0.45193085152994483
3012528,175.98016060884044
3012529,83.94830552589832
3012530,0.5487008188314397
3012531,0.7463811557486606
3012532,42.0555249504156
3012533,14.30565432895945
3012534,616.27776924905
3012535,1.66845929938464
3012536,0.2917643303743219
3012537,3.8126319808096256
3012538,0.06825301090535633
3012539,0.48368799399512985
3012540,3248.3047101874345
3012541,0.034442970981017354
3012542,518.1504437954626
3012543,7.075291772666674
3012544,842.626927062094
3012545,672.6180503124289
3012546,218.6415715433651
3012547,135.33921595120648
3012548,60.64629449736937
3012549,4009.6401343190796
3012550,5.144204937469543
3012551,0.42817137870695443
3012552,16.211530739159496
3012553,14.0553577594083
3012554,0.18471998853050473
3012555,212.0133266749235
3012556,0.037571946118371356
3012557,28.19997277902479
3012558,3.129258214805686
3012559,39.527161903536054
3012560,0.8732396595647086
3012561,228.09090907769536
3012562,195.954909817617
3012563,2.3509406981322964
3012564,4.583070770544045
3012565,130.3290321282383
3012566,46.92276493409456
3012567,2407.331951428507
3012568,3.8165509595501335
3012569,0.7062312539498912
3012570,3.5681762674921225
3012571,0.022943582301642642
3012572,5.94071001704926
3012573,2616.6393151057778
3012574,0.03377149656589498
3012575,515.9960330846166
3012576,7.643402390383006
3012577,974.8534547097462
3012578,845.6492052053393
3012579,150.67459405716284
3012580,115.51088098714104
3012581,106.28604649155449
3012582,3418.6334504520573
3012583,46.69121952437684
3012584,1.2515472615089276
3012585,19.118201954152415
3012586,25.210408665656146
3012587,0.186824895743591
3012588,238.04960388016227
3012589,19.4035786212188
3012590,22.966428172870955
3012591,1.840182678761354
3012592,96.55313202229307
3012593,8.168141779109778
3012594,223.52310843432804
3012595,217.68348526777294
3012596,10.387792423478514
3012597,12.261221520884005
3012598,218.7941438004311
3012599,61.493126213016595
3012600,2123.755144458891
3012601,4.304799626635634
3012602,10.292325283189806
3012603,4.688741631708504
3012604,0.022995217891278136
3012605,7.5692060167196695
3012606,2071.294172316135
3012607,0.026088108879575942
3012608,379.9310118653568
3012609,9.315062484169049
3012610,799.915227911095
3012611,680.0587142930125
3012612,135.32279467129538
3012613,74.21973020929377
3012614,82.12611793816741
3012615,3184.687931498162
3012616,22.349491412577983
3012617,1.054543441923683
3012618,26.895522713795533
3012619,42.7252207202061
3012620,0.0071869877880376765
3012621,252.57386149730053
3012622,16.98625276019702
3012623,14.731633966546429
3012624,6.273758849893805
3012625,72.89120902767249
3012626,8.087817835381038
3012627,120.8563667527067
3012628,276.4819990391445
3012629,5.6698017495947095
3012630,8.094357528043359
3012631,95.91579120810259
3012632,63.148626993534734
3012633,1648.1392600000024
3012634,3.8179742288745606
3012635,12.490590326318639
3012636,6.657438427480057
3012637,0.18183602896018475
3012638,2.2076716902000135
3012639,3748.3053367681578
3012640,0.020205076355740915
3012641,674.684646078675
3012642,5.627963379889845
3012643,1569.976262292502
3012644,665.0463534051192
3012645,209.86263117096425
3012646,296.3259889891673
3012647,63.839046095138535
3012648,4895.1766432853265
3012649,33.670224642372666
3012650,1.2623203373424505
3012651,18.03044360862388
3012652,16.463312981956193
3012653,0.1486309785164552
3012654,372.7577293265044
3012655,3.973495380233834
3012656,13.270918650974172
3012657,5.009418190928996
3012658,32.90181870003648
3012659,2.4347987497715486
3012660,157.70021853888804
3012661,298.50861843424457
3012662,6.048602834855874
3012663,8.527564131122324
3012664,198.46872890300176
3012665,53.28464416395937
3012666,2872.747054896155
3012667,14.41772379707997
3012668,15.033796815111838
3012669,2.643677873282232
3012670,0.3144607421698776
3012671,5.09413192986046
3012672,2199.477705382732
3012673,0.074478830388707
3012674,339.5674945191555
3012675,5.361962208574403
3012676,725.9118939185499
3012677,662.7334270014172
3012678,171.63441844899728
3012679,117.21084600736631
3012680,70.70679132283546
3012681,3218.0498092362245
3012682,18.28070272294274
3012683,1.0457029197617353
3012684,9.827972079227239
3012685,9.425671287708155
3012686,0.08898105510137919
3012687,221.07826566835334
3012688,18.564396140387093
3012689,16.662903346018638
3012690,2.2595017908054036
3012691,55.62308705284243
3012692,5.639954727989683
3012693,335.043558548775
3012694,203.23613528508722
3012695,5.1995924322210385
3012696,7.1910555644049285
3012697,321.1926687798039
3012698,45.82025401109884
3012699,1923.306017211405
3012700,3.0514349032450125
3012701,20.696050073727847
3012702,3.415778162242466
3012703,0.20103637175771613
3012704,1.6822341310300735
3012705,4021.1344238548395
3012706,0.010019437537960856
3012707,465.9623575394714
3012708,5.595942895772776
3012709,1665.7565809251653
3012710,626.4054313502156
3012711,280.765846371691
3012712,186.89511111267075
3012713,58.10840274374457
3012714,5105.0391510829095
3012715,11.502369586797496
3012716,1.1114228491434297
3012717,27.73905506481047
3012718,20.441896507207574
3012719,0.17874368659750361
3012720,431.4955679641206
3012721,0.015078096734461805
3012722,4.6343451229791714
3012723,7.016828014785506
3012724,25.27939316939187
3012725,1.5865144430456803
3012726,136.06476621767203
3012727,275.06093057791236
3012728,3.121329844055572
3012729,9.44921199966967
3012730,177.93085455463756
3012731,58.08407930225017
3012732,2095.3283550084734
3012733,4.495611001743155
3012734,5.050994993084813
3012735,5.524466925858166
3012736,0.040606632964549916
3012737,7.513713437420347
3012738,2110.991017899256
3012739,0.018068130004714716
3012740,416.9059496329237
3012741,8.717310154348453
3012742,1061.1671541772241
3012743,637.9412629911849
3012744,208.91316538219735
3012745,111.7386698179919
3012746,84.08808078542805
3012747,3309.619240087553
3012748,27.429694281104567
3012749,0.8942794444793861
3012750,18.646485561991298
3012751,23.936741867207225
3012752,0.07952107712831469
3012753,228.79526094462173
3012754,11.337227309986067
3012755,15.728427066786827
3012756,8.78346427825868
3012757,58.06001279797975
3012758,8.431096590440289
3012759,173.32528127982133
3012760,387.7611572077661
3012761,10.745321029583241
3012762,8.929902990200596
3012763,173.32234030169997
3012764,43.66608963837749
3012765,1799.2259174484616
3012766,1.6121654146865358
3012767,5.773351501037545
3012768,2.682945523848414
3012769,0.027031883348869638
3012770,4.587506357604016
3012771,2305.5257279252455
3012772,0.030315925761035374
3012773,426.11803001672615
3012774,8.589687010260484
3012775,690.3046718791162
3012776,731.9796361117662
3012777,155.99154046422342
3012778,113.19881411665688
3012779,97.54751699642364
3012780,2837.0830761721577
3012781,26.859772107154356
3012782,0.6426548410782171
3012783,13.938565010005123
3012784,15.770536624946626
3012785,0.06520495675184028
3012786,188.659251475494
3012787,13.542188709091784
3012788,29.823696129710832
3012789,3.474794199263039
3012790,53.01161416109918
3012791,7.602091517254621
3012792,203.69411160062194
3012793,194.0304855057757
3012794,7.472949625431775
3012795,7.5553202258790035
3012796,201.9633062327232
3012797,47.941661344734925
3012798,2052.421173000409
3012799,4.18886734085622
3012800,13.255023833949641
3012801,3.486339564665612
3012802,0.09044215868508618
3012803,1.4929053570367354
3012804,4778.665256025593
3012805,0.0
3012806,550.6979927125092
3012807,11.621473181725664
3012808,1093.4233511449715
3012809,645.5050378344426
3012810,240.7993903100163
3012811,180.76024810751596
3012812,46.129151525350096
3012813,4463.497242854317
3012814,5.99047796404621
3012815,0.23497774321350032
3012816,13.708580821324949
3012817,14.305042916178916
3012818,0.03477788523614141
3012819,228.64694419918908
3012820,0.0
3012821,10.996246305419898
3012822,1.057823958417234
3012823,38.37437668103621
3012824,1.9137411442156136
3012825,213.64849028009976
3012826,241.91459036210307
3012827,2.550516941684716
3012828,1.8631275974570818
3012829,250.26772620481955
3012830,131.70606296500256
3012831,2038.8554280984313
3012832,3.3053633550209813
3012833,0.42323905956158997
3012834,11.386199887843793
3012835,0.013378359212538594
3012836,14.476797911340665
3012837,8075.849382777589
3012838,0.07689068475205264
3012839,1508.3766572171744
3012840,25.002449992642305
3012841,2329.2601157036274
3012842,2154.681131368217
3012843,465.7281959314202
3012844,479.8545138353532
3012845,362.715777856453
3012846,8411.537283806278
3012847,93.18949892281299
3012848,3.8303636070958484
3012849,96.3430935844631
3012850,108.29334246300454
3012851,0.38203289678118246
3012852,614.741272426833
3012853,27.207830104916805
3012854,20.201811186940922
3012855,43.207765407547626
3012856,235.91832543101526
3012857,20.138752626983962
3012858,725.3551675839269
3012859,497.26325891343765
3012860,28.73840524384252
3012861,33.985113824435544
3012862,925.4384902302791
3012863,282.16253786672826
3012864,7467.006895267372
3012865,293.2898779153492
3012866,82.95832208171144
3012867,11.929888900325741
3012868,0.01546002231490928
3012869,13.999276638107183
3012870,7251.94534855755
3012871,0.09266866503891508
3012872,995.161259969893
3012873,21.84961428168474
3012874,2119.397707977563
3012875,1816.1820580274252
3012876,548.6237617279195
3012877,286.738404987654
3012878,232.88234269536173
3012879,8536.766243440661
3012880,115.91730479862473
3012881,1.3364463662948902
3012882,51.36540836364261
3012883,70.66757024043396
3012884,0.6509491179826913
3012885,520.4279525437623
3012886,16.93669280618301
3012887,28.92072304195802
3012888,17.531498102139246
3012889,138.2228577489764
3012890,16.91346111579636
3012891,824.236124869634
3012892,539.6972532477586
3012893,18.259246186532472
3012894,22.749985967280875
3012895,977.036939863877
3012896,187.68667110439176
3012897,4550.637573087515
3012898,319.3185084731744
3012899,67.1367169810323
3012900,9.731269173800685
3012901,0.014252951251278326
3012902,15.010470122231307
3012903,4340.279710041834
3012904,0.15382140193661242
3012905,732.6882549946165
3012906,11.25333692997481
3012907,1777.8289002111712
3012908,1250.3348923000797
3012909,590.1690949238006
3012910,105.50092727562611
3012911,176.47919201008284
3012912,7574.1030319067395
3012913,38.81438193290544
3012914,1.4577093790911733
3012915,25.12773938062345
3012916,23.03982098832142
3012917,0.3373912796888571
3012918,489.0484080956791
3012919,20.49142807294472
3012920,18.675981677365638
3012921,8.773498415036718
3012922,79.32049038324082
3012923,6.961151216071923
3012924,813.2885498065847
3012925,527.9263605124156
3012926,17.376419809036303
3012927,31.629952721753728
3012928,618.4866349194507
3012929,109.33416528687984
3012930,1983.9696760608133
3012931,189.5196126092717
3012932,33.63052174007688
3012933,12.625855116214984
3012934,0.011812937331822568
3012935,19.035083787074505
3012936,6862.629802894643
3012937,0.10287086970354782
3012938,991.9267096786999
3012939,19.01185826905807
3012940,2025.5564666821044
3012941,1763.2455577480698
3012942,524.9982506437748
3012943,285.1756611712556
3012944,203.68187523976292
3012945,8108.667037371369
3012946,45.75533126835121
3012947,1.629953552848812
3012948,43.52633679162717
3012949,66.73440555313918
3012950,0.49210914499525077
3012951,523.6294436854394
3012952,35.92557204404983
3012953,22.55291792327939
3012954,30.218262614294318
3012955,142.85817481922973
3012956,11.54927343308761
3012957,712.826840781621
3012958,567.1655554828232
3012959,18.723601173144306
3012960,23.058268642613374
3012961,945.1292652960553
3012962,173.86126318305602
3012963,4388.459631303437
3012964,431.2768045267224
3012965,53.49204463902426
3012966,8.964615562943605
3012967,0.004758557515979991
3012968,17.873457743453454
3012969,3619.1507543978755
3012970,0.0375198514201574
3012971,610.4324655201275
3012972,12.308850671967283
3012973,1564.4793812419457
3012974,948.9989319476758
3012975,435.7292660320475
3012976,79.28424695773028
3012977,114.66085995941411
3012978,6253.219666949155
3012979,35.96000514360366
3012980,0.452426381196242
3012981,21.933497072519046
3012982,31.333888336284733
3012983,0.2537697414548467
3012984,444.33026065378164
3012985,17.500426430821015
3012986,9.914097270953931
3012987,7.8799897892538295
3012988,72.42174239823812
3012989,4.121186408142393
3012990,717.9116592854052
3012991,548.3614461006241
3012992,11.998944782615542
3012993,19.54185329473021
3012994,578.7139790917084
3012995,64.63909095426689
3012996,1468.0931465051558
3012997,198.34961148353688
3012998,15.468434259959043
3012999,10.099954455484554
3013000,0.03349727434417064
3013001,11.792023460374658
3013002,6016.162414005834
3013003,0.06768376996096191
3013004,1037.9856946586622
3013005,21.896839660276527
3013006,1715.9715699729968
3013007,1942.9194121650041
3013008,391.0185971459909
3013009,410.8560158616063
3013010,265.20015863828104
3013011,6845.005081772654
3013012,68.4662828736903
3013013,1.4785476691304595
3013014,53.6242704193827
3013015,52.77220918896548
3013016,0.5346611113332226
3013017,452.99886313165075
3013018,13.980357475544256
3013019,26.637776103694634
3013020,12.206886053284244
3013021,168.7274358109358
3013022,14.879128302915552
3013023,674.1541179785211
3013024,445.55291390969245
3013025,16.431811455442457
3013026,26.876768868179894
3013027,876.5362192178193
3013028,199.53944688569732
3013029,6084.287222036918
3013030,181.68093414598795
3013031,64.3096461756949
3013032,4.802338503907641
3013033,0.256384464142512
3013034,6.652777343959743
3013035,1582.7554086777805
3013036,0.017172927094833142
3013037,322.00913969702214
3013038,15.89516095439119
3013039,775.9418209627506
3013040,469.553566316127
3013041,203.58114542797304
3013042,73.34933650137094
3013043,69.64953457128787
3013044,2562.711007419205
3013045,31.25089256259633
3013046,0.7483378371324461
3013047,21.605143061641634
3013048,24.11679344970438
3013049,0.10146770556287059
3013050,213.66955533491992
3013051,10.906659965899697
3013052,7.450106469792047
3013053,9.354490348639546
3013054,42.010746901975295
3013055,5.562150621685151
3013056,216.77827504444346
3013057,221.97278961237922
3013058,2.6644430965721777
3013059,6.015453728115265
3013060,196.33538828860776
3013061,51.472432004128116
3013062,1350.9326865244693
3013063,1.6483412959519377
3013064,8.549422117824413
3013065,7.371582682280667
3013066,0.019388570702566242
3013067,13.05038566401029
3013068,3881.8532388810518
3013069,0.05696717515800476
3013070,523.5286181796015
3013071,27.868742643206115
3013072,1591.9654095355095
3013073,991.4116673164682
3013074,391.964597322364
3013075,87.55702523084167
3013076,106.0115977079638
3013077,6005.458666529362
3013078,73.22949472764302
3013079,0.9067155029304135
3013080,41.36874752087924
3013081,43.56538531757329
3013082,0.21055429469356643
3013083,400.12434118184166
3013084,13.93522414275104
3013085,5.226508022365314
3013086,2.2356033371042106
3013087,85.7784507383545
3013088,6.996233793006765
3013089,484.3619957992341
3013090,431.1386980843617
3013091,10.39399684651771
3013092,20.788440672684064
3013093,349.4230979643612
3013094,62.90885428514503
3013095,1797.1729327377245
3013096,185.05844792185155
3013097,14.664807248633858
3013098,5.63035505411751
3013099,0.012884357320329411
3013100,3.6341189734139663
3013101,3936.878466080276
3013102,0.04275378187863147
3013103,754.9210481511859
3013104,7.323587377468891
3013105,1222.8112667761616
3013106,1336.897965014585
3013107,212.1830959286008
3013108,289.1948825195474
3013109,181.10334384242023
3013110,4221.331075701296
3013111,34.45327497555969
3013112,1.145072259499166
3013113,30.731978038952022
3013114,34.68011573663198
3013115,0.3579561239015659
3013116,310.18810312562505
3013117,1.7357822236768674
3013118,29.027524799026775
3013119,3.7144189696768537
3013120,90.13020522416176
3013121,8.243915307342952
3013122,494.7868041595847
3013123,253.22864055940164
3013124,17.329754908284812
3013125,7.716702210349071
3013126,610.6127337477326
3013127,93.57089806952689
3013128,4458.633491727435
3013129,3.0069138785449674
3013130,38.63461758659453
3013131,9.000138175311717
3013132,0.0170756856774544
3013133,8.322321683788934
3013134,3924.8579852726866
3013135,0.014417748525429904
3013136,646.5457073522795
3013137,8.31922413720128
3013138,1299.1375096663187
3013139,935.3971341198422
3013140,297.78050689267474
3013141,173.90975776179326
3013142,216.89638105427807
3013143,4960.534565084965
3013144,40.53597415656331
3013145,2.310199456798444
3013146,35.230218379011696
3013147,38.44192366397057
3013148,0.3352023610981422
3013149,318.8444851772768
3013150,5.7894176128648915
3013151,34.31549515523382
3013152,6.3164178764451275
3013153,146.5734928839672
3013154,6.515287904893628
3013155,376.68493959256585
3013156,261.21857863429085
3013157,12.53662426546039
3013158,19.396061478382116
3013159,384.11081050264573
3013160,117.87401804316006
3013161,3542.046753718671
3013162,2.9521137677323517
3013163,6.654782543994386
3013164,6.554105451696361
3013165,0.045576946662056
3013166,2.4885017588475913
3013167,1880.095346491225
3013168,0.0006503431718878613
3013169,395.886272217792
3013170,5.449829855612123
3013171,732.5606623308489
3013172,454.74478122091887
3013173,167.75860757576754
3013174,72.64256926713482
3013175,82.5751527244639
3013176,2530.7732778960403
3013177,15.089104771414934
3013178,0.8771703598400193
3013179,20.412179823417492
3013180,20.998478120801067
3013181,0.0647845599309122
3013182,181.87097624442222
3013183,2.005104890400483
3013184,9.238838025064496
3013185,4.159547824779258
3013186,45.107403882094324
3013187,2.821916457459164
3013188,206.9371196007557
3013189,174.90002968655415
3013190,3.9085600988620106
3013191,4.930401306458452
3013192,140.84438876210191
3013193,47.735823663022074
3013194,1432.8608638035569
3013195,1.121253782615641
3013196,2.397761574036485
3013197,4.861925701592059
3013198,0.025153008245100895
3013199,1.8682878294876035
3013200,3122.3573678828106
3013201,0.005745376833391175
3013202,250.80614246945814
3013203,2.7663773787858505
3013204,1045.8268924677525
3013205,235.41822985700279
3013206,224.89752541516114
3013207,77.81413951770429
3013208,28.03541065615669
3013209,3104.1377358921486
3013210,5.610694849288653
3013211,0.42098575812978517
3013212,13.723115393190708
3013213,9.456821559353665
3013214,0.0
3013215,244.66825275645192
3013216,0.01895001224370604
3013217,3.095294264893012
3013218,2.4986161817030412
3013219,15.875157322675156
3013220,0.6950626922332274
3013221,52.195657677350496
3013222,154.60765049344536
3013223,0.1660735468746531
3013224,1.8443733331233096
3013225,60.12155413273793
3013226,76.09737615884039
3013227,968.3281013114997
3013228,1.7878221220270216
3013229,1.7825209298969995
3013230,3.858540901084765
3013231,0.09817552907651195
3013232,6.453848051697942
3013233,3197.9974027421517
3013234,0.017024973901596966
3013235,503.7594063181071
3013236,9.821712218762903
3013237,1141.1382741551647
3013238,886.5110261864827
3013239,321.9312199625441
3013240,149.74072514769264
3013241,119.41923291936303
3013242,4227.980629279106
3013243,27.675784731876774
3013244,0.7382850668708525
3013245,21.77001288190735
3013246,48.315782020224276
3013247,0.06889168005413868
3013248,312.78504159411517
3013249,18.844965543232096
3013250,10.736810080397044
3013251,11.913914280262205
3013252,50.87432264893184
3013253,6.1324829504650324
3013254,404.2744526970029
3013255,297.92869593316476
3013256,7.5459648717883745
3013257,11.180717398467728
3013258,470.4246620826153
3013259,76.94227985027446
3013260,2026.2835077195448
3013261,5.525373537673339
3013262,30.674296752401844
3013263,4.5263958767002785
3013264,0.09319356722944087
3013265,6.253550583043799
3013266,3725.5250166808246
3013267,0.14284031294410632
3013268,632.3357975532426
3013269,16.453220400957882
3013270,1052.2276685312268
3013271,1191.0364308989945
3013272,190.23998919314198
3013273,259.9323530441914
3013274,198.90139601410758
3013275,3814.1118840965905
3013276,42.4136887063023
3013277,2.463856907808898
3013278,23.904125867248382
3013279,29.28275568146091
3013280,0.6071181136248767
3013281,242.51122788794896
3013282,12.714963425168142
3013283,39.03665685976886
3013284,9.863943940141148
3013285,114.36766752694456
3013286,11.368978963801247
3013287,430.89092309406584
3013288,243.9294962583798
3013289,7.772581260891214
3013290,13.77717784693858
3013291,631.7074202778332
3013292,121.4780151840786
3013293,4303.420266578126
3013294,2.657642535777888
3013295,37.21593727825732
3013296,3.5776838612213373
3013297,0.32237803916206537
3013298,10.999914529416872
3013299,3954.983024756613
3013300,0.049314535582896876
3013301,761.2974341712364
3013302,19.671720842240006
3013303,1057.4087892018206
3013304,1202.7329132212058
3013305,235.75925606872195
3013306,254.61045067638037
3013307,137.78216597538412
3013308,4419.839446854802
3013309,30.925303799534603
3013310,3.0273906803142774
3013311,37.38349722093079
3013312,40.369211795554534
3013313,0.11778155411766533
3013314,292.9218572951472
3013315,29.250265493181185
3013316,28.099912266628237
3013317,25.671757317246975
3013318,114.52380787210804
3013319,15.325746680838261
3013320,391.7960307681091
3013321,274.1650158413671
3013322,16.2940526261983
3013323,20.42953553735195
3013324,485.14625546940175
3013325,116.43816100806615
3013326,3681.131685290182
3013327,3.311078329537191
3013328,30.61226289225541
3013329,9.975428435103227
3013330,0.2217807571366248
3013331,6.054480155491893
3013332,3224.443528791538
3013333,0.0
3013334,519.3924812104304
3013335,11.648933817231804
3013336,1431.5348756133467
3013337,717.3913089214228
3013338,486.0385037316596
3013339,185.6273224405581
3013340,75.92916222749224
3013341,5746.39947834451
3013342,9.19633004912462
3013343,0.8946926515140641
3013344,34.507309321840864
3013345,28.931285694504204
3013346,0.0
3013347,383.5126999792057
3013348,11.168476551255198
3013349,7.330311741673001
3013350,9.014316888550665
3013351,35.864307620407025
3013352,2.420957690074513
3013353,324.0032313503293
3013354,382.89901401963436
3013355,5.6659543375170935
3013356,6.242819158258471
3013357,345.34776924585896
3013358,70.33310176362767
3013359,2124.3150679634223
3013360,89.28886287416093
3013361,11.887633653078268
3013362,4.316707163374184
3013363,0.043073288537035744
3013364,4.8286096154938285
3013365,2497.6528614971608
3013366,0.09909130169130093
3013367,410.4349472108463
3013368,15.092804254176302
3013369,803.6157799369286
3013370,818.7009659730911
3013371,147.79467608167775
3013372,151.47253095441633
3013373,157.1052273731993
3013374,2843.400000742799
3013375,24.69438192443689
3013376,1.6076802882432282
3013377,21.60156614004025
3013378,28.069998074230504
3013379,0.09032113305704646
3013380,210.307140606805
3013381,14.66023490029125
3013382,23.285481455902353
3013383,7.107440935485527
3013384,94.06161137091387
3013385,6.9370232449461176
3013386,291.4948391085369
3013387,161.08831683920081
3013388,4.713049204695883
3013389,10.004481116298791
3013390,365.4834453772022
3013391,68.93001148395476
3013392,4032.3469121089624
3013393,0.10794356133185866
3013394,25.613318922402
3013395,1.2404067135287358
3013396,0.027995230154964714
3013397,1.131722112253617
3013398,1059.1926426892512
3013399,0.015523986136055053
3013400,85.32786612795493
3013401,2.545249579736546
3013402,603.7534494512523
3013403,317.37269706847934
3013404,194.99209307268407
3013405,30.46708325112254
3013406,27.66197787589145
3013407,2067.6216365940722
3013408,3.315788628937413
3013409,0.2959070304718591
3013410,7.414805581373462
3013411,7.526437117105022
3013412,0.0626676098945347
3013413,148.58311158006381
3013414,1.771798351447863
3013415,0.0
3013416,1.0474287470661694
3013417,8.654568477661108
3013418,0.3925967557918512
3013419,156.71332197645404
3013420,139.66224389413696
3013421,0.47364682072487607
3013422,2.774669370543018
3013423,122.81341492021556
3013424,20.941542130423528
3013425,213.68050361683484
3013426,2.827810114292388
3013427,0.7260155518183479
3013428,5.57507816098358
3013429,0.1500578392284157
3013430,4.534759633141016
3013431,3706.5629084403568
3013432,0.015711102681931988
3013433,563.3454617918695
3013434,9.865938150855788
3013435,1585.621277632466
3013436,591.2000898847912
3013437,399.6952045998815
3013438,168.19248121764588
3013439,61.468359638859766
3013440,6088.451775006824
3013441,25.996445473213004
3013442,0.5141266456873795
3013443,18.64981807522873
3013444,18.402499642572465
3013445,0.1341813558770433
3013446,410.91473046183125
3013447,9.38196251299955
3013448,1.3644992277423555
3013449,7.892475817538132
3013450,29.66840421321808
3013451,2.086336066981491
3013452,571.582742315961
3013453,290.94224503172256
3013454,2.2661805971450804
3013455,12.167015391759847
3013456,324.47026326028936
3013457,86.77664338725015
3013458,1154.6088618240155
3013459,16.671216946533264
3013460,6.754528258269127
3013461,4.297769993865588
3013462,0.05804191495377282
3013463,0.2211080832266892
3013464,1408.0626619606228
3013465,0.02300060262883121
3013466,173.29639443583142
3013467,7.830121887625321
3013468,806.5347696289728
3013469,477.6919141929566
3013470,194.278214556948
3013471,59.990879645418104
3013472,34.43139873801485
3013473,2678.8290078132304
3013474,8.621616074512158
3013475,0.5829207304996693
3013476,11.715926107103948
3013477,13.929134842321751
3013478,0.16873288004361253
3013479,160.72582906001915
3013480,5.133884691881589
3013481,0.03577075987960713
3013482,9.89886360237578
3013483,28.595431250755226
3013484,1.308186832263362
3013485,150.4097789251519
3013486,160.27173242069944
3013487,1.2621729751517943
3013488,4.836186487606262
3013489,143.35999753368924
3013490,31.805339384286334
3013491,317.3903107166167
3013492,8.496765824365488
3013493,2.836957999297558
3013494,3.3985806798926066
3013495,0.01184002741047547
3013496,3.5817183835134214
3013497,1266.6485235522373
3013498,0.0
3013499,112.17541096083488
3013500,5.072154600983214
3013501,581.3672814379544
3013502,280.83802461916406
3013503,128.03945709323463
3013504,46.80177371765639
3013505,23.716512528007648
3013506,2329.027414167844
3013507,10.524706164331027
3013508,0.10775343477895921
3013509,8.569230189882738
3013510,7.26452418304488
3013511,0.00766055339869843
3013512,118.06757595910503
3013513,1.2951282565606022
3013514,0.0037963824593334997
3013515,2.177169658638912
3013516,30.29188881063642
3013517,0.6947884552014607
3013518,132.88810186699442
3013519,143.0751142709571
3013520,0.40778170112213175
3013521,3.780524912257572
3013522,61.18290641090169
3013523,18.80322509596205
3013524,152.65967014954504
3013525,14.47820346268912
3013526,1.3379531483273983
3013527,2.9190174702986456
3013528,0.0026034114762170366
3013529,1.3966953429626139
3013530,1341.203945482242
3013531,0.0
3013532,155.11737003482168
3013533,5.476379990856136
3013534,880.188608742426
3013535,374.8764569764757
3013536,216.02890282955414
3013537,31.143129976570236
3013538,30.803292900639576
3013539,2623.0956660603365
3013540,5.98497085711411
3013541,0.31527163612011405
3013542,10.082271438697024
3013543,18.8392848087445
3013544,0.08337310275092696
3013545,163.76300279147497
3013546,0.5690652867216378
3013547,0.0
3013548,2.5087504891231243
3013549,13.915828193188181
3013550,1.3997553406789194
3013551,166.155519588508
3013552,226.18546895471277
3013553,0.9295906298296636
3013554,3.903700077849794
3013555,67.14072686719392
3013556,77.78064773771067
3013557,335.6248565859222
3013558,7.540586892258628
3013559,3.2698153283161475
3013560,2.449444058095775
3013561,0.6593792615632883
3013562,2.4247611083360074
3013563,1675.8674252688638
3013564,0.02042768873244819
3013565,139.2298401040796
3013566,2.0615506195192594
3013567,831.0396360970391
3013568,381.8858967322171
3013569,236.73668027182694
3013570,74.0854962003405
3013571,57.45178390987184
3013572,2568.94931866964
3013573,7.622631647114033
3013574,0.595256059698671
3013575,13.850174008814381
3013576,16.726823701872895
3013577,0.11637924945729457
3013578,216.83765575690103
3013579,6.943863495956959
3013580,0.012022209165396447
3013581,3.622337992817543
3013582,23.367677298917666
3013583,1.539304720073803
3013584,129.51741384427947
3013585,173.17696662490383
3013586,0.7240322384896765
3013587,4.604447092988779
3013588,106.50603907641042
3013589,46.1610182606945
3013590,575.5101287135082
3013591,15.145165812552603
3013592,3.5993323999720443
3013593,2.9699430932509205
3013594,0.08151034691831496
3013595,0.6461445330013295
3013596,1270.4347137259952
3013597,0.0
3013598,130.11639408124316
3013599,3.8676437176354104
3013600,737.6384418329451
3013601,254.39535590074453
3013602,139.30016672852216
3013603,113.83713539009881
3013604,25.255890826626477
3013605,1797.4899305749457
3013606,3.802511703012172
3013607,0.27225635251801844
3013608,7.958242190241318
3013609,10.667748412461235
3013610,0.06787704245846395
3013611,135.24931685214858
3013612,0.0
3013613,0.0
3013614,1.46918133505589
3013615,21.396087288773916
3013616,0.8262025905605541
3013617,49.62550595217577
3013618,113.6878207094194
3013619,0.561866666452924
3013620,2.338202938030011
3013621,59.151689506816155
3013622,28.94416255184163
3013623,417.10470980788205
3013624,0.01602986820215873
3013625,0.6217163828022775
3013626,6.648545337122917
3013627,0.34382386971518464
3013628,2.548356021152487
3013629,2471.6599314087894
3013630,0.010474393130093828
3013631,269.6139889203703
3013632,4.43996123374434
3013633,850.3602052646698
3013634,888.8376275186647
3013635,386.24754941811597
3013636,124.80245066687432
3013637,72.32808338901195
3013638,3533.030672405286
3013639,10.904862145210119
3013640,0.7282214079627091
3013641,15.738096076972061
3013642,21.552242691221995
3013643,0.1227967798010875
3013644,236.6523552219308
3013645,0.5051830535181483
3013646,0.010447006001358465
3013647,11.493403240457857
3013648,22.91672501661692
3013649,2.2463884879322804
3013650,226.56172702279238
3013651,216.6129703608282
3013652,1.5819515082090467
3013653,6.288332161168309
3013654,267.39681854851005
3013655,48.38358394888735
3013656,1055.5667751076298
3013657,12.209801658029042
3013658,8.76921055555093
3013659,2.638842659344436
3013660,0.06883322467182526
3013661,3.164672036369997
3013662,1794.8803877176065
3013663,0.0
3013664,479.07907889310525
3013665,6.014758563049953
3013666,476.3984841312068
3013667,691.9642369392535
3013668,176.2012374158608
3013669,133.9319907045791
3013670,42.20404654917815
3013671,2316.70501902961
3013672,10.582683805735849
3013673,0.5683509038287407
3013674,11.502949599821402
3013675,9.199500007694322
3013676,0.03154985270127048
3013677,147.84885175962478
3013678,8.328772043175249
3013679,3.7787527555141915
3013680,10.866023054023668
3013681,44.677372077147545
3013682,1.3990025626391678
3013683,75.1038730054762
3013684,136.16377901626774
3013685,2.9430977771031777
3013686,5.3932115548069985
3013687,139.8172419464495
3013688,48.686205256772
3013689,1082.6972190992597
3013690,28.35938840219257
3013691,8.283019258491157
3013692,5.237684957306037
3013693,0.3170787846988946
3013694,3.4805663318982645
3013695,2066.312330550438
3013696,0.023268758363556043
3013697,139.48036532816016
3013698,4.256033394788218
3013699,772.8315037202333
3013700,322.78353595904395
3013701,252.54289369930095
3013702,44.36595248482296
3013703,36.2822326665862
3013704,2814.3641123853054
3013705,14.389719969027622
3013706,0.8767191284291258
3013707,10.819545524022734
3013708,8.26777490035148
3013709,0.0654869097024635
3013710,152.54604277675762
3013711,4.839190472487386
3013712,0.031065409314341614
3013713,4.083471520425612
3013714,17.53448312216392
3013715,1.6957099180367852
3013716,114.84283729896642
3013717,140.93358422519051
3013718,1.041836336128837
3013719,3.652204525943496
3013720,78.27009229892187
3013721,21.6349105163822
3013722,349.76988792932275
3013723,3.062615359920734
3013724,2.7578085767085505
3013725,4.478343710769046
3013726,0.03222307483949023
3013727,7.475111115892782
3013728,2880.249458292153
3013729,0.04452520523030933
3013730,641.6654576448592
3013731,11.022181675038649
3013732,876.6984710867914
3013733,809.3815724288597
3013734,197.73758331531158
3013735,150.59105375349282
3013736,94.45500107803475
3013737,3602.9701775550066
3013738,36.69200656564191
3013739,0.9712454490389668
3013740,14.402044762259234
3013741,20.19759350011817
3013742,0.15698889016584303
3013743,228.4565995057915
3013744,18.092710933162305
3013745,16.72134015553778
3013746,6.976461101706095
3013747,59.55281915594773
3013748,7.44450963557838
3013749,353.0315315454115
3013750,239.82829630373698
3013751,7.389528671744614
3013752,8.591103496764969
3013753,433.2191332834116
3013754,91.13741092688471
3013755,3271.3125782335906
3013756,0.07680322498566892
3013757,30.38320917554776
3013758,4.741840027072931
3013759,0.037679874636810565
3013760,2.618831664071379
3013761,2569.8419861984653
3013762,0.0
3013763,372.18475303159113
3013764,5.008374714326264
3013765,1047.2442476760318
3013766,769.7431166020506
3013767,442.7922338714256
3013768,66.36937085143582
3013769,55.185813456809676
3013770,4137.792155109576
3013771,9.78216004976685
3013772,0.44330963698421005
3013773,17.77711342669235
3013774,10.613079285894845
3013775,0.0
3013776,246.59477318213774
3013777,2.563265243916521
3013778,4.895840208453415
3013779,2.6048561672797557
3013780,37.21944504138283
3013781,0.7328646045390808
3013782,253.86071137441272
3013783,248.7523700804923
3013784,3.037296605111618
3013785,3.536928683386474
3013786,207.5853708455998
3013787,47.88305713388245
3013788,684.5775296383107
3013789,60.75935606561967
3013790,8.637667266524382
3013791,7.661895663247345
3013792,0.28145557266532345
3013793,2.877885379944407
3013794,2268.2308119211802
3013795,0.03649041489957355
3013796,356.32466750413295
3013797,4.065151846930248
3013798,1476.2844171264112
3013799,621.9026617753132
3013800,241.48549825319287
3013801,191.87080508067328
3013802,70.00375048309593
3013803,3132.3250209138537
3013804,13.950195893920998
3013805,0.4821389291112444
3013806,23.569818113413543
3013807,27.823921368354483
3013808,0.16458833397158693
3013809,238.4413876041054
3013810,2.237790211675622
3013811,2.8079626947513914
3013812,8.34681232882426
3013813,59.488406581326075
3013814,1.210152219815546
3013815,97.83741844491398
3013816,220.0506245480141
3013817,1.7615481097047674
3013818,3.1006654071486213
3013819,136.77139522212315
3013820,112.856496958164
3013821,1002.7691095808184
3013822,0.401339685756087
3013823,4.313603008805506
3013824,3.8379109539308924
3013825,0.1492259349731268
3013826,1.3623439330917644
3013827,1343.1084689035965
3013828,0.018715516444026203
3013829,122.03498938694682
3013830,5.767900828072772
3013831,524.5878912978396
3013832,308.5321783321935
3013833,130.2756276269365
3013834,45.079237423223425
3013835,37.239123724379915
3013836,2148.9198917094277
3013837,7.161842848002304
3013838,0.4383740658935124
3013839,15.38057659933976
3013840,12.710957338372504
3013841,0.0167807940108723
3013842,149.51467025858452
3013843,0.3714335207727307
3013844,0.02227680495234031
3013845,3.0711512970926873
3013846,40.82701392042361
3013847,1.813963912481225
3013848,99.062025196441
3013849,127.91252332528009
3013850,0.7676301626248625
3013851,4.784112850191714
3013852,108.39386946475119
3013853,27.313857014851795
3013854,375.7721628989751
3013855,5.215779539744595
3013856,1.4261521293881443
3013857,1.3899750657280654
3013858,0.01348124780171285
3013859,3.260239537319685
3013860,1438.8501930113634
3013861,0.010787648791871867
3013862,271.52432698108305
3013863,9.115997863916807
3013864,517.3850595729205
3013865,484.6359213492796
3013866,128.6847078492574
3013867,44.85713205074317
3013868,57.72406764541212
3013869,2068.110802901462
3013870,25.71995529663417
3013871,0.39237991456235044
3013872,10.396827366642771
3013873,12.988661847529228
3013874,0.09895865050487997
3013875,134.9833617183602
3013876,11.143165327335712
3013877,1.3112909760535698
3013878,2.330612290262565
3013879,38.34531938403891
3013880,4.0877406842276045
3013881,482.2215905430939
3013882,135.27648710304834
3013883,3.1222903021242305
3013884,4.778297957307232
3013885,297.62530991244364
3013886,33.373071191392256
3013887,1533.6881279387085
3013888,0.030200666676341872
3013889,6.1069572631889795
3013890,2.7407792216249227
3013891,0.14164128887799995
3013892,4.186479805516541
3013893,3574.6721010033775
3013894,0.08998108727496465
3013895,768.2901165680455
3013896,14.7620615248776
3013897,1155.0003538753244
3013898,1353.776054702255
3013899,276.59716114338784
3013900,228.0956901139368
3013901,164.58544302738608
3013902,4455.539072715623
3013903,35.55644716700232
3013904,0.8637758258662684
3013905,17.703658886149352
3013906,37.341865801481234
3013907,0.07424325701206336
3013908,285.313131325282
3013909,11.098690487257715
3013910,46.75628959067122
3013911,9.706557331999555
3013912,84.03000910300159
3013913,12.635869027767233
3013914,420.6545001350694
3013915,266.9052958014711
3013916,14.895181949483215
3013917,9.427337590047808
3013918,555.3880390728989
3013919,108.05795477805296
3013920,6054.358078706308
3013921,0.09825149576242981
3013922,21.164071462628502
3013923,1.732003765634064
3013924,0.0345091205327327
3013925,1.414090495652296
3013926,1477.4381048849782
3013927,0.0
3013928,293.98551768456724
3013929,4.00714515837053
3013930,307.5898093229477
3013931,407.8946067060065
3013932,115.93091925480317
3013933,78.79079473776093
3013934,57.444968719985205
3013935,1475.9896629251161
3013936,13.122819053478079
3013937,0.555612107637585
3013938,9.157436085878453
3013939,9.840532743098526
3013940,0.0
3013941,81.32715399502739
3013942,0.0
3013943,28.210254127105287
3013944,2.1041020019884087
3013945,125.77300528249565
3013946,3.923091678274187
3013947,175.54471149978014
3013948,76.23659942482435
3013949,3.404888936976366
3013950,4.410201463056128
3013951,132.58327431861684
3013952,27.286000825768177
3013953,2201.6699611383624
3013954,0.3620718536434457
3013955,1.8053033533878982
3013956,3.5156602552113076
3013957,0.03088464005155878
3013958,0.15294647630139924
3013959,821.7566702581963
3013960,0.017071413859051837
3013961,204.70032069414228
3013962,4.582513185926676
3013963,415.4188348806819
3013964,215.4355714905322
3013965,73.73449836171362
3013966,28.363419261927323
3013967,22.591306885723533
3013968,1400.6560982605406
3013969,6.907268280974105
3013970,0.49771645995982494
3013971,8.695927500860975
3013972,6.196042741896019
3013973,0.1766032363321552
3013974,69.66730658905901
3013975,0.24919622770833372
3013976,8.540416657340446
3013977,0.6398752238268886
3013978,19.029159105776785
3013979,0.21956503513444828
3013980,220.48242945230731
3013981,102.02385281887938
3013982,1.5240788877414415
3013983,1.1512109789417102
3013984,117.67125259087547
3013985,17.920319724382804
3013986,907.4562333396358
3013987,0.37929544065028814
3013988,1.501020428347443
3013989,4.9908746801641986
3013990,0.09453030563541957
3013991,2.761382289779384
3013992,2899.709331359016
3013993,0.0748211850076844
3013994,674.4375527826121
3013995,12.096247432581208
3013996,910.0494562005825
3013997,961.7616213148277
3013998,263.87885834073785
3013999,236.65493285624575
3014000,95.19398995258999
3014001,3577.0524815500476
3014002,21.52967795888
3014003,1.8016957623497833
3014004,22.338145507565955
3014005,26.169896184588843
3014006,0.19398441758866206
3014007,234.84623002955232
3014008,3.773487856067804
3014009,31.911422367998604
3014010,5.989092661405588
3014011,89.27660567174189
3014012,3.348645678094526
3014013,273.73260240439754
3014014,225.40735874593173
3014015,8.757799445672806
3014016,8.629660349812578
3014017,360.3881797847524
3014018,76.87307681587053
3014019,4186.874855664485
3014020,0.7566854966030894
3014021,13.76931936236081
3014022,5.552397184349198
3014023,0.02689694690315887
3014024,1.6616764623941025
3014025,2323.6333468263115
3014026,0.010065045836707136
3014027,497.3292704285222
3014028,11.821793598763216
3014029,852.5084246323274
3014030,780.3738052134552
3014031,272.24109263704247
3014032,187.9692987777778
3014033,47.08763449108042
3014034,3302.7947519469813
3014035,10.838107299194395
3014036,0.6802654968175796
3014037,24.047868512557347
3014038,11.6422213638759
3014039,0.37462478064089993
3014040,203.07543031422273
3014041,0.0
3014042,4.070350796575428
3014043,3.846760400429082
3014044,39.39773597560338
3014045,0.7658973859962814
3014046,163.42693915197975
3014047,209.51068975841582
3014048,3.500466563841549
3014049,3.0207492090053725
3014050,150.8693443204658
3014051,60.36517394885306
3014052,1046.3458827869895
3014053,1.5151583419220216
3014054,2.600793419540388
3014055,5.071842998431798
3014056,0.2707764467579551
3014057,2.7246025921658137
3014058,2346.38879197175
3014059,0.014526255989870424
3014060,511.79257660364505
3014061,9.050229184472519
3014062,787.9451350281454
3014063,725.7268059543646
3014064,208.32644525671967
3014065,143.8670243080276
3014066,54.9092740672285
3014067,3038.7905555836933
3014068,12.274506025282111
3014069,0.7833781381868773
3014070,18.591570725553563
3014071,18.320238032668342
3014072,0.05333750084972361
3014073,191.9096902466741
3014074,0.0
3014075,3.9132733842058838
3014076,3.548536733673204
3014077,61.07913856842561
3014078,1.0956544614394674
3014079,96.25035715451796
3014080,184.6856241307369
3014081,3.5615017208779163
3014082,3.754980952035328
3014083,156.62340905130623
3014084,51.681190243458296
3014085,827.2645554550392
3014086,0.9847787705188026
3014087,4.270104148007006
3014088,9.279031495708784
3014089,1.162024307589341
3014090,14.302176804914513
3014091,7629.085785640005
3014092,0.10805927531885313
3014093,1201.5891076606465
3014094,35.14093872007851
3014095,1950.0194704265232
3014096,2052.4413787415183
3014097,297.33758477956604
3014098,452.44125638846754
3014099,322.30519913683884
3014100,7682.868621707006
3014101,77.37633798887225
3014102,2.8026832541166917
3014103,47.217603477967224
3014104,55.182658120979234
3014105,0.41982524091294154
3014106,500.5763916629544
3014107,35.23359727146387
3014108,72.92517400711223
3014109,19.963580759161275
3014110,204.4229650898685
3014111,23.332829447043018
3014112,672.6643947332914
3014113,451.01600358686653
3014114,16.34513404671054
3014115,23.97688142553917
3014116,1013.586549098315
3014117,220.8434564679222
3014118,10332.063274365486
3014119,0.6821237869343624
3014120,71.25024269490383
3014121,2.160035016984084
3014122,0.24701435073332031
3014123,0.6130067850550505
3014124,1350.1210396740687
3014125,0.03111848938809606
3014126,152.81471461852325
3014127,3.689848242572035
3014128,529.1772487371717
3014129,326.76648099640687
3014130,105.45803677207887
3014131,98.686061855146
3014132,39.0787823993458
3014133,1720.7709373821167
3014134,5.023944089610425
3014135,0.22749776272035366
3014136,12.002990655024037
3014137,6.077962924169594
3014138,0.17404826967942352
3014139,143.74559583569155
3014140,0.22760157948406623
3014141,0.038889078776122514
3014142,2.449245108146117
3014143,29.94910034655107
3014144,0.5761798890587906
3014145,55.98418855446901
3014146,85.92292190175567
3014147,1.6410458127782839
3014148,3.5488565867518695
3014149,92.41060786986968
3014150,18.61545277885609
3014151,468.54057218537395
3014152,0.10940468332880969
3014153,3.265852407105768
3014154,6.0972577890788235
3014155,0.1722967384998499
3014156,1.757951362471805
3014157,2315.9488459502154
3014158,0.01758160674243235
3014159,440.5725078299793
3014160,7.123993028572476
3014161,1125.6286115285604
3014162,693.4915976671313
3014163,181.51571536639696
3014164,196.6227351958019
3014165,56.150492344057646
3014166,3614.7365761160854
3014167,10.129243750836912
3014168,0.3345762125172832
3014169,17.703895539162502
3014170,18.156307501131476
3014171,0.08606473960559097
3014172,217.5418580401182
3014173,0.60519833311752
3014174,3.117259710741801
3014175,7.462825475542689
3014176,13.798239119159936
3014177,1.102878309291689
3014178,273.3568317079017
3014179,212.823706184154
3014180,3.2305326334600375
3014181,5.633678530891656
3014182,91.42972636463523
3014183,60.18037706390835
3014184,894.072809299882
3014185,1.4817144329373888
3014186,4.254795153708028
3014187,1.0002634476658347
3014188,0.0034720003350672346
3014189,0.372968479799806
3014190,834.9369283523487
3014191,0.006361491009971428
3014192,100.3096303006107
3014193,2.1307637111852085
3014194,556.4253835927332
3014195,173.50048593680185
3014196,80.56856546453791
3014197,140.97200986238067
3014198,12.463011006106614
3014199,1314.1713123555696
3014200,1.4703934062498296
3014201,0.1237911312616743
3014202,7.5739932539424775
3014203,2.585733511567533
3014204,0.013421148134690907
3014205,74.48055892888313
3014206,0.003495135846723647
3014207,0.0
3014208,0.35314722342863536
3014209,12.86139962777611
3014210,0.13817252458992663
3014211,65.7410818771217
3014212,66.35858278023464
3014213,0.3680444677437224
3014214,0.6829593005907287
3014215,43.8415120290348
3014216,8.469842925838543
3014217,143.248155563025
3014218,0.0
3014219,0.8549939740903074
3014220,6.243413514943326
3014221,0.01785900483083084
3014222,1.2000448473199212
3014223,1643.7049869257519
3014224,0.0022933659878579945
3014225,191.06391163124204
3014226,5.354921940788106
3014227,729.2571049072767
3014228,453.1871712821815
3014229,146.68402703711956
3014230,105.56559292963343
3014231,46.018975767397585
3014232,2320.71586307705
3014233,2.4566686316805217
3014234,0.384568761335479
3014235,19.18634808290626
3014236,13.90501180997853
3014237,0.07451330613459013
3014238,172.224350948277
3014239,0.0
3014240,0.004546065630451603
3014241,9.972892446200925
3014242,21.65090265551149
3014243,0.9576289684370959
3014244,231.07518950535336
3014245,166.7443576858447
3014246,1.333023461508012
3014247,3.397086188133207
3014248,184.88543313640315
3014249,27.352587071216586
3014250,944.9840281113441
3014251,0.011038259187762741
3014252,0.6118051251272679
3014253,2.504164659485752
3014254,0.21130068712752395
3014255,2.4206281206727454
3014256,1930.879166927343
3014257,0.013265114978236063
3014258,576.356398844291
3014259,5.796233878382781
3014260,684.9024283288393
3014261,673.7982413917719
3014262,188.24861660010615
3014263,92.40439355164871
3014264,53.20344516627833
3014265,3094.5266691743227
3014266,6.263710738926991
3014267,2.449609758908693
3014268,27.024099211506282
3014269,32.22512301152699
3014270,0.1652520250636111
3014271,172.04378197559816
3014272,1.3250025762757764
3014273,4.436628565809128
3014274,2.8700587710059424
3014275,25.41796730656066
3014276,1.657252490811349
3014277,159.73829103649504
3014278,222.9508030596951
3014279,2.6000707860673984
3014280,5.345348810903466
3014281,131.44923321636648
3014282,25.1960009355998
3014283,539.5783284732848
3014284,2.615998587592313
3014285,2.169538751121426
3014286,3.2446919290812355
3014287,0.03490712148210116
3014288,0.22319909326688359
3014289,1212.6625343699272
3014290,0.01410372071044348
3014291,80.67099401365905
3014292,3.077359087168129
3014293,422.91233297336856
3014294,191.86005857880804
3014295,73.35059471104358
3014296,106.01174434444013
3014297,26.443989076574173
3014298,1633.8052664506429
3014299,4.124516370735275
3014300,0.2081021726830264
3014301,6.3940576291454265
3014302,4.96010909087198
3014303,0.0677916477712046
3014304,94.92515007020344
3014305,0.012959848027113434
3014306,0.0
3014307,0.5752240721862046
3014308,12.579835755575749
3014309,0.40053647494435196
3014310,166.4476922308917
3014311,69.66653339779745
3014312,0.5397669244030068
3014313,0.757963256743389
3014314,38.20788762056115
3014315,12.858695117889663
3014316,303.36975524830507
3014317,0.08300353790331778
3014318,0.2985153389817235
3014319,3.3982922066801926
3014320,0.04453057361885121
3014321,0.6107195755670949
3014322,2767.247494202641
3014323,0.009924876231339776
3014324,394.4141565095702
3014325,6.693772221487845
3014326,773.806688926075
3014327,615.6788251851129
3014328,182.76096720083646
3014329,97.89104330506218
3014330,59.538532380341856
3014331,3233.3628411350987
3014332,7.152478932447761
3014333,0.41402885671745543
3014334,18.295203705963992
3014335,7.62691117853049
3014336,0.15112313406842523
3014337,172.78153789859
3014338,0.019264024157329578
3014339,17.6891353835335
3014340,2.8089364438408793
3014341,33.28414235213625
3014342,0.7042227016425662
3014343,214.11725222250612
3014344,176.90688552410748
3014345,1.7659591226411706
3014346,3.7449647160971558
3014347,101.6070326689462
3014348,44.88593595034734
3014349,946.0062129525452
3014350,0.38322275190688543
3014351,0.5360318191581273
3014352,3.3097022170552366
3014353,0.04495702988061609
3014354,8.33418445393789
3014355,2841.9540300009144
3014356,0.10031292922530315
3014357,568.483610016605
3014358,8.673563960163817
3014359,1012.5157905987461
3014360,891.1049939973495
3014361,161.33141233612872
3014362,131.00995241834985
3014363,121.23119981792107
3014364,3902.171719727469
3014365,58.283923840085535
3014366,1.5938292288607279
3014367,21.370507774892307
3014368,22.96385500890361
3014369,0.20017064330143172
3014370,241.73971349637822
3014371,20.164279736756306
3014372,30.39533964395251
3014373,2.2729166806388124
3014374,103.4019782299418
3014375,8.77532710620704
3014376,219.96024600867497
3014377,241.39058754988798
3014378,11.329245553451772
3014379,14.301223934787137
3014380,262.7708731194143
3014381,72.95593606525851
3014382,3674.7565014078273
3014383,0.15912221224716672
3014384,10.787546939592634
3014385,5.0803164540988766
3014386,0.041127461662661374
3014387,8.843407191689128
3014388,2432.2326661614607
3014389,0.048742275430098646
3014390,469.8334637867596
3014391,10.41295934213636
3014392,1116.8177713540013
3014393,790.7254470634851
3014394,135.60507272568154
3014395,88.01513083828878
3014396,130.1523847036675
3014397,3592.5006131783775
3014398,29.818782100736147
3014399,1.184958722336252
3014400,31.04367068800313
3014401,59.63751082272184
3014402,0.055743465731979525
3014403,299.4152599478156
3014404,15.697744547661923
3014405,21.408911540312857
3014406,7.716013106518811
3014407,78.37879449679406
3014408,8.989532451104381
3014409,167.3098396925023
3014410,445.4986357388281
3014411,6.321049107547732
3014412,10.686517580156389
3014413,116.91137922185384
3014414,71.39065199710687
3014415,3086.950044637716
3014416,0.2846806754815482
3014417,11.705564864331771
3014418,6.167035752079735
3014419,0.13524616340021092
3014420,3.645253508389948
3014421,3075.780701060735
3014422,0.006482220818600852
3014423,581.6375267705095
3014424,5.905135306223592
3014425,1204.880675733631
3014426,620.9943813230952
3014427,187.8633124828919
3014428,212.65112390660937
3014429,55.90140573528792
3014430,4042.8958958186527
3014431,30.12566348802084
3014432,1.1949184734959286
3014433,17.544052133172396
3014434,17.804199222913034
3014435,0.10496542067647156
3014436,272.80340779021594
3014437,3.4110844036651016
3014438,11.105582477138205
3014439,7.06974036606198
3014440,39.30505482787753
3014441,2.535701547953417
3014442,140.972334802813
3014443,243.39416753478392
3014444,5.960565807282393
3014445,7.613988255738513
3014446,186.42855334388918
3014447,50.46921160046477
3014448,1227.8343212640793
3014449,9.515038702232596
3014450,11.55801924227036
3014451,2.8816347587016815
3014452,0.28690069359796766
3014453,5.094906422020898
3014454,2252.6760459888665
3014455,0.08549129385599633
3014456,356.4763713782393
3014457,6.1903510554383585
3014458,784.7505235447038
3014459,713.8422055442268
3014460,172.60004661569644
3014461,122.5385946969379
3014462,76.82888676212733
3014463,3085.639516252305
3014464,24.437480474110966
3014465,1.0849297713245176
3014466,14.745492337685048
3014467,12.98504899397803
3014468,0.12213764182584083
3014469,204.84536285716436
3014470,15.38365241779303
3014471,22.955521899816453
3014472,2.348901405236064
3014473,55.97436106850135
3014474,5.947230948408509
3014475,317.7915520456955
3014476,210.02949743047657
3014477,5.459478456038561
3014478,7.880102297731699
3014479,310.57922367238075
3014480,47.36008888470176
3014481,2984.3492047717455
3014482,0.13029995077106923
3014483,20.348628606278538
3014484,3.161450128340959
3014485,0.12970436656018702
3014486,1.7554874302831849
3014487,4197.542023099223
3014488,0.012437457348047212
3014489,369.6034588616034
3014490,6.00475570081529
3014491,1415.8799542095053
3014492,833.2154382410017
3014493,241.5926132568789
3014494,162.86837039612183
3014495,48.29908056889481
3014496,4671.912849145811
3014497,10.459054649354428
3014498,1.0780823122159595
3014499,26.707012937618305
3014500,19.584083444198892
3014501,0.17107032971328687
3014502,386.2041774982733
3014503,0.02651187611621127
3014504,0.12989716294567394
3014505,6.801097286200234
3014506,34.97197847056095
3014507,1.8096958286655669
3014508,135.10006906091607
3014509,257.0221086638004
3014510,3.2837327587034175
3014511,8.102223162162474
3014512,161.07672806144856
3014513,55.22761559984107
3014514,939.611409394563
3014515,0.029123478324860296
3014516,4.23709878461902
3014517,5.940324684609261
3014518,0.06146112867364683
3014519,8.14419338053249
3014520,2397.0931864597464
3014521,0.055195588702050366
3014522,470.8819658750385
3014523,10.542303249481188
3014524,1178.591990082494
3014525,726.2585998234512
3014526,215.22036123149485
3014527,122.6214216348969
3014528,100.61369559514877
3014529,3731.8680844281316
3014530,33.20376099095417
3014531,1.133914439866026
3014532,19.40148845645815
3014533,25.448821953016495
3014534,0.11998535945445074
3014535,240.6286857742646
3014536,11.75787840825577
3014537,23.21614785700584
3014538,6.791170008773272
3014539,69.00273756620008
3014540,9.934636858453896
3014541,212.3832625216085
3014542,476.82098827641477
3014543,12.048984215152764
3014544,7.844964019790042
3014545,195.0437811774736
3014546,61.00885779896362
3014547,3056.170052027381
3014548,0.44141997522855936
3014549,5.948097466431702
3014550,2.613767866165051
3014551,0.014248350086136063
3014552,5.264598558202666
3014553,2691.4836114082145
3014554,0.05208641401887529
3014555,462.2675975543332
3014556,10.160506890253076
3014557,727.460853837457
3014558,783.0965073423587
3014559,162.98660643575525
3014560,126.71869682856571
3014561,105.2429291826277
3014562,3029.874331059413
3014563,26.514769329330793
3014564,0.7408985745066464
3014565,13.676333442205214
3014566,14.06520304778958
3014567,0.06495620692672309
3014568,203.90247691404613
3014569,13.309800218517305
3014570,41.60568736191969
3014571,9.126171531470082
3014572,71.10275095867733
3014573,9.087444651170605
3014574,229.49587738893814
3014575,205.15616376256565
3014576,8.289882351441332
3014577,8.482401017751572
3014578,239.06316600365585
3014579,53.763815750180505
3014580,3256.0413124531506
3014581,0.15352353341515804
3014582,13.920634172010166
3014583,3.342957942370508
3014584,0.09137969824272953
3014585,2.911487283720433
3014586,4600.295058334449
3014587,0.018442304380602983
3014588,524.6869925344191
3014589,11.166493742424429
3014590,1038.2112218584919
3014591,693.4595062025916
3014592,232.20496823637018
3014593,163.76818799800034
3014594,49.38279754334332
3014595,3986.200819826484
3014596,6.4329997921048285
3014597,0.25253973231130133
3014598,13.74063621502486
3014599,17.19068587164279
3014600,0.05603958042495192
3014601,218.1468747452349
3014602,0.0
3014603,6.1029723011405
3014604,1.11147987909254
3014605,38.53334464890611
3014606,1.9042314989738358
3014607,190.31803092935408
3014608,232.35180155363392
3014609,2.4894854435620726
3014610,1.774671092987388
3014611,233.88952348479157
3014612,104.64261432876276
3014613,985.8291275045285
3014614,1.0537701808134752
3014615,0.37546618871487697
3014616,13.648678234168703
3014617,0.0318803159928167
3014618,15.640178605149561
3014619,8739.761875604185
3014620,0.06790807729515283
3014621,1704.6409049062343
3014622,28.084164704316574
3014623,2598.8045660526886
3014624,2387.610294778636
3014625,508.3531080804197
3014626,587.7105213010043
3014627,407.0957481955272
3014628,9627.931290822991
3014629,102.02971132635348
3014630,4.343401887065413
3014631,91.4822596839673
3014632,110.50351703167178
3014633,0.42278263285433226
3014634,674.6410489549968
3014635,32.17829147745841
3014636,29.375254608357093
3014637,51.47612034002335
3014638,300.80807604571373
3014639,22.462836876795883
3014640,805.4705367445569
3014641,533.0296097562666
3014642,33.87462064665403
3014643,33.243470486451145
3014644,1068.7855920958389
3014645,320.63549939418675
3014646,12620.408089012086
3014647,225.2271668563547
3014648,83.24274544497207
3014649,11.950960029398455
3014650,0.02714898956830445
3014651,14.098046706460934
3014652,8161.956726459755
3014653,0.08167150073642775
3014654,1095.7507980435255
3014655,26.574567443296623
3014656,2358.9920022839005
3014657,1956.0336579092227
3014658,573.689759392609
3014659,297.30219022438075
3014660,248.27180094853875
3014661,9210.745618680616
3014662,113.01880695864601
3014663,1.4421334035576885
3014664,58.99650993985171
3014665,73.26049509257028
3014666,0.688801104003291
3014667,550.3600119507382
3014668,18.205224014799548
3014669,39.54320529475976
3014670,9.989924335146366
3014671,189.39138717579587
3014672,17.41837880563274
3014673,853.9540404074874
3014674,580.7198950864154
3014675,18.72459185777847
3014676,24.734506513197292
3014677,1015.8433585075878
3014678,244.47569588921752
3014679,8171.037776955162
3014680,299.86568066022613
3014681,71.95624993685576
3014682,8.8649616270576
3014683,0.001641148176666662
3014684,14.573366777744878
3014685,4520.491500309797
3014686,0.11016558474837958
3014687,840.2359729197558
3014688,12.834102095817432
3014689,2032.422217308378
3014690,1236.588185313101
3014691,583.434631693033
3014692,107.14758120421388
3014693,166.2064559359295
3014694,7853.064882606929
3014695,36.499416462565655
3014696,1.559094452299555
3014697,29.539394032928495
3014698,23.189872059248408
3014699,0.27985789256528804
3014700,513.2890762302027
3014701,23.978899918073108
3014702,27.044599241707207
3014703,9.099688466289187
3014704,92.5685366096202
3014705,8.066948751875238
3014706,884.8214819621597
3014707,555.6799127053677
3014708,19.255257711184257
3014709,38.0364602938455
3014710,604.2816561030927
3014711,114.80507482638136
3014712,3402.914834670074
3014713,130.581481904023
3014714,35.45526794083459
3014715,11.301997749530003
3014716,0.009960638797227347
3014717,19.533602072084115
3014718,7669.112089884398
3014719,0.0607896396866854
3014720,1050.9885018910088
3014721,20.070060590141154
3014722,2080.424295741608
3014723,1903.6338253626593
3014724,550.14948814572
3014725,290.54615504917393
3014726,212.89231651826975
3014727,9082.691239211636
3014728,54.48299841710495
3014729,1.6281925104479757
3014730,51.20665476587967
3014731,73.24265319309909
3014732,0.4471458070188286
3014733,547.801809059975
3014734,30.298654506877938
3014735,36.39604326653923
3014736,39.5088806927732
3014737,170.18690573937877
3014738,11.426180609755267
3014739,725.7390783096388
3014740,550.5612639888873
3014741,19.21111953433015
3014742,23.790429764861898
3014743,922.5858896555632
3014744,188.62857163647115
3014745,7345.999993619427
3014746,395.81314795666736
3014747,54.03640192727225
3014748,8.709105768814197
3014749,0.0
3014750,18.344315814840613
3014751,3589.931835195084
3014752,0.018661356257893554
3014753,666.3138083031008
3014754,14.34288184350773
3014755,1672.0789720184384
3014756,993.2019552171822
3014757,485.60917928147825
3014758,87.05755120180886
3014759,117.9454686653723
3014760,6136.284193190975
3014761,34.90001854670413
3014762,0.41780259265068176
3014763,25.42758574926821
3014764,36.93880584098928
3014765,0.27647911275303416
3014766,456.6409902959206
3014767,12.99182589150195
3014768,11.41082685849349
3014769,10.944315228253801
3014770,90.28470406634204
3014771,3.757777931331091
3014772,673.6782091267663
3014773,589.1236856336052
3014774,11.286172041565905
3014775,18.214160221819146
3014776,569.0234588573237
3014777,74.31305553885335
3014778,2253.646173793838
3014779,164.04455196862475
3014780,15.04575671236513
3014781,10.14108043818689
3014782,0.04443742445495994
3014783,12.266336729618182
3014784,6527.129033880206
3014785,0.07288316412984315
3014786,1329.0686793797834
3014787,24.687548626957827
3014788,1917.7819271960632
3014789,2126.464900267434
3014790,392.87416871538346
3014791,445.6062591154224
3014792,323.00360802601574
3014793,7732.1848677153275
3014794,76.41890182737552
3014795,2.028692546068083
3014796,48.591806916006625
3014797,58.95996683947803
3014798,0.5745726649922579
3014799,472.09743636950077
3014800,12.949849866185357
3014801,31.29120804938365
3014802,17.134320992928433
3014803,212.45661485509243
3014804,15.88334309681158
3014805,706.9817803398181
3014806,460.66097260811154
3014807,16.845062051034596
3014808,31.274881817707726
3014809,938.5020718164359
3014810,224.70145468259258
3014811,10572.699747309021
3014812,175.25935762955461
3014813,75.49179415150414
3014814,4.511551812811302
3014815,0.24555617573673233
3014816,4.204209200080252
3014817,1733.8863256133718
3014818,0.04491732718685004
3014819,335.11983929501747
3014820,18.100481423510182
3014821,909.5827679375816
3014822,533.9928045664216
3014823,211.13892792954687
3014824,77.91951390963611
3014825,78.2155445114734
3014826,2708.0815892480036
3014827,37.333802765654944
3014828,0.7514155098007851
3014829,25.30271468463304
3014830,24.510976520702023
3014831,0.08070472388403357
3014832,205.97372096504392
3014833,10.129247455669578
3014834,10.08458721871874
3014835,9.26980100051405
3014836,44.49506745447993
3014837,6.023443445464465
3014838,225.9751468004473
3014839,212.2866727180592
3014840,2.9487348256597867
3014841,6.775351580713745
3014842,206.30929191647414
3014843,51.24553654254184
3014844,2023.3483982252887
3014845,0.525300877870828
3014846,8.427710641431084
3014847,7.672997775212411
3014848,0.011345222870045963
3014849,13.417779412880089
3014850,3720.808086524322
3014851,0.048277869574861604
3014852,590.1134432176494
3014853,29.08529558455808
3014854,1548.9276007145672
3014855,998.5019030290332
3014856,408.0772271740377
3014857,89.56524042437928
3014858,134.6916896018027
3014859,6234.318813771627
3014860,87.91986567010298
3014861,0.9741724058723935
3014862,41.29625803930545
3014863,41.084692431074444
3014864,0.16391111773211928
3014865,392.45474749539926
3014866,13.24211368630542
3014867,9.23652257170922
3014868,2.829507758682642
3014869,118.45814577675478
3014870,7.571546692158081
3014871,574.283570893769
3014872,444.55344663684616
3014873,10.055451916761774
3014874,20.296744883726056
3014875,348.56242140383074
3014876,75.93480262101991
3014877,2805.4404215824716
3014878,268.11879042470713
3014879,14.833516121788897
3014880,6.316925953887393
3014881,0.03799056893517516
3014882,6.668559940545634
3014883,4604.88208840362
3014884,0.09781002242057699
3014885,934.2195209595037
3014886,8.666318515380233
3014887,1535.0728379106904
3014888,1623.791560999725
3014889,230.93345944789374
3014890,349.75280669862707
3014891,235.4917421827764
3014892,5424.733497189566
3014893,39.408406562559705
3014894,1.3146216113097517
3014895,29.591829317328486
3014896,37.00225256584049
3014897,0.4386664813937325
3014898,350.8357646461032
3014899,1.7995821881007124
3014900,51.065990030598044
3014901,4.8977222992180005
3014902,124.78037322307652
3014903,10.007896837771534
3014904,612.6809692361685
3014905,293.0537802984886
3014906,18.171862935538353
3014907,9.090361048716902
3014908,703.3416752478062
3014909,124.74452919131976
3014910,8378.513556692069
3014911,3.1697033226824662
3014912,48.868366910634876
3014913,9.943699864023548
3014914,0.03442916541706559
3014915,8.061902825044335
3014916,4391.825603117155
3014917,0.07701786935838714
3014918,791.4477358521029
3014919,9.45196029393208
3014920,1601.121009878944
3014921,1152.619855822237
3014922,314.3943087571046
3014923,212.52640352811724
3014924,288.2854306868991
3014925,5865.24814882922
3014926,45.623365092148155
3014927,2.731510415516208
3014928,41.473912391555544
3014929,42.789996743989875
3014930,0.3509764555220318
3014931,358.52660696629493
3014932,7.365327265584392
3014933,68.72808393931955
3014934,7.473299011326173
3014935,216.56434551597255
3014936,8.26761519169396
3014937,445.51255281700736
3014938,323.4629225960619
3014939,14.045354293031435
3014940,24.61539485504728
3014941,470.54094341065365
3014942,129.38837238802566
3014943,7504.094710647114
3014944,3.4575541330282507
3014945,9.140713326011092
3014946,6.974913935162314
3014947,0.07604609388388432
3014948,4.873204521217529
3014949,2114.874463232012
3014950,0.03291535189339403
3014951,440.62240049127246
3014952,6.21724437419295
3014953,965.0528072420879
3014954,528.9021656825012
3014955,194.4720409936004
3014956,83.0043742612779
3014957,91.8081005950037
3014958,2935.632035526205
3014959,14.00783507098826
3014960,0.966542857478562
3014961,21.037656837001936
3014962,28.400061868627013
3014963,0.09450556621282437
3014964,199.1355299802734
3014965,2.8284496255734233
3014966,14.349693280070964
3014967,4.872326297283295
3014968,60.58336344782648
3014969,3.0977532993800065
3014970,242.91996604718992
3014971,218.01615074787114
3014972,4.232480148336274
3014973,5.4700986353136205
3014974,160.73165201684265
3014975,73.26901833123597
3014976,2974.3007484456984
3014977,0.33718435954273807
3014978,2.4525538067918853
3014979,4.630833495828218
3014980,0.00596370436385247
3014981,0.6268714925101515
3014982,2567.67839207094
3014983,0.0
3014984,203.94243226772494
3014985,3.165755454567141
3014986,772.9390469223254
3014987,231.86173340635628
3014988,173.54097648082814
3014989,52.14158330552355
3014990,23.923825685713375
3014991,2455.2285983381144
3014992,5.67066811943615
3014993,0.4003423095334998
3014994,12.86384591077021
3014995,9.33349971568753
3014996,0.013857636692542438
3014997,175.702597128039
3014998,0.012910818383994407
3014999,0.0
3015000,2.302751310697093
3015001,14.05873490839046
3015002,0.6049168011684707
3015003,46.52801602638647
3015004,150.00375626475292
3015005,0.09066219316564876
3015006,1.5067995867999446
3015007,45.90966562141144
3015008,68.49532057697668
3015009,490.6890832811703
3015010,0.024274709400030414
3015011,1.33447023001031
3015012,4.07443801080257
3015013,0.05691092714916325
3015014,6.792046060971149
3015015,3144.322594128978
3015016,0.015782526656194923
3015017,518.2214647455538
3015018,12.3876344409235
3015019,1116.808060628182
3015020,910.2594971331077
3015021,277.72500154345346
3015022,161.13741870334815
3015023,118.4817036278041
3015024,4178.5187708627645
3015025,30.167156045153344
3015026,0.7461060987353617
3015027,24.729197610976925
3015028,48.34179977412599
3015029,0.04761056518325471
3015030,287.7305264737818
3015031,19.500468560393507
3015032,17.953838217074388
3015033,16.51939744802847
3015034,64.18423814378599
3015035,5.996229374080865
3015036,393.4020640632573
3015037,297.3210601240291
3015038,8.120695204652165
3015039,12.112595985862729
3015040,446.5447879410086
3015041,77.69521864280162
3015042,3568.45686969219
3015043,0.05824311330787133
3015044,33.745013402833486
3015045,5.08708661155578
3015046,0.09287296340496237
3015047,6.826517254047982
3015048,4230.71744047804
3015049,0.14603613906640023
3015050,737.3228239652498
3015051,17.54529600918775
3015052,1151.3792681330376
3015053,1345.616394867206
3015054,201.15448927544617
3015055,282.51997129446437
3015056,216.4933397561362
3015057,4358.902100479652
3015058,43.786911853563396
3015059,2.8307690137600603
3015060,31.503847621389056
3015061,31.759733431815118
3015062,0.5357613044724097
3015063,272.72957652416704
3015064,12.777778624051686
3015065,49.98770216298017
3015066,10.91751744780281
3015067,147.9359020938524
3015068,10.988025285617148
3015069,470.5678710705865
3015070,270.55558670420515
3015071,7.684108982113721
3015072,14.071291994925575
3015073,682.3247494822311
3015074,147.70440174523213
3015075,7039.425886071551
3015076,0.29656960725639564
3015077,44.472981227858035
3015078,4.303190326777184
3015079,0.2568477484582829
3015080,11.406607639194352
3015081,4360.8688542984855
3015082,0.0730233256248537
3015083,839.5079982179358
3015084,20.95794709199635
3015085,1236.2651911289388
3015086,1392.0174579966495
3015087,252.16186649810913
3015088,289.6248247223635
3015089,162.3525541649679
3015090,4708.342826916431
3015091,37.500729627137744
3015092,3.4018334303867346
3015093,33.77136533308709
3015094,43.59364097216903
3015095,0.12470281394558758
3015096,337.72484599375383
3015097,28.913262947157417
3015098,41.95931110780471
3015099,25.04529570067326
3015100,128.7854378365335
3015101,16.54525948548027
3015102,381.0023994833392
3015103,270.5626734524369
3015104,15.762760606881312
3015105,19.191097112751418
3015106,521.0808446912075
3015107,141.8329235115013
3015108,6763.219353483168
3015109,1.2369525851833318
3015110,35.975088777074234
3015111,8.925462043103423
3015112,0.17044984845720967
3015113,6.236293080479506
3015114,2765.3697490845116
3015115,0.0
3015116,430.14074893508973
3015117,11.29521616258521
3015118,1288.691811429854
3015119,759.8107423955993
3015120,419.5573163968206
3015121,149.7426552122673
3015122,69.29955153338288
3015123,4891.910009042142
3015124,8.578383911563526
3015125,0.8261682346727015
3015126,35.87874159335491
3015127,32.37733547843792
3015128,0.0
3015129,334.3321442102552
3015130,8.972504573510225
3015131,4.067807974617886
3015132,12.111958923271235
3015133,37.9604683779909
3015134,2.2558795012626605
3015135,268.3819569935474
3015136,343.63226140081736
3015137,5.619694442986072
3015138,6.207655463640576
3015139,318.3777594989363
3015140,67.31266785594012
3015141,1055.366029891347
3015142,90.02105868233035
3015143,11.583343740366477
3015144,3.6857213094711714
3015145,0.017857609056259167
3015146,2.359434047681701
3015147,2029.3362779383244
3015148,0.07011290189856118
3015149,311.8072899941753
3015150,14.675686864889755
3015151,641.043988213339
3015152,634.46512241241
3015153,125.89730149125067
3015154,122.92585839798863
3015155,126.82468163754318
3015156,2350.3598873839123
3015157,21.51711471615721
3015158,1.4646609105707487
3015159,20.568958022429364
3015160,26.152645237487366
3015161,0.07378275328445238
3015162,165.1555650366433
3015163,12.370592402804283
3015164,16.208980699684997
3015165,6.434503957173048
3015166,90.55951821078948
3015167,6.250475612103623
3015168,262.35771556963965
3015169,135.5887540947446
3015170,4.29519859196616
3015171,6.661231660276298
3015172,275.3170025060833
3015173,65.75027654195829
3015174,2018.6336624773119
3015175,0.05922145802940221
3015176,24.469409576898105
3015177,1.2012223630270231
3015178,0.028840461696782137
3015179,1.018832213761146
3015180,1034.1990532011512
3015181,0.014988669713651499
3015182,84.96254283224674
3015183,2.845530412083925
3015184,616.5313576464986
3015185,222.32809029069546
3015186,198.20092146040506
3015187,27.860199172575435
3015188,28.677758114167766
3015189,2090.827233422801
3015190,3.459506389143845
3015191,0.3044207744813397
3015192,9.458109788375053
3015193,5.005238961054142
3015194,0.054732932983852615
3015195,132.80406627860876
3015196,1.7784265491456817
3015197,0.008144080660027754
3015198,1.0554291699200422
3015199,8.810246926205146
3015200,0.4232050735159399
3015201,213.44098310491802
3015202,133.11982675386886
3015203,0.44553696983078456
3015204,2.751014900499875
3015205,101.03788171443067
3015206,22.74409443468072
3015207,212.04508119476716
3015208,3.383490315286125
3015209,0.6356436845820289
3015210,5.631241179174928
3015211,0.16061872440584604
3015212,3.0012379492647887
3015213,3661.26177257401
3015214,0.01862352050768505
3015215,557.2770504663697
3015216,11.412417993869717
3015217,1388.621583661425
3015218,489.6276113875071
3015219,392.31711568447247
3015220,137.07036810437833
3015221,63.37503574859545
3015222,5372.777384060723
3015223,26.640909832108576
3015224,0.48325236386614645
3015225,18.241243846083236
3015226,17.15545113664843
3015227,0.11794496998280792
3015228,378.4973135383568
3015229,10.210733940348108
3015230,1.5821795157173952
3015231,8.073940789192493
3015232,32.43751015057431
3015233,2.1368536569082432
3015234,840.7508390611116
3015235,271.21065459575874
3015236,2.1000848694345184
3015237,11.245575960623633
3015238,311.8794337367661
3015239,89.99496332401087
3015240,1102.041076402276
3015241,18.38919482543961
3015242,7.168761778386161
3015243,4.169955882750582
3015244,0.03074615018032691
3015245,0.2570567237950087
3015246,1363.0209288094607
3015247,0.01827634402430125
3015248,151.111635520174
3015249,7.511907481878537
3015250,803.7981130394096
3015251,358.52215150413383
3015252,180.6705570578565
3015253,60.448555939939986
3015254,39.9675424144507
3015255,2583.4288851921833
3015256,8.529486555912362
3015257,0.5399846855694013
3015258,11.854636011792572
3015259,15.885035853525658
3015260,0.14739404140455514
3015261,164.69110126761237
3015262,4.534328528825943
3015263,0.026035133749791484
3015264,10.483388826316693
3015265,31.504627834093426
3015266,1.2737329588275736
3015267,219.39596659196027
3015268,153.49261570762062
3015269,1.1042239280676822
3015270,4.519008289445465
3015271,153.3759954023073
3015272,29.41171559050287
3015273,336.76874612921983
3015274,4.124162124389349
3015275,2.7101801435330235
3015276,3.3819281517759547
3015277,0.013412131382316443
3015278,2.118998089983781
3015279,1305.0483864264675
3015280,0.0
3015281,101.72982851681101
3015282,5.2443262955161165
3015283,696.9448396748284
3015284,199.65634642380084
3015285,116.46687873679495
3015286,32.93636542010063
3015287,24.04321300155555
3015288,2242.7539302587234
3015289,8.816398842042204
3015290,0.10413114632068737
3015291,8.714578675057354
3015292,9.034804725251398
3015293,0.011376967118295719
3015294,115.66993895060119
3015295,1.2825442032933518
3015296,0.0
3015297,1.7400649698248671
3015298,22.24074964885732
3015299,0.5623896747199949
3015300,178.4844023932186
3015301,147.00185627749437
3015302,0.4233627124254523
3015303,3.6869753207651166
3015304,85.271084630333
3015305,19.71890700751926
3015306,140.88783792866525
3015307,7.384551141507755
3015308,1.40854686540213
3015309,2.8299920030956858
3015310,0.005203862394016912
3015311,2.5774415420260834
3015312,1370.9252396991205
3015313,0.0027362428132601587
3015314,147.78870600881157
3015315,6.550399667559446
3015316,1128.6451881225823
3015317,318.59795738209084
3015318,202.13464501300396
3015319,28.377201065042282
3015320,34.216298564015986
3015321,2620.913143877194
3015322,5.427835623523903
3015323,0.27352956716894816
3015324,10.253465417413768
3015325,15.958863827008717
3015326,0.10148487852071238
3015327,187.6680586342937
3015328,0.6750679635195407
3015329,0.0
3015330,2.6551590920190695
3015331,14.863485379048456
3015332,1.4495332812522879
3015333,346.6372295007148
3015334,196.68037620603613
3015335,0.8011265089567084
3015336,3.728879038642767
3015337,73.11310396190095
3015338,85.87530518120677
3015339,358.2370533320136
3015340,0.8565413416035234
3015341,3.269595128104156
3015342,2.440640966967607
3015343,0.6660299790996577
3015344,2.4477981319604085
3015345,1615.9690093939519
3015346,0.025325296034231493
3015347,155.7643810619993
3015348,2.3109713536980028
3015349,856.5658604237575
3015350,305.85805035983003
3015351,249.18273119736315
3015352,75.32486897406575
3015353,64.96624421073867
3015354,2427.948966277971
3015355,6.6983209182488075
3015356,0.6640312594874325
3015357,10.566473117920255
3015358,16.363588417646174
3015359,0.16932548292666535
3015360,198.08139550169676
3015361,6.889413283776117
3015362,0.02560559449529007
3015363,3.8781294446940913
3015364,20.106186414822318
3015365,1.5951981196167513
3015366,166.8509073773232
3015367,173.21529035946577
3015368,0.6413347188329596
3015369,5.09868886441246
3015370,113.44748833108609
3015371,45.6967662698502
3015372,550.2384486548577
3015373,2.028515639584502
3015374,3.7749642246200357
3015375,3.1670463691503086
3015376,0.10458028229624552
3015377,0.770970658506269
3015378,1075.211968943074
3015379,0.0
3015380,115.46787864163439
3015381,4.128982468309924
3015382,664.2076782906546
3015383,181.54650775285208
3015384,117.69285714271341
3015385,105.72797797374265
3015386,23.59631081732573
3015387,1573.6262928851854
3015388,3.9947239489040736
3015389,0.3025560359122182
3015390,11.48490800261047
3015391,8.631141941447925
3015392,0.09010477547304314
3015393,129.6837689598849
3015394,0.0033461448413701126
3015395,0.0
3015396,1.457822889614104
3015397,27.346635736232837
3015398,0.768066587748522
3015399,55.44802558038809
3015400,99.84910790827959
3015401,0.4275877302654697
3015402,2.0790692984406913
3015403,54.35868002658917
3015404,27.700999583818138
3015405,373.7707322597933
3015406,0.01885766965509496
3015407,0.5528271875103778
3015408,6.250104586048404
3015409,0.35826967692755385
3015410,2.5861561885208673
3015411,2491.4069443669596
3015412,0.01713377263594965
3015413,245.15576196116464
3015414,6.074976899034596
3015415,792.3997205303207
3015416,510.761509879878
3015417,364.13468581017275
3015418,135.8273704879475
3015419,76.58008580528404
3015420,3269.881843578118
3015421,12.275863632210074
3015422,0.7572637285357819
3015423,15.535167290810366
3015424,18.45149239489986
3015425,0.105992669370289
3015426,215.54286789267465
3015427,0.3720751251968933
3015428,0.01861505972163489
3015429,8.636048721218033
3015430,25.846821515854447
3015431,2.011507830908993
3015432,271.85486479026406
3015433,194.89774022177193
3015434,1.4764827317907743
3015435,6.1785931998144745
3015436,255.15413920742265
3015437,48.92365438060477
3015438,1029.505891880729
3015439,9.543289716885182
3015440,9.537393451851264
3015441,2.503898610831521
3015442,0.05150587795301853
3015443,2.8814872967412435
3015444,1790.743745047564
3015445,0.0
3015446,492.42622959561504
3015447,6.401475506636636
3015448,481.04377140562417
3015449,467.4787426541612
3015450,161.53879928097132
3015451,121.30385585769683
3015452,39.68781723736162
3015453,2346.0238638006495
3015454,9.818317804156703
3015455,0.5178494174078482
3015456,15.289537512831297
3015457,11.69392371074663
3015458,0.008484549759873483
3015459,147.53040272444943
3015460,6.9914127545872065
3015461,3.5965450463155477
3015462,4.850309032812743
3015463,44.23547775588082
3015464,1.3160777813967184
3015465,219.72439079170073
3015466,123.64007783278103
3015467,2.842365947618575
3015468,4.806681839505834
3015469,132.34004794299253
3015470,46.052529846750055
3015471,1164.5305205319887
3015472,20.96870833890646
3015473,7.416665352088311
3015474,4.627751948481962
3015475,0.28199784019702373
3015476,3.308489514078307
3015477,1933.808233365828
3015478,0.02058016465852264
3015479,122.9981101818501
3015480,5.058224754073969
3015481,732.1094434953019
3015482,264.54997396147155
3015483,208.31223892008902
3015484,47.12222900888424
3015485,36.96912044653526
3015486,2590.2777541480364
3015487,13.16185394896513
3015488,0.8781924407581401
3015489,11.626496999585713
3015490,8.647115156231726
3015491,0.07167314275711346
3015492,139.53481408949793
3015493,4.416290558192179
3015494,0.036679534556907596
3015495,4.07371910348857
3015496,24.779539576773107
3015497,1.6929615845553236
3015498,136.46123193458286
3015499,148.23266270259634
3015500,0.8433966294903927
3015501,3.762755303963992
3015502,159.2966762136835
3015503,21.956878839677554
3015504,377.7657803342485
3015505,1.5742726076007094
3015506,2.9952481784895912
3015507,4.512100562406911
3015508,0.022397893973623312
3015509,4.079409266253422
3015510,2383.6785400815747
3015511,0.024452965004588628
3015512,519.0791101593474
3015513,9.830415833492832
3015514,730.9282131247105
3015515,663.4359626510485
3015516,171.38275607099084
3015517,123.62274160318142
3015518,85.22934498139462
3015519,3206.2780300244244
3015520,28.783861552546192
3015521,0.9695380948839989
3015522,14.099353114737516
3015523,21.471282902892987
3015524,0.144427821544729
3015525,215.17931181210946
3015526,16.93758730725086
3015527,10.864576586060966
3015528,6.543028749390798
3015529,62.85375748339821
3015530,6.545475058290884
3015531,327.1641941481335
3015532,192.3307474960465
3015533,6.736018473668547
3015534,6.961188052972152
3015535,346.56169507816156
3015536,91.3740153003817
3015537,1750.1490583977532
3015538,0.031025334071546746
3015539,23.756262976828456
3015540,4.293076907374654
3015541,0.07101444699638745
3015542,4.356899663108234
3015543,2782.99313394391
3015544,0.005803277109228388
3015545,366.5441616963682
3015546,5.5869508942994
3015547,1108.2888151063835
3015548,536.6126224708411
3015549,468.4767387355423
3015550,63.9438677933952
3015551,53.87877725995802
3015552,4196.3048236699415
3015553,10.430355627471704
3015554,2.17819261022951
3015555,17.89494845593191
3015556,8.607581926530038
3015557,0.0
3015558,251.16213948751997
3015559,2.5910521323995535
3015560,4.42772253023656
3015561,3.9007467731622767
3015562,35.290848132138095
3015563,0.8219090265381582
3015564,617.4281070736607
3015565,248.77063029005828
3015566,2.8162685392335427
3015567,3.353304595631349
3015568,218.95830555697447
3015569,53.17134087507063
3015570,676.9666710756582
3015571,30.659908403254434
3015572,7.888834349979727
3015573,7.862023883510014
3015574,0.23194504027622884
3015575,2.4964095825969648
3015576,2093.5214914732596
3015577,0.02437503341293044
3015578,315.15485192953105
3015579,4.278877750463731
3015580,1322.8418823045638
3015581,392.28666476762874
3015582,218.84580792718918
3015583,161.65151698237815
3015584,62.23590350605054
3015585,3001.246384312013
3015586,13.231739290734323
3015587,0.45874724868280947
3015588,25.341343748426233
3015589,24.678469420250575
3015590,0.1890955720281243
3015591,241.4277861225709
3015592,2.1344039133005173
3015593,2.499806653122988
3015594,7.303245141172202
3015595,60.31798531417904
3015596,1.1351569783407012
3015597,115.45090439456102
3015598,188.7212548610415
3015599,1.699843991275995
3015600,3.243483160172589
3015601,127.36726060826372
3015602,111.33796862533589
3015603,878.4821811530421
3015604,0.21107579502343937
3015605,3.9377797668602366
3015606,3.6516244104786413
3015607,0.13242048149118418
3015608,1.0823895640697492
3015609,1480.1523359897812
3015610,0.014323472515154872
3015611,119.86371931687796
3015612,6.473089753388308
3015613,581.321072078197
3015614,266.2127031840243
3015615,126.39447269965206
3015616,47.00991492224742
3015617,46.53337498522518
3015618,2270.3151081961687
3015619,6.236823738689089
3015620,0.48139074672722504
3015621,15.79695533920351
3015622,15.951285417434763
3015623,0.012589406173322012
3015624,134.6474233270097
3015625,0.24158465308761293
3015626,0.010678915062386735
3015627,3.034542982749845
3015628,46.60628262766881
3015629,1.8658805815179071
3015630,125.67068393336388
3015631,127.09234965715227
3015632,0.7664527119546422
3015633,4.318962774229416
3015634,109.73295655569397
3015635,25.517846901204734
3015636,389.8118873594462
3015637,5.152461557994083
3015638,1.7405523912693803
3015639,1.5076312786406054
3015640,0.0622930543562441
3015641,0.7507623997246426
3015642,1358.6009924727891
3015643,0.06024861076180625
3015644,250.0949515435335
3015645,11.897093553503415
3015646,457.87417186705125
3015647,423.25743743243817
3015648,107.92997699522256
3015649,42.01592718638037
3015650,62.31209279609164
3015651,1874.5437879799517
3015652,20.949734823491422
3015653,0.4497328532556352
3015654,10.215352797778973
3015655,12.328043115048054
3015656,0.22213178165302186
3015657,115.21988381318707
3015658,8.959725674237317
3015659,1.4956914606403475
3015660,5.1586537894659426
3015661,46.82463966198267
3015662,3.8115658140019826
3015663,617.8373754980954
3015664,128.12996573421353
3015665,2.8229217028083755
3015666,4.538462151301097
3015667,258.40446651319365
3015668,32.45868469247114
3015669,979.5814947240515
3015670,0.10114176212120814
3015671,7.391808821734466
3015672,2.669872664904871
3015673,0.08675070939066508
3015674,3.9023652753907183
3015675,3082.8957510635746
3015676,0.0452662419052881
3015677,608.6569449791873
3015678,16.039490585061728
3015679,971.0892812651995
3015680,1060.647605353474
3015681,225.4126367905303
3015682,175.68814780566714
3015683,153.87758080079092
3015684,3500.6225554120037
3015685,36.21781263283365
3015686,0.8037237738642466
3015687,19.719020816733003
3015688,34.06064612559435
3015689,0.04318151371729604
3015690,213.68347259781058
3015691,10.762216707698972
3015692,35.68787166131454
3015693,8.428912625318134
3015694,80.40371421610347
3015695,12.893042862092091
3015696,334.05247332313525
3015697,226.96021000723772
3015698,14.125119153757671
3015699,8.242563563237693
3015700,430.6289770196389
3015701,101.1817372485932
3015702,2950.2919024354965
3015703,0.06328363994395583
3015704,19.765679393674997
3015705,1.5906190946696257
3015706,0.03239682412875541
3015707,2.4153143850158325
3015708,1184.8625837870911
3015709,0.0
3015710,203.8259809177909
3015711,3.654444004830805
3015712,268.50469815371224
3015713,325.6249781835728
3015714,89.54015910590891
3015715,64.49031366252025
3015716,43.28263145332182
3015717,1143.3060143305754
3015718,12.055198548181997
3015719,0.4032442222464089
3015720,7.8214905814794635
3015721,12.599822845447596
3015722,0.0
3015723,63.21588002219424
3015724,0.0
3015725,14.918168995930131
3015726,1.8875213799784525
3015727,97.92469635068487
3015728,2.977009923027101
3015729,115.07591580264967
3015730,70.68463950646853
3015731,2.9755411617047227
3015732,3.8934465450669067
3015733,94.92069431901443
3015734,22.174064825807456
3015735,772.02835639754
3015736,0.28059395020484384
3015737,1.5532531633828977
3015738,2.9792500755733724
3015739,0.01723924437646828
3015740,1.2008760168506896
3015741,655.288351805754
3015742,0.008768240401227426
3015743,170.2780777998505
3015744,4.26216134784657
3015745,291.53751223627233
3015746,165.1368103210582
3015747,55.1958989869182
3015748,24.17039820109853
3015749,27.009281074311666
3015750,1079.2529486549067
3015751,6.406598405911235
3015752,0.42549665896899636
3015753,7.1614574117212255
3015754,5.344714974698714
3015755,0.18385210193821389
3015756,55.96020306719792
3015757,0.1986988320060654
3015758,4.308555724580703
3015759,0.6625211216036889
3015760,19.13476155812113
3015761,0.24103366544162524
3015762,189.50748767615084
3015763,85.87294143063043
3015764,1.4422546175416482
3015765,1.0212142882220592
3015766,92.25548552420292
3015767,16.96845728525055
3015768,342.68635033362915
3015769,0.3557430268860646
3015770,1.4493370373324241
3015771,4.816251802610321
3015772,0.08268966573307539
3015773,2.1432577488542996
3015774,2214.2898464317445
3015775,0.06246323678655971
3015776,484.9430627705483
3015777,13.357308412316852
3015778,623.2331708783936
3015779,707.8052088229617
3015780,201.5388519253558
3015781,163.872727334558
3015782,86.93920283449874
3015783,2848.622705455637
3015784,19.898399126206755
3015785,1.4112378086490858
3015786,16.486587746412834
3015787,20.75967811143739
3015788,0.21758055629717823
3015789,179.0909676593933
3015790,3.7747027808532816
3015791,24.093459155913738
3015792,5.845379328690937
3015793,88.20600929902932
3015794,3.220406079994712
3015795,198.22968976890743
3015796,150.7840362212382
3015797,7.8212455608695
3015798,6.205172916096023
3015799,255.3986301276781
3015800,60.950228953027924
3015801,1825.1494861889537
3015802,0.7614822227146999
3015803,10.853533261906511
3015804,4.963398331525458
3015805,0.033625324465089534
3015806,1.5875478215803207
3015807,2510.738998956999
3015808,0.009908590992041553
3015809,460.69973743261136
3015810,10.519700404814014
3015811,870.5993687221675
3015812,606.5172079005032
3015813,269.40561907411586
3015814,179.4775516466
3015815,47.82540017447259
3015816,3292.125457640637
3015817,10.88186460986089
3015818,0.6484961073249852
3015819,26.214992954776175
3015820,13.514186700710969
3015821,0.4157532539507352
3015822,215.92599640444394
3015823,0.0
3015824,3.8507854053928416
3015825,3.6754506824506263
3015826,36.74775263183043
3015827,0.8394306573734726
3015828,276.4097029080485
3015829,207.92533186013472
3015830,3.352882771968031
3015831,3.2203941550851645
3015832,157.37615768019216
3015833,63.811941726399084
3015834,1191.3589140898034
3015835,1.44359236549217
3015836,2.2210938317263413
3015837,4.666994866588626
3015838,0.2793708171754364
3015839,1.4884944045517317
3015840,2612.6246882866203
3015841,0.012665620240417421
3015842,483.02488551220654
3015843,10.783813746572383
3015844,775.4285455475568
3015845,506.2512135203906
3015846,202.80233818518747
3015847,150.44121907632203
3015848,49.21653198269597
3015849,3129.074724136269
3015850,12.948254557944217
3015851,0.7605418797733785
3015852,19.834590338349816
3015853,15.015997729138162
3015854,0.04336207831746713
3015855,193.74939830307824
3015856,0.0
3015857,4.248325508561327
3015858,3.868696831311465
3015859,57.91551843180488
3015860,1.1792365122511053
3015861,146.4082334946083
3015862,168.74639338710358
3015863,3.633479898767915
3015864,3.342762077472826
3015865,158.6708021863229
3015866,49.12714832980813
3015867,860.7048807924969
3015868,1.0032247981246014
3015869,3.840341720786276
3015870,8.781479340668929
3015871,0.7742987933914333
3015872,11.378810671910907
3015873,6948.1237488647275
3015874,0.07007700832983607
3015875,991.8244467061146
3015876,44.080140291721776
3015877,1594.1576463478157
3015878,1625.0333771774522
3015879,287.9973991846911
3015880,352.1872991397844
3015881,256.76128969299793
3015882,6328.062852205836
3015883,71.38996784170007
3015884,2.417359583758889
3015885,45.69987320505879
3015886,50.348188969472126
3015887,0.359747809453596
3015888,379.9720218379086
3015889,32.44155765063734
3015890,44.57594792339217
3015891,26.542437390490036
3015892,195.69805550359902
3015893,22.237861550623496
3015894,589.0608756709391
3015895,386.31464666879134
3015896,15.475829643450142
3015897,20.62462301627106
3015898,847.125764255772
3015899,227.6900708063866
3015900,5956.059315843854
3015901,0.4918464184259872
3015902,61.69663813661916
3015903,2.1470063736425615
3015904,0.16676440091400488
3015905,0.6392105412217648
3015906,1408.7453995239744
3015907,0.01665281918056561
3015908,156.00990515155166
3015909,3.42792208689192
3015910,771.9718065482466
3015911,227.18162299199193
3015912,102.56430137218881
3015913,126.10206109680179
3015914,37.89147328089462
3015915,2269.898662778328
3015916,4.449936767050628
3015917,0.2332716013659145
3015918,12.882755106720161
3015919,6.406537497516849
3015920,0.09049498914142112
3015921,182.211360402488
3015922,0.426955103128007
3015923,0.007501091696432068
3015924,2.318590719551289
3015925,33.32618340600351
3015926,0.4579235952732296
3015927,142.87487464241943
3015928,85.1218349788675
3015929,1.54143782030841
3015930,3.5935506641583026
3015931,105.76732239256208
3015932,19.84411270271776
3015933,520.1732845059827
3015934,0.15157677359928476
3015935,3.231155995207111
3015936,5.703250727867103
3015937,0.15620253862235045
3015938,1.5480074601592588
3015939,2335.7495852527327
3015940,0.015469941142451106
3015941,440.25455225464106
3015942,9.00942252840806
3015943,1215.9338718701192
3015944,481.9010826193741
3015945,180.61239479688237
3015946,212.58351373468693
3015947,70.53251999310191
3015948,3648.4928147737432
3015949,11.067645049245582
3015950,0.30651374852326574
3015951,17.921097902258634
3015952,15.008589229179782
3015953,0.08268151993021222
3015954,228.4531989720225
3015955,0.6221445567222325
3015956,3.6706849858445767
3015957,7.129857154025004
3015958,15.811800514309166
3015959,1.1594801460373507
3015960,586.0563355398498
3015961,211.07311648669503
3015962,3.001404861129438
3015963,5.5886797952392735
3015964,127.3593363525452
3015965,53.735438732120855
3015966,957.3558447948765
3015967,1.0415225435294095
3015968,3.845158110805591
3015969,1.0094093130572241
3015970,0.0046345813184074285
3015971,0.354796937541234
3015972,978.0583533048418
3015973,0.005668278096701177
3015974,110.42935478740162
3015975,2.6557773623134633
3015976,447.3176016482226
3015977,127.40481447328325
3015978,72.69594007180415
3015979,146.94085291009196
3015980,16.07254665993369
3015981,1458.603022399635
3015982,1.6001825000775767
3015983,0.20393002869967575
3015984,7.229217316114617
3015985,2.344956811650942
3015986,0.04643635932712022
3015987,73.70570229397728
3015988,0.008128510400423996
3015989,0.003499064542673147
3015990,0.361709596419915
3015991,21.973126235865102
3015992,0.19033136528770384
3015993,115.96931552372475
3015994,61.03417042711627
3015995,0.4675681201960345
3015996,0.8878156028346317
3015997,42.76090096658314
3015998,8.216250303747598
3015999,148.9415613014
3016000,0.0
3016001,0.8638137825687142
3016002,6.175399260298492
3016003,0.01603948033318622
3016004,1.130637515702013
3016005,1831.9433459595612
3016006,0.002095576228779492
3016007,189.09052392147368
3016008,6.696018979685627
3016009,896.3966846383512
3016010,317.85427373064607
3016011,147.59482498904262
3016012,115.6776170372341
3016013,46.12791250083672
3016014,2522.8096808291725
3016015,2.380106507233546
3016016,0.39886730093732564
3016017,19.8976928233346
3016018,12.979169098076135
3016019,0.11429047647164814
3016020,169.76899816682752
3016021,0.016756458860445238
3016022,0.006040274903523355
3016023,9.866345632572413
3016024,25.5022864446463
3016025,1.0849330098554841
3016026,346.11820360156014
3016027,164.73129140689267
3016028,1.3895600795772036
3016029,3.346048695949288
3016030,178.12331592229697
3016031,23.498085479943068
3016032,980.7064736164053
3016033,0.011591257042916513
3016034,0.6452206066573235
3016035,2.5029679320743097
3016036,0.19009162732302576
3016037,1.218225994260368
3016038,2151.690205000636
3016039,0.019095765854224296
3016040,537.2552390364569
3016041,6.593649053367382
3016042,750.7238009806706
3016043,499.30903653438287
3016044,187.08295403251284
3016045,75.9331077788354
3016046,64.50029326524687
3016047,3215.6715636082226
3016048,6.61667476387638
3016049,2.5827124169939655
3016050,21.992718243095126
3016051,35.896320975802986
3016052,0.1730445367457217
3016053,177.28306817722554
3016054,1.3099858908551403
3016055,4.991004500191224
3016056,2.9343706107060794
3016057,29.022240350914615
3016058,1.8564156968091707
3016059,226.4670643200071
3016060,209.60338499635168
3016061,3.2863933481430534
3016062,5.175322344783799
3016063,124.38926530920637
3016064,24.52984334555658
3016065,564.9256111575307
3016066,2.7752875525529834
3016067,2.375384918481393
3016068,3.0497737438250816
3016069,0.028334515151069457
3016070,0.20629136258492078
3016071,1145.0418077605063
3016072,0.010657512457184467
3016073,75.80665546609615
3016074,2.1737606693059686
3016075,378.24007118436856
3016076,145.43339930596156
3016077,72.17301832038817
3016078,94.24927907777871
3016079,29.964421395174263
3016080,1479.6721856920499
3016081,4.069485546345734
3016082,0.2218231542426794
3016083,6.239413248510245
3016084,4.675457249077521
3016085,0.06382154651060962
3016086,81.02833647347843
3016087,0.00993409306640977
3016088,0.005551159322964266
3016089,0.5812845189574692
3016090,19.84707603446767
3016091,0.3493019128772275
3016092,312.58261619623
3016093,66.03665375234186
3016094,0.6041704639293302
3016095,0.6778995368330619
3016096,54.289404599467375
3016097,12.379811924678048
3016098,314.3458465365901
3016099,0.0788795572862229
3016100,0.2930280012728389
3016101,3.349357212961639
3016102,0.05328181582108017
3016103,0.6839163388705557
3016104,2902.324199375095
3016105,0.02408700805725839
3016106,380.5120741040366
3016107,7.753425588503254
3016108,703.1835217472435
3016109,461.47068706215543
3016110,163.87671941777472
3016111,124.49876822290159
3016112,61.95482498834449
3016113,3119.0465753398494
3016114,6.14866341536577
3016115,0.36899356255369287
3016116,14.123239628826182
3016117,10.815427583450282
3016118,0.11898142071587538
3016119,176.42738449353135
3016120,0.027709282391503855
3016121,22.182092608901296
3016122,2.8651971766586457
3016123,31.811966558537502
3016124,0.9229839950968587
3016125,401.057285120681
3016126,165.4831218988435
3016127,1.8391404456184972
3016128,3.361473695315884
3016129,111.39983218509481
3016130,38.22083473814754
3016131,1000.0613854728773
3016132,0.2763173702678858
3016133,0.43623458109039764
3016134,2.781487430767465
3016135,0.02091151230482338
3016136,5.759986708364735
3016137,2392.2517058826675
3016138,0.029544749534195898
3016139,487.66028117751097
3016140,8.551040020788022
3016141,798.062399355471
3016142,730.8954874176147
3016143,148.31844312014584
3016144,106.78023730242009
3016145,107.62259045528312
3016146,3229.270333092567
3016147,50.99508408372943
3016148,1.2618133410296835
3016149,18.573014182738024
3016150,23.27566110731932
3016151,0.1273764683435325
3016152,208.0208072965249
3016153,17.741661454333787
3016154,21.387396870986386
3016155,2.2037163494296728
3016156,98.71490324739422
3016157,8.923769596040783
3016158,207.6489397193691
3016159,211.8488442346329
3016160,10.80067724607528
3016161,12.063602812325025
3016162,227.3857393540566
3016163,68.773985164616
3016164,2111.5029085889487
3016165,0.09077153721876895
3016166,10.090035859821052
3016167,4.464007189692539
3016168,0.024215671109225418
3016169,3.631792466633103
3016170,1933.9889801893057
3016171,0.02982056222648719
3016172,352.2596900220588
3016173,11.188841131913547
3016174,763.3770764939568
3016175,565.2271426047021
3016176,116.59234690015687
3016177,62.40064531873309
3016178,87.29875256502432
3016179,2900.822300982141
3016180,23.284233086907957
3016181,1.0108524332133293
3016182,28.465322135713432
3016183,38.398112694610504
3016184,0.030558786235076147
3016185,233.40690585325797
3016186,14.152322950190412
3016187,14.984430269466074
3016188,7.530900800487136
3016189,83.20197629326266
3016190,9.076931866388328
3016191,140.72662730506175
3016192,249.31535577045716
3016193,5.316181590939741
3016194,7.895246634780853
3016195,100.43353786927737
3016196,65.98159007294436
3016197,1585.634468631807
3016198,0.22118591793492248
3016199,13.105155830988917
3016200,5.807074609235705
3016201,0.1579559728446334
3016202,3.424638337285671
3016203,2912.8241563871375
3016204,0.018679621753345536
3016205,573.735289456102
3016206,6.691165651900543
3016207,1335.4983872157668
3016208,532.4979269677607
3016209,170.0833360946442
3016210,232.00998133830578
3016211,56.528224057184765
3016212,4385.517516917931
3016213,28.841468563402117
3016214,1.1676682213637732
3016215,19.725618999195127
3016216,18.154825942789362
3016217,0.10977129343576689
3016218,276.97999441911406
3016219,3.335713802133228
3016220,10.912902886260525
3016221,7.97919072661867
3016222,49.767421091794056
3016223,2.777553341501433
3016224,234.73077460465927
3016225,257.72635358525065
3016226,5.498907458524741
3016227,7.611096818275544
3016228,211.30287862727374
3016229,49.399540986024846
3016230,1280.9540923977538
3016231,3.2514506836592076
3016232,11.424125795682562
3016233,2.5976498549909683
3016234,0.26700043408971214
3016235,2.8410149950777472
3016236,1905.6648006757634
3016237,0.07377229162946852
3016238,305.57575541056525
3016239,6.6709507993297255
3016240,615.990913328634
3016241,572.7505267816439
3016242,161.5707628506394
3016243,100.20126219423457
3016244,67.63212537797557
3016245,2655.278047292763
3016246,19.47794482104731
3016247,0.9526115570987086
3016248,13.561747210604395
3016249,8.458891898098011
3016250,0.09055644486798656
3016251,193.45716112229937
3016252,13.106749665700496
3016253,15.462626186411553
3016254,2.1136010709431727
3016255,49.41118995888819
3016256,5.562451566570854
3016257,271.1099881523349
3016258,177.0500140782693
3016259,5.0644279975403945
3016260,6.969685648899987
3016261,254.07865402667966
3016262,37.227321120990894
3016263,1596.1247353157798
3016264,0.07939027691893713
3016265,19.686218670189376
3016266,3.290655708647366
3016267,0.09073327452950976
3016268,1.6122086739870636
3016269,3529.189039744943
3016270,0.016668195440171903
3016271,332.8758732609579
3016272,6.374232251715912
3016273,1391.5427337629933
3016274,471.0091522721368
3016275,212.61140926788252
3016276,123.48760813824615
3016277,50.7756434568305
3016278,4243.305565566296
3016279,10.09415360171628
3016280,1.1287315513947687
3016281,26.306627285418333
3016282,17.50655154927795
3016283,0.14355330175932154
3016284,305.7143985899108
3016285,0.017899989878623596
3016286,0.12132538991204293
3016287,6.982894931413312
3016288,32.32382245316262
3016289,1.484981971879438
3016290,154.4242130881907
3016291,248.63444210983968
3016292,3.198703846891962
3016293,8.683623774483317
3016294,150.0918456313805
3016295,47.22477795569306
3016296,878.697182080775
3016297,0.032704835645763
3016298,4.19343357284275
3016299,5.296530716144164
3016300,0.04007693565907772
3016301,4.146890107463016
3016302,1836.4246127813678
3016303,0.015640535864273653
3016304,381.5346042468299
3016305,11.346016042735597
3016306,982.1804257991009
3016307,512.6573036552413
3016308,166.96275183454458
3016309,88.86833292110708
3016310,116.59388200468162
3016311,2909.408644949474
3016312,26.130583403906154
3016313,0.862195074004992
3016314,18.230531793574006
3016315,25.009697732576345
3016316,0.07949045797960513
3016317,181.8711471166564
3016318,11.459261549100587
3016319,14.043234680500282
3016320,6.088397747843635
3016321,71.57331212050262
3016322,8.529290626112102
3016323,167.58168592904093
3016324,242.3042562112624
3016325,9.692796950053308
3016326,6.4540216053907455
3016327,146.76554587705888
3016328,47.49626814263907
3016329,1598.8962132641811
3016330,0.2963398061635706
3016331,5.177663303342413
3016332,2.699823660612943
3016333,0.02569142258739695
3016334,4.550190220786569
3016335,2094.695056506858
3016336,0.031032576941118273
3016337,385.3323591781751
3016338,9.685382454772892
3016339,621.7564392063132
3016340,663.6232993031288
3016341,142.09344008850243
3016342,103.05419248276638
3016343,92.73276650794547
3016344,2616.351779609493
3016345,25.693623969044168
3016346,0.6347650145948006
3016347,14.07229009243834
3016348,15.297377498958665
3016349,0.06712107573028235
3016350,169.34127162169543
3016351,12.376054524135942
3016352,29.068587143194595
3016353,5.810163734607767
3016354,68.5406325276428
3016355,7.9554378091049776
3016356,210.1509996442245
3016357,167.50420143924399
3016358,7.140103395778638
3016359,7.278148096820903
3016360,189.15322924611377
3016361,46.80122919695052
3016362,1906.57133195796
3016363,0.11980873683286086
3016364,13.618633180097376
3016365,3.2463786731077042
3016366,0.09959002951255513
3016367,2.7704690839904607
3016368,3815.316542452742
3016369,0.003230825114201277
3016370,446.9226071356394
3016371,11.202137147102501
3016372,996.4599282528865
3016373,508.3745836962595
3016374,213.47913461891426
3016375,148.05394640581218
3016376,46.76258514717087
3016377,3664.4108664867267
3016378,5.909057982281518
3016379,0.1947638688584079
3016380,13.30500285312964
3016381,14.530422644188487
3016382,0.025855993341673125
3016383,193.01441788802126
3016384,0.0
3016385,5.992085008443099
3016386,0.9296620645901466
3016387,52.68193375819043
3016388,1.661289289453533
3016389,243.5600713960224
3016390,219.79764382345533
3016391,2.262220087049153
3016392,1.5829115457759109
3016393,187.42965113157047
3016394,113.45662797395633
3016395,1007.7620024308948
3016396,0.7712073355195896
3016397,0.23573859533978955
3016398,12.764682750853138
3016399,0.019620089894373673
3016400,12.567085374358868
3016401,7845.222345219034
3016402,0.055247611726569314
3016403,1351.1120370605704
3016404,27.05495352299551
3016405,2035.7266375894333
3016406,1852.7462216320307
3016407,397.6541612007077
3016408,400.6807054258276
3016409,375.34167457350725
3016410,7882.146046462383
3016411,82.10204389646252
3016412,3.7145468426711306
3016413,92.4739175262405
3016414,100.07142026081452
3016415,0.27466197372740525
3016416,527.3109293436005
3016417,27.98622017814339
3016418,21.271656270196246
3016419,53.89945808533469
3016420,351.0990568290692
3016421,21.972279092957876
3016422,708.4815737363554
3016423,428.82698942528464
3016424,29.79333773091717
3016425,30.171799287933915
3016426,872.2399668578164
3016427,289.7689942729627
3016428,6923.846839785546
3016429,223.09049636810482
3016430,70.95075309074528
3016431,10.409361887318735
3016432,0.0231286710810695
3016433,10.735628677068528
3016434,7196.234867484148
3016435,0.0717996164168622
3016436,914.901758195475
3016437,26.846029369042235
3016438,1949.794186429239
3016439,1597.5581038304092
3016440,476.9638002279826
3016441,247.40396760094032
3016442,222.48037150403843
3016443,8027.719300181668
3016444,109.99843809332003
3016445,1.2468761690405812
3016446,55.029907950722254
3016447,66.99438642368293
3016448,0.5566918118433745
3016449,474.1147703216614
3016450,22.48537066710881
3016451,33.28822546871347
3016452,11.865166753020617
3016453,194.6340813211593
3016454,16.26682911439895
3016455,783.6076280388392
3016456,477.0189571390587
3016457,17.541076201754088
3016458,22.30529112364502
3016459,847.6872836095475
3016460,198.02113466789166
3016461,4580.85983595759
3016462,275.7114790950686
3016463,56.44742731926902
3016464,8.871184658047625
3016465,0.016188411741546265
3016466,12.763354134518524
3016467,4157.219238142314
3016468,0.12568729026814326
3016469,716.9742591941998
3016470,13.420111389630074
3016471,1673.742979573479
3016472,1127.6503676168763
3016473,581.2612143319601
3016474,92.4822846538238
3016475,172.93736115588763
3016476,6769.93385626722
3016477,36.70863725914433
3016478,1.4656988463374354
3016479,28.34363161755483
3016480,23.851719661832323
3016481,0.3354641698497019
3016482,449.66847833702406
3016483,21.746907542092508
3016484,17.359773145580665
3016485,10.003851767296728
3016486,93.4252407827609
3016487,7.684008619393496
3016488,769.4029982358695
3016489,473.73963267456406
3016490,16.4918611975454
3016491,29.223247674448526
3016492,540.2114851165111
3016493,108.72179664597355
3016494,1884.7947521184756
3016495,128.76448494137992
3016496,34.34394445306762
3016497,11.645551295539747
3016498,0.018063632519648896
3016499,14.965685664159134
3016500,6678.614570454692
3016501,0.0611342187559389
3016502,917.1918897774199
3016503,23.47031685632488
3016504,1803.573007054495
3016505,1610.2845347464681
3016506,472.69310251202114
3016507,243.84249061087223
3016508,195.44646278977663
3016509,7859.69081290904
3016510,50.73748822645358
3016511,1.3242189223792422
3016512,46.27316170068739
3016513,70.72677273497786
3016514,0.42829305769986803
3016515,490.0983102137069
3016516,32.60446038890722
3016517,27.96282256467698
3016518,46.978643211131
3016519,174.0503027687285
3016520,12.030683816331178
3016521,694.4529944540816
3016522,500.47357806166247
3016523,19.533544264072667
3016524,22.697867653145327
3016525,827.2247492451379
3016526,184.45198430773297
3016527,4171.334972172812
3016528,271.9282313007994
3016529,54.44275408852888
3016530,8.612062426627542
3016531,0.007091093668310185
3016532,14.957423904253124
3016533,3435.032631900821
3016534,0.022126445740562786
3016535,634.9087527870713
3016536,13.106635931353031
3016537,1509.5315570391535
3016538,874.7549723252637
3016539,426.9509589002377
3016540,73.84918534789975
3016541,131.57645388027143
3016542,5774.657645798259
3016543,35.121864058316284
3016544,0.4412878115531584
3016545,19.1018815488176
3016546,32.618049011843965
3016547,0.22404182590806876
3016548,411.3518501071354
3016549,18.420512966080437
3016550,8.104020129786782
3016551,7.954992720741373
3016552,95.98663580846093
3016553,3.610081746278878
3016554,635.9561049685337
3016555,480.10765906107844
3016556,12.019394497344685
3016557,15.930480016285838
3016558,563.0584492600535
3016559,68.83078136607931
3016560,1379.094162384544
3016561,181.59519222613167
3016562,15.690392571273813
3016563,10.757845807966934
3016564,0.02854416702395316
3016565,10.177760715771036
3016566,5408.020000343448
3016567,0.04440102458788292
3016568,921.060782236961
3016569,25.530776643186996
3016570,1510.5871851945367
3016571,1632.6691214541795
3016572,342.7405784917382
3016573,339.6386348264925
3016574,262.5330558309225
3016575,6069.472645166466
3016576,62.278277204348555
3016577,1.3175871381571582
3016578,51.679096752671676
3016579,53.507132627080864
3016580,0.4544102518022246
3016581,371.8739422146012
3016582,12.579167903501967
3016583,23.238424747437303
3016584,13.049863946319409
3016585,239.19074954894043
3016586,14.635680601225985
3016587,617.1453049836877
3016588,372.96529119906313
3016589,15.694128023103811
3016590,26.524623855641167
3016591,732.514551282993
3016592,173.65198624813655
3016593,5500.563575460433
3016594,160.56936503534442
3016595,64.53425354360503
3016596,4.376287788231997
3016597,0.23503596726040013
3016598,4.0565740739549
3016599,1399.5346111212239
3016600,0.01686516967434966
3016601,275.59863830791164
3016602,20.23132311930454
3016603,755.2998701961279
3016604,417.00631602961414
3016605,190.79861107004476
3016606,57.68486213414
3016607,74.95442167206325
3016608,2285.3687008364213
3016609,28.525092608901957
3016610,0.6730587179057185
3016611,21.645765593246008
3016612,19.74337112794379
3016613,0.06122712008187356
3016614,179.24778522854936
3016615,9.514219821290308
3016616,7.386224101130448
3016617,8.382548696553838
3016618,57.90453887997774
3016619,5.560359331192886
3016620,203.33903065619555
3016621,187.1973401770271
3016622,2.570045528643643
3016623,6.106640473772036
3016624,171.00379432166423
3016625,52.86305291374872
3016626,1200.6928526196552
3016627,0.45959810510053806
3016628,9.582548093322682
3016629,7.678009708146606
3016630,0.07862113180798425
3016631,11.403773981196348
3016632,3517.5586615495345
3016633,0.10009794983468528
3016634,497.008811988499
3016635,30.343733695786664
3016636,1412.9722410372724
3016637,921.5834796450747
3016638,365.455977484961
3016639,79.20226554536062
3016640,157.31289457015978
3016641,5544.255916065432
3016642,84.36553716284209
3016643,0.9152890410699484
3016644,49.34427500006897
3016645,35.81177450330087
3016646,0.20497824028663267
3016647,350.20005773499474
3016648,11.848623489834727
3016649,6.103607558026046
3016650,3.052588710464659
3016651,136.51714714444742
3016652,7.6236921817254055
3016653,437.14282740584605
3016654,397.72245782566824
3016655,10.848301835987659
3016656,16.317836685045254
3016657,310.3202252984997
3016658,78.1635066460634
3016659,1762.6999158830502
3016660,256.45756843404666
3016661,16.079988152000837
3016662,5.641525749940504
3016663,0.010836984493559175
3016664,3.590401725598161
3016665,3373.617571199938
3016666,0.04493393331380721
3016667,693.042862997438
3016668,8.140877033385745
3016669,1077.0174501502636
3016670,1166.293911730765
3016671,202.92000013001396
3016672,246.43842524745787
3016673,182.3301822632229
3016674,3671.46711561751
3016675,32.2827223255055
3016676,1.09735531703044
3016677,21.92349985177861
3016678,27.910239432404694
3016679,0.44293805703655564
3016680,254.82741189333538
3016681,1.8150906215094749
3016682,36.62796652214596
3016683,3.7362216441631864
3016684,109.7860760179769
3016685,8.376356369470718
3016686,436.5535934826198
3016687,191.09233550955128
3016688,16.411587900520637
3016689,9.998368796321683
3016690,480.6407355113465
3016691,98.23952065198495
3016692,4047.917318976576
3016693,2.3823623723724143
3016694,37.26109541822533
3016695,9.224957844508795
3016696,0.017067039690303144
3016697,5.418336156656942
3016698,3538.7474945638114
3016699,0.017897098682431355
3016700,618.8257187647575
3016701,9.660140716254318
3016702,1234.6621241207822
3016703,881.4954929762921
3016704,274.3917940186848
3016705,167.56259660685484
3016706,258.4769726470802
3016707,4595.1607762773265
3016708,41.43147625005338
3016709,2.274368107350068
3016710,39.82174345973701
3016711,38.3192786442716
3016712,0.25311017306703976
3016713,287.52928224976836
3016714,5.930395038852832
3016715,58.52166156218995
3016716,5.820128031808915
3016717,227.31358240911663
3016718,7.433434255475478
3016719,389.98458590323503
3016720,257.4082285910104
3016721,13.375700246834937
3016722,21.29698351087432
3016723,381.04518585727186
3016724,99.55883920936404
3016725,3478.9003485578323
3016726,2.754653730573117
3016727,6.514179359187171
3016728,6.590669857195
3016729,0.04147648286956442
3016730,3.22085336970438
3016731,1496.6546036219895
3016732,0.0032962211290575327
3016733,363.62542057497444
3016734,6.037443570588916
3016735,656.977787548247
3016736,344.1649843264978
3016737,167.82090691374006
3016738,60.48656203060423
3016739,78.8123937848901
3016740,2202.895134937437
3016741,12.83659637125318
3016742,0.8778903717256631
3016743,20.819765634951363
3016744,18.523563021609355
3016745,0.032272117583137375
3016746,152.49743780965915
3016747,2.4961580559596506
3016748,8.453924552424647
3016749,4.285363675677759
3016750,54.60453865299348
3016751,2.630748293781994
3016752,194.18248043602318
3016753,172.34814521664265
3016754,3.4334824448736763
3016755,4.521110435645248
3016756,135.46609645033942
3016757,47.88474701521408
3016758,1351.4499505055908
3016759,0.22752796170468062
3016760,2.1685934693333055
3016761,4.47352051778509
3016762,0.007104565766367667
3016763,0.6271596901563068
3016764,2760.9013456647817
3016765,0.0
3016766,175.76555107062651
3016767,3.1235423203400203
3016768,820.5972484007691
3016769,180.07639638517384
3016770,181.61230954364737
3016771,46.06878875978498
3016772,24.638655752662352
3016773,2513.3052228614783
3016774,5.48856564872798
3016775,0.43480358922837026
3016776,13.818164697563738
3016777,9.483660264946792
3016778,0.0
3016779,155.23308423944644
3016780,0.012376109644962148
3016781,0.01034986317399716
3016782,2.2259191917530416
3016783,15.28149039172924
3016784,0.5828735421849853
3016785,55.155563546008835
3016786,131.57978914673927
3016787,0.08878788241611897
3016788,1.663891131174457
3016789,53.62243264672858
3016790,64.92495764245278
3016791,474.9450361718823
3016792,0.022843784296002975
3016793,1.4433007536669007
3016794,3.909282660609649
3016795,0.05104151613135622
3016796,5.5740311612154185
3016797,2676.4486563958453
3016798,0.011100094471457291
3016799,433.27207140710254
3016800,12.255649058656086
3016801,928.5597759421391
3016802,714.9127883469823
3016803,246.70915419804854
3016804,116.17195861143887
3016805,104.95469782812323
3016806,3849.186476013692
3016807,28.45058271759248
3016808,0.6946391304281825
3016809,24.024239122722683
3016810,56.8810545410542
3016811,0.02448537328719169
3016812,239.72065287005051
3016813,17.203790808369902
3016814,14.033524706253429
3016815,16.666059725291596
3016816,54.4553210518181
3016817,5.639091138651562
3016818,357.43159175684434
3016819,242.8841397430399
3016820,7.113384457499516
3016821,11.115270602954103
3016822,381.5951076298023
3016823,77.05339287826024
3016824,1813.5994947844335
3016825,0.03254909067463183
3016826,25.81308586912474
3016827,4.528112856845362
3016828,0.05897920458147931
3016829,5.009900324518132
3016830,3405.9293679796015
3016831,0.24330693532689593
3016832,593.9923636949836
3016833,17.419013715529175
3016834,881.4559419452714
3016835,1068.6742842707995
3016836,163.12686907658983
3016837,225.12305408989852
3016838,190.1806101209262
3016839,3368.3840270893106
3016840,37.58212226122277
3016841,2.3717985581328325
3016842,30.366381000074654
3016843,26.453443370074385
3016844,0.5155678526983508
3016845,218.08336697155383
3016846,10.828430958720721
3016847,38.12279501467892
3016848,9.220029543342001
3016849,154.2412273556716
3016850,11.13237395026463
3016851,390.3754241374118
3016852,210.5234564452695
3016853,7.195081034829992
3016854,11.67253335520247
3016855,519.5356621869447
3016856,120.07685388504837
3016857,4143.524549867976
3016858,0.25209966175574366
3016859,35.70625151710949
3016860,3.622277529602971
3016861,0.2947809104642997
3016862,8.67685105461603
3016863,3558.0368670850553
3016864,0.05114138014858196
3016865,709.1409720684165
3016866,20.20497350077169
3016867,936.8966984930137
3016868,1099.2412984639598
3016869,216.37487444935007
3016870,224.3863184103182
3016871,125.66834588381708
3016872,3872.422839254962
3016873,34.15864990482256
3016874,2.709397502532104
3016875,35.97554582752849
3016876,39.99905032058482
3016877,0.11659352810943076
3016878,278.3853460515302
3016879,23.808461313087925
3016880,27.01282174635036
3016881,22.95960114002243
3016882,141.3068322692192
3016883,17.829579058665402
3016884,356.65814138812243
3016885,235.7828566056787
3016886,14.707726097426804
3016887,16.12748076244446
3016888,417.1938343537714
3016889,128.0323263595974
3016890,3269.5746702913493
3016891,1.390046248766572
3016892,29.420162274301145
3016893,8.345455803370953
3016894,0.18465149504992487
3016895,6.011081629531059
3016896,2772.934241099905
3016897,0.0
3016898,402.14011973702713
3016899,10.722429815952484
3016900,1303.4030450234225
3016901,635.0670058077799
3016902,413.69186275475676
3016903,139.79042304106193
3016904,69.44117436278768
3016905,4980.456534750228
3016906,9.125520486230354
3016907,0.8066499430153157
3016908,33.15548290921177
3016909,31.06461921020723
3016910,0.0
3016911,312.25378859932204
3016912,8.8006370355711
3016913,3.9387323976240567
3016914,4.558777258365661
3016915,32.76866610749614
3016916,2.323742690656079
3016917,486.862383584395
3016918,309.49739274861207
3016919,5.2172304267314935
3016920,5.7258058280277035
3016921,289.6154520096594
3016922,81.5052621835742
3016923,1132.962427852165
3016924,75.31712139436159
3016925,10.312504017287138
3016926,4.771531208872076
3016927,0.03735402973353469
3016928,2.6486514657027684
3016929,2580.383465481855
3016930,0.07447111514173112
3016931,378.51248042447753
3016932,22.47599444206333
3016933,722.8992464122385
3016934,720.6923647524337
3016935,175.1278595919087
3016936,153.4465211660862
3016937,135.80385728805382
3016938,2774.302193994462
3016939,25.137665634610965
3016940,1.5813481015589463
3016941,21.355991986539816
3016942,27.522142036681498
3016943,0.07715216737010737
3016944,177.76290371302494
3016945,12.812846262830401
3016946,20.592122819668216
3016947,7.535786197944578
3016948,140.00103279116775
3016949,6.465599764435947
3016950,616.9813844120283
3016951,144.14343734377903
3016952,4.770456360643447
3016953,7.8483617977606395
3016954,498.878132226808
3016955,75.10403482333852
3016956,2411.291761859665
3016957,0.08133812888994216
3016958,34.466967914435685
3016959,1.2740162647310478
3016960,0.022509078922072538
3016961,1.0029658867734366
3016962,1277.2289203150483
3016963,0.010434405622989551
3016964,77.14437788975818
3016965,3.1895736011140943
3016966,645.4557047607726
3016967,233.3409852744667
3016968,302.6757926407018
3016969,33.707209027544145
3016970,29.616170323889612
3016971,2121.5299194835193
3016972,3.9095125929937766
3016973,0.3000507038781232
3016974,7.7050842407754825
3016975,5.068914077049669
3016976,0.05478214565002877
3016977,129.70905409647008
3016978,1.933022697837904
3016979,0.01584366440950459
3016980,1.085402452128453
3016981,16.658413697158085
3016982,0.38721443345104145
3016983,128.11832793718918
3016984,133.64882454543357
3016985,0.4824263023982948
3016986,2.6119398440252364
3016987,135.81230198264066
3016988,20.78855145414576
3016989,210.81443651909117
3016990,9.232032183843689
3016991,0.6138250677068123
3016992,5.538888721432053
3016993,0.1506840042028851
3016994,4.075939703737241
3016995,4632.985555267326
3016996,0.012565617480038371
3016997,616.6149775839579
3016998,13.693957997092383
3016999,1541.2910361081483
3017000,545.4125477612155
3017001,559.3338016386921
3017002,223.06548786870025
3017003,83.58372556980707
3017004,6305.320428248981
3017005,25.730288543512415
3017006,0.47292974727338855
3017007,20.685651521946227
3017008,16.6038505543349
3017009,0.10456289338817754
3017010,374.31637364711685
3017011,7.792315751967463
3017012,2.197830718880944
3017013,7.751437355870473
3017014,61.974236393095104
3017015,2.250992103324714
3017016,517.3044470815113
3017017,290.7320349994317
3017018,1.775471366017923
3017019,12.091348669302272
3017020,458.79681724862644
3017021,90.11966457755372
3017022,1323.4168423669119
3017023,16.280767046929054
3017024,6.13929232978784
3017025,3.9512961681377243
3017026,0.03145957559815612
3017027,0.30136828179534203
3017028,1497.8645121703717
3017029,0.016891813725567983
3017030,165.92631935633761
3017031,10.0419439945878
3017032,806.56294744536
3017033,318.1606626734972
3017034,229.96175133751203
3017035,51.452641882026505
3017036,40.89085456203547
3017037,2596.602187925172
3017038,9.300739412837295
3017039,0.5706912030482675
3017040,12.71771742112444
3017041,13.69479288627154
3017042,0.1352717429460465
3017043,144.0384119587556
3017044,4.663712537656897
3017045,0.031202694294008664
3017046,11.17797200835577
3017047,55.80885223216985
3017048,1.3295261118289914
3017049,117.04399791058412
3017050,137.921967377019
3017051,1.083844092712941
3017052,4.482912051510847
3017053,170.91766519467993
3017054,30.085510540388192
3017055,296.9527349355443
3017056,4.1253911866737285
3017057,2.4075944418931776
3017058,3.88956701563808
3017059,0.01310419322652702
3017060,3.5840077557288565
3017061,1524.3949202686442
3017062,0.0
3017063,99.19161621970524
3017064,5.457618537244485
3017065,786.3085391716551
3017066,217.99358726781242
3017067,158.11115624408518
3017068,33.22402629759273
3017069,27.435927179378684
3017070,2455.945470703305
3017071,14.305842476982443
3017072,0.13479313074513222
3017073,9.556677842778273
3017074,9.513155470715201
3017075,0.003993380357298712
3017076,122.90941101626635
3017077,1.330244835082894
3017078,0.004415227411581492
3017079,2.1804401216656366
3017080,48.80790712506898
3017081,0.7464041569235215
3017082,131.4997359422229
3017083,133.35455718212094
3017084,0.42762310004092735
3017085,4.085811602986752
3017086,98.64533372746821
3017087,20.818541422625884
3017088,154.5227525940477
3017089,6.042048107056216
3017090,1.7045534689970856
3017091,2.967631065562114
3017092,0.005261140962366059
3017093,2.4510795288635987
3017094,1447.1027796734907
3017095,0.0034370368289662044
3017096,144.3914158513943
3017097,7.628383212768744
3017098,987.7808338466838
3017099,313.88814043360645
3017100,310.4996639994251
3017101,31.670168931737052
3017102,47.084801443564274
3017103,2663.8294900074666
3017104,6.386246006891327
3017105,0.2759019632302098
3017106,9.57434977557384
3017107,18.80334531336648
3017108,0.08851933180849939
3017109,164.8301226462905
3017110,0.7516716112651091
3017111,0.0018857008016527792
3017112,2.5686769639642906
3017113,24.625166613773406
3017114,1.385623561058358
3017115,189.24222827082622
3017116,224.98640403998678
3017117,0.8000659089226558
3017118,3.7500215331238036
3017119,69.99690470487923
3017120,82.2989659039999
3017121,342.74472400212267
3017122,4.143678605991086
3017123,3.4570846056331264
3017124,2.436626130706028
3017125,0.5099104117188596
3017126,2.1812291634106056
3017127,1590.1660374320215
3017128,0.019452383646481036
3017129,147.80030161472646
3017130,2.7882723602979524
3017131,855.3132675349221
3017132,287.61053362232406
3017133,292.7123119358106
3017134,75.02676982186148
3017135,63.57924741406154
3017136,2266.5807654042433
3017137,7.234151957491655
3017138,0.6824392674887315
3017139,13.324101544352734
3017140,15.574127301377876
3017141,0.10869583730686473
3017142,204.2925064755871
3017143,5.974501790193058
3017144,0.029135740423401807
3017145,3.146494737380618
3017146,28.181503565138566
3017147,1.6195184767497601
3017148,116.49971837845003
3017149,153.26443493268508
3017150,0.6037199614463327
3017151,4.011597853214986
3017152,119.713740926494
3017153,46.031853338898166
3017154,544.1108844934203
3017155,2.0299143196387086
3017156,3.296904555963487
3017157,3.102299826239062
3017158,0.09001140797092518
3017159,0.5613082275598438
3017160,1310.4627237583156
3017161,0.0
3017162,106.17725698945297
3017163,5.4054846540314845
3017164,720.2402593119725
3017165,182.71277517010623
3017166,148.42822509406716
3017167,78.41499428941754
3017168,30.217671998502155
3017169,1618.7235498121768
3017170,4.485191809028141
3017171,0.2975779457506266
3017172,8.938109012351482
3017173,8.998750488833977
3017174,0.09709226496707299
3017175,128.16018191041408
3017176,0.006009148805429583
3017177,0.0
3017178,1.5451115550653944
3017179,41.796472556342955
3017180,0.7701657259560294
3017181,39.68366057433874
3017182,95.1955376083376
3017183,0.5139711862025104
3017184,2.0668938545825797
3017185,54.59677262492222
3017186,26.21594543148628
3017187,390.7995290826955
3017188,0.022314696633211277
3017189,0.49535592647529725
3017190,7.29268056142495
3017191,0.3107946070590762
3017192,2.617757400249207
3017193,2465.001108076517
3017194,0.01513363903765777
3017195,251.13432820452073
3017196,6.436115978247182
3017197,869.3278795578339
3017198,491.90852080110244
3017199,542.4166424913898
3017200,147.81076105296222
3017201,83.76061145624669
3017202,3430.0630348524724
3017203,13.86701340854361
3017204,0.790530693135172
3017205,17.81770553517601
3017206,19.334754500417073
3017207,0.07169909437374056
3017208,222.8517268656104
3017209,0.34504179067509677
3017210,0.03983158568552084
3017211,7.842580287162438
3017212,55.46193912987463
3017213,2.469457384811745
3017214,196.39221646248427
3017215,191.9795606596808
3017216,1.6282605770069867
3017217,6.197981944895622
3017218,303.21016083932295
3017219,50.19606643611197
3017220,991.4063257025485
3017221,9.644908437476982
3017222,11.280425266891069
3017223,2.5297208044451103
3017224,0.05216785877627636
3017225,2.644159137165376
3017226,1659.5455826974362
3017227,0.0
3017228,418.0886784425437
3017229,7.568003916241706
3017230,433.8781160561442
3017231,436.3478329642127
3017232,200.12415531476435
3017233,111.63186704337959
3017234,49.54648576728428
3017235,2130.4754831300547
3017236,10.253640651328631
3017237,0.6182793360152244
3017238,15.031781067300104
3017239,8.82821386009326
3017240,0.008059696864103787
3017241,134.5003245490453
3017242,6.16739214820657
3017243,4.066293123098546
3017244,4.206577012532389
3017245,60.6123493077801
3017246,1.3219637671945754
3017247,70.0012232898936
3017248,126.83799295363985
3017249,2.72030606271032
3017250,4.807570728601553
3017251,196.55553791388877
3017252,45.44618131976284
3017253,1020.1009944323857
3017254,25.315051233495087
3017255,6.926786119863398
3017256,5.334427262792685
3017257,0.2956984971452658
3017258,3.132478666533372
3017259,2440.35258230621
3017260,0.026531648677144786
3017261,133.95357081505117
3017262,5.820585314988385
3017263,824.7460015094168
3017264,277.4527274560129
3017265,263.4393302686584
3017266,45.33363133485406
3017267,41.720558530142874
3017268,3003.17741267445
3017269,19.85508766003557
3017270,0.87508765857147
3017271,13.52993335112574
3017272,9.295663048918462
3017273,0.07602296969084615
3017274,165.0793337288906
3017275,4.8384831486441895
3017276,0.04191026358560163
3017277,4.248713525099351
3017278,45.07202268865996
3017279,1.9411228225076718
3017280,118.43130633141833
3017281,172.63366573325038
3017282,0.8995610349764619
3017283,3.899364133015388
3017284,119.78257807050761
3017285,21.81261478937526
3017286,363.8351827697118
3017287,7.013881969367908
3017288,2.925546134011385
3017289,5.250435545657148
3017290,0.025280913030078057
3017291,6.548691219661583
3017292,2933.438835987363
3017293,0.03324367924999614
3017294,622.6445343895114
3017295,14.693527600714242
3017296,885.9339566840505
3017297,817.5992314630472
3017298,248.0969659410194
3017299,173.14272555796325
3017300,126.80711967811969
3017301,3777.4157531598776
3017302,33.45152569201223
3017303,1.0156025279860075
3017304,20.827086084031208
3017305,25.06366153396092
3017306,0.143713497474242
3017307,241.04901476411024
3017308,19.100516466110765
3017309,15.547229659343884
3017310,7.406071443459778
3017311,112.8142878139021
3017312,8.372589609155067
3017313,1196.6598985113785
3017314,223.51104530918997
3017315,7.861725600237816
3017316,8.391919841266704
3017317,646.5032995585467
3017318,94.8292389583345
3017319,2079.2486212171375
3017320,0.0412897079486978
3017321,38.130599595492555
3017322,4.879088578795633
3017323,0.05270839502185133
3017324,4.3976816699796215
3017325,2905.9491314794113
3017326,0.0037990090755971764
3017327,353.15637629703735
3017328,7.252086600026516
3017329,1111.0550109205676
3017330,480.89225592681873
3017331,856.102580449756
3017332,71.01942406624693
3017333,65.9070678000225
3017334,4363.632998247078
3017335,12.455868549754811
3017336,0.8897429394558269
3017337,17.915514261574184
3017338,9.425362200283573
3017339,0.0
3017340,253.54498548750496
3017341,2.0418892212649604
3017342,5.5017715835638725
3017343,2.62747612283453
3017344,59.09644583499115
3017345,0.825636971885642
3017346,227.51526879026605
3017347,241.72101649629968
3017348,3.055670901094218
3017349,3.378638261122637
3017350,480.111045495669
3017351,56.23673720690095
3017352,671.6945636429615
3017353,33.68502817492078
3017354,8.08119639080696
3017355,8.341070400627803
3017356,0.24530990851150872
3017357,3.727559092280107
3017358,2385.6866716642394
3017359,0.03643022962361402
3017360,308.6823065207592
3017361,5.071387187674908
3017362,1292.4127060623957
3017363,402.5580492794435
3017364,269.97450604415724
3017365,111.48111495191782
3017366,80.30405203307375
3017367,3083.5480953427764
3017368,13.23244851164496
3017369,0.44206684852836003
3017370,30.340740922420974
3017371,24.31189319779242
3017372,0.20450373045804246
3017373,223.26014100412326
3017374,2.1189738326295435
3017375,2.6343017985937145
3017376,8.06775379169623
3017377,104.05434379528667
3017378,1.2265792288674051
3017379,92.11826416219736
3017380,189.53760822657736
3017381,1.8166146599380404
3017382,3.377557417720162
3017383,154.47349458203675
3017384,134.81920126003692
3017385,928.2167602571576
3017386,0.1574002208177408
3017387,3.7903649346939448
3017388,3.707433794217926
3017389,0.13209245862462646
3017390,1.3028751925403732
3017391,1597.024162110455
3017392,0.016505994411134525
3017393,170.91404415897986
3017394,7.23821881971767
3017395,615.4886286292619
3017396,281.23255173950406
3017397,141.25844084193903
3017398,46.76515357504953
3017399,50.760161533719895
3017400,2371.704077401064
3017401,7.003476029285951
3017402,0.48433751464112806
3017403,19.88968702972132
3017404,13.17848522478708
3017405,0.009793353389585502
3017406,149.11328571103311
3017407,0.20394578363675603
3017408,0.01972697335433582
3017409,2.9960417064796943
3017410,86.83330889827018
3017411,2.0810195108558407
3017412,106.66520506761776
3017413,132.15279544129072
3017414,0.8101358343174322
3017415,4.578013774125037
3017416,191.61257309601007
3017417,32.089275835777315
3017418,505.2251354574399
3017419,10.865725316413528
3017420,1.587706882362527
3017421,1.3902585804882208
3017422,0.003966030788738882
3017423,1.6576781302214783
3017424,1392.6538848679127
3017425,0.15816401615511586
3017426,260.90998251182657
3017427,12.285458411589445
3017428,526.081818868203
3017429,454.8190484877255
3017430,134.27783201244753
3017431,51.76698228012437
3017432,76.79204461587614
3017433,1976.1623725610805
3017434,25.822693144360024
3017435,0.37881252929067594
3017436,9.813607501673133
3017437,14.075903540359915
3017438,0.1430513864277059
3017439,107.01585661025433
3017440,8.563018562134811
3017441,1.840310134163861
3017442,4.009680649585722
3017443,65.61450972296308
3017444,4.0615814628023275
3017445,573.1010476359364
3017446,122.46206150826755
3017447,3.162535397111032
3017448,4.452246441205206
3017449,398.456728885026
3017450,33.79536572058964
3017451,1123.718555318978
3017452,0.0077576092378857766
3017453,11.46120546108192
3017454,2.9151001567839536
3017455,0.10146565920759296
3017456,5.801252696967785
3017457,3746.6598605456793
3017458,0.07181264351656592
3017459,790.6710146747985
3017460,20.769582938731563
3017461,1172.4053469915175
3017462,1271.0979163575203
3017463,313.398218311484
3017464,268.0965488633474
3017465,204.732559980359
3017466,4530.442668847088
3017467,30.072052922934503
3017468,0.8737976162155966
3017469,19.107545655459052
3017470,37.60644760393799
3017471,0.068403488182752
3017472,249.655322623453
3017473,11.194863057769222
3017474,44.71196339895926
3017475,9.310514547613117
3017476,134.43900707363505
3017477,13.189433344141344
3017478,743.6051000493151
3017479,252.9731962338025
3017480,13.965961517524349
3017481,8.356900974379759
3017482,812.3034282431853
3017483,131.9937123749319
3017484,3621.0724108217573
3017485,0.08142093721214318
3017486,37.424446449335946
3017487,2.2647931237575514
3017488,0.04975327746769506
3017489,2.836484086692958
3017490,1859.3529820196854
3017491,0.0
3017492,355.0805681409649
3017493,6.531877839406446
3017494,387.51597966210056
3017495,461.1116220230922
3017496,150.1161404291279
3017497,117.77627440487673
3017498,90.05428791338839
3017499,1632.8760869880937
3017500,17.77743457788146
3017501,0.6923291802873103
3017502,14.365511333370556
3017503,15.395915667799192
3017504,0.03025918475803891
3017505,92.84889887229994
3017506,0.0
3017507,29.82939003150326
3017508,2.649678123984479
3017509,210.95326699247846
3017510,5.838350952598685
3017511,338.0455018179501
3017512,90.98782262414065
3017513,4.271608224563033
3017514,6.396601446663167
3017515,259.4518585790619
3017516,33.92832167875656
3017517,1204.024782712839
3017518,0.31928193372780145
3017519,4.064234650708019
3017520,3.2387472515232614
3017521,0.02693678221594116
3017522,0.1468956879152982
3017523,769.8305808152847
3017524,0.014678787433278405
3017525,195.25941344185347
3017526,5.267635327621129
3017527,342.07465636651085
3017528,198.07329895034005
3017529,93.10475958859048
3017530,31.5450991976961
3017531,32.17552870735575
3017532,1365.1577526501542
3017533,7.4586753892027975
3017534,0.43209987515210674
3017535,9.26521588039066
3017536,8.24937677300669
3017537,0.16727103285238154
3017538,61.435950792298726
3017539,0.19746116436558206
3017540,6.71426222476746
3017541,0.72907594121524
3017542,27.080531246874397
3017543,0.3463088199544218
3017544,399.19697390355503
3017545,106.2534335873501
3017546,1.6397995158804817
3017547,1.019582809385037
3017548,194.7295389912981
3017549,18.9085446792363
3017550,422.63286725983335
3017551,0.27264034337199333
3017552,0.9669855370536325
3017553,4.6698627104538275
3017554,0.21368276194925134
3017555,2.6367874397566964
3017556,2585.042706855312
3017557,0.06913146306116288
3017558,483.84898249104606
3017559,15.40619010012929
3017560,713.7195477026125
3017561,739.098339303354
3017562,289.2220835616941
3017563,214.91668315744195
3017564,142.5426268896032
3017565,3113.540042374429
3017566,22.265974069765896
3017567,1.505357952028115
3017568,19.22258261380257
3017569,22.681721532085252
3017570,0.15216725665167866
3017571,184.87875062226246
3017572,3.6035861147841244
3017573,34.76502387647192
3017574,7.169286933798222
3017575,204.39208063206513
3017576,3.3148418591669033
3017577,411.4811032742388
3017578,177.87082202628193
3017579,8.201951827277806
3017580,8.63795764587134
3017581,440.0124852117396
3017582,62.58922937215085
3017583,2101.204046544257
3017584,0.5606281196164736
3017585,20.548744600061426
3017586,5.0461126019389555
3017587,0.03306396580283352
3017588,1.3013766095828432
3017589,2529.09968274956
3017590,0.009342647922897145
3017591,413.95291846543864
3017592,15.271364891431688
3017593,997.3392965863383
3017594,615.3248109286412
3017595,387.39821829946874
3017596,141.24545413905818
3017597,59.55591439217628
3017598,3343.2889626520455
3017599,10.688918682034782
3017600,0.5702901864130041
3017601,24.171715697398827
3017602,15.397172981152478
3017603,0.3400523326603397
3017604,200.47026748535433
3017605,0.0
3017606,3.947474077312006
3017607,3.5151451723367635
3017608,72.18848730693118
3017609,0.8049428919735627
3017610,155.00728128089278
3017611,235.55683275570559
3017612,3.9073515512162253
3017613,2.9798832892339617
3017614,212.2674897065635
3017615,61.88290200931568
3017616,935.6132237897435
3017617,1.3591333333137765
3017618,1.9809643220039361
3017619,4.577822581458596
3017620,0.2818804730703048
3017621,2.4397123004513013
3017622,2268.765593149526
3017623,0.014919264527866011
3017624,450.9208153724294
3017625,13.510504442638846
3017626,769.1228253313241
3017627,509.03934165526846
3017628,250.9956175234136
3017629,137.1323040384339
3017630,66.57068737456372
3017631,3001.6744051507276
3017632,13.363432943908713
3017633,0.787118819624674
3017634,18.86993659406271
3017635,15.634454321011638
3017636,0.04291865715900924
3017637,182.9833404995765
3017638,0.0
3017639,5.196479375579168
3017640,3.835065615856
3017641,104.52369148440597
3017642,1.1539600470074582
3017643,91.21319816104354
3017644,159.46892855472228
3017645,3.450452842135958
3017646,2.936313372165259
3017647,218.6429217216391
3017648,51.405661813404976
3017649,747.807475115091
3017650,0.8368523036485623
3017651,3.7184536687379466
3017652,9.213600135307066
3017653,0.9384171051291316
3017654,12.67607771044421
3017655,8243.255336077194
3017656,0.10922809576913414
3017657,1196.6342677540588
3017658,50.40771382942485
3017659,1879.8909735743769
3017660,2021.404865161672
3017661,425.12079290613224
3017662,503.84363106570396
3017663,384.92854358972664
3017664,7943.812418574842
3017665,82.08107464476385
3017666,2.7078795101082025
3017667,47.15165354681512
3017668,54.466466665814394
3017669,0.4207891579936719
3017670,476.34463460617883
3017671,40.83420481161729
3017672,66.01493773479872
3017673,26.78086879507854
3017674,328.4962129570129
3017675,28.715937708112268
3017676,1322.1002812718273
3017677,461.62779931036806
3017678,17.0821583197331
3017679,24.7293748373602
3017680,1562.21379644756
3017681,249.63805324151167
3017682,7310.782845398776
3017683,0.7286934316422117
3017684,110.8987096321827
3017685,2.3023978183382945
3017686,0.17956205227874475
3017687,0.5994522414511968
3017688,1324.4128977820183
3017689,0.024866151066378912
3017690,131.5029922155823
3017691,4.29731035653068
3017692,738.3932139105349
3017693,221.12176067358953
3017694,126.480461116135
3017695,128.51521138999158
3017696,43.76151494531967
3017697,1695.2619854983752
3017698,5.202337770928256
3017699,0.2201585608935254
3017700,13.617284674018487
3017701,6.567945005700511
3017702,0.08139466520698042
3017703,119.79161961628257
3017704,0.4014122942383001
3017705,0.029760649774881017
3017706,2.4291589986003332
3017707,51.577260393010356
3017708,0.5282290029097821
3017709,49.41034978459672
3017710,80.99916605984419
3017711,1.5953529811204807
3017712,3.69856550481262
3017713,129.2412494032501
3017714,19.045157752434744
3017715,423.3655094075085
3017716,0.154666647596973
3017717,3.185819711500495
3017718,6.4786455572702515
3017719,0.15418976276619067
3017720,1.2999177023510053
3017721,2422.173527936111
3017722,0.01662591719547359
3017723,455.013137305363
3017724,10.36067539468819
3017725,1120.8941700206933
3017726,518.6171325646469
3017727,274.25047256237644
3017728,251.55359193070393
3017729,76.65986774843068
3017730,3886.199659705449
3017731,12.804144652495376
3017732,0.3330605168535724
3017733,22.191800175833098
3017734,16.271893553847985
3017735,0.053698938088050194
3017736,227.46741144294813
3017737,0.7003888991894661
3017738,4.254709410504259
3017739,7.177460934373319
3017740,18.878326754133752
3017741,1.280149251183661
3017742,293.8387944151214
3017743,207.33358167302958
3017744,2.7833816909183775
3017745,5.329612626971798
3017746,140.68453190446496
3017747,56.3272368989088
3017748,970.1019525954928
3017749,1.0387871733708933
3017750,3.4688498510513743
3017751,0.9941200195403306
3017752,0.0008596070578130478
3017753,0.30633154661796225
3017754,870.4936101950865
3017755,0.00542378484035211
3017756,96.9956045148203
3017757,3.063105324777705
3017758,415.64683056843046
3017759,123.40477440652224
3017760,105.5372363593663
3017761,134.35203119339593
3017762,19.209304958294595
3017763,1461.4600006919889
3017764,1.5388310795924907
3017765,0.20889583303639506
3017766,8.609519000972622
3017767,2.3214074674831657
3017768,0.059606533962372296
3017769,69.4570709781212
3017770,0.00915587451105497
3017771,0.01027137503010321
3017772,0.3746928677438136
3017773,38.46889135015837
3017774,0.1679369550080941
3017775,58.24342569652397
3017776,64.59808825200751
3017777,0.39969554780763933
3017778,0.7310656524512891
3017779,59.22525052460848
3017780,7.985030391412241
3017781,165.22633235573414
3017782,0.0
3017783,0.8389724352005312
3017784,6.147359532852042
3017785,0.012953347155238382
3017786,2.2387465224501253
3017787,1855.2882113913652
3017788,0.0
3017789,165.2609987383377
3017790,7.953281082108342
3017791,734.7123477861419
3017792,286.2814943052368
3017793,192.41074572103648
3017794,85.7527602169213
3017795,67.88242229383592
3017796,2432.182955147848
3017797,2.333541107703418
3017798,0.43255876856094644
3017799,22.641746233280745
3017800,12.739172467539445
3017801,0.12541095390170007
3017802,153.07178480832906
3017803,0.005455413720271196
3017804,0.0073809512971361926
3017805,10.77798455797002
3017806,37.02253108116993
3017807,1.0178673287852977
3017808,182.47092689323313
3017809,148.79615514088286
3017810,1.3035935059806738
3017811,3.114678736587944
3017812,251.0752917956546
3017813,26.472485832198814
3017814,871.5301128065863
3017815,0.009519664292295326
3017816,0.5687499637069603
3017817,2.555126605129002
3017818,0.1809169021155459
3017819,1.2161070472419315
3017820,2320.879497297724
3017821,0.021122077936055993
3017822,593.6578998565624
3017823,8.797045442762192
3017824,907.1077622524591
3017825,565.1131450263255
3017826,239.83085136439792
3017827,114.22025125259628
3017828,76.70204127510459
3017829,3568.5083973275528
3017830,7.810349801356821
3017831,2.6159003138029453
3017832,32.98952384766478
3017833,35.785627522691875
3017834,0.1353171827341518
3017835,199.01146108214093
3017836,1.573417657424035
3017837,5.8858466599118255
3017838,2.962318293453633
3017839,45.21695950636489
3017840,1.875819710578845
3017841,167.53127081228826
3017842,230.97768616211604
3017843,3.25402119610149
3017844,5.560537193190259
3017845,162.2417718371836
3017846,28.2157908112191
3017847,610.4511688774925
3017848,2.640362086265526
3017849,2.340577839186829
3017850,3.1046470835990787
3017851,0.031160704738232237
3017852,0.19277460399326374
3017853,1234.1158610129253
3017854,0.015098163542024602
3017855,87.52161269844274
3017856,2.7961412593552586
3017857,383.931338550547
3017858,131.87069823475025
3017859,92.05498823231346
3017860,107.9362309705238
3017861,43.34619571229382
3017862,1553.5096413830727
3017863,4.45401003944121
3017864,0.24762873852474795
3017865,7.893300537059464
3017866,4.7582210174408175
3017867,0.04128690533737749
3017868,87.25235745321852
3017869,0.018337309844037718
3017870,0.02166565069716754
3017871,0.6144299976356112
3017872,29.735991543231567
3017873,0.4115267237384527
3017874,144.11850380884675
3017875,67.24031508377759
3017876,0.5206297370893203
3017877,0.7495656515225055
3017878,64.91702254023
3017879,13.447245664740878
3017880,290.8696311050611
3017881,0.08132221811067741
3017882,0.2757891567282385
3017883,3.51940700257984
3017884,0.0537290950817821
3017885,0.7102246538002864
3017886,2842.492478081891
3017887,0.02587303133330533
3017888,423.5601121599447
3017889,7.953842768437629
3017890,765.445078205644
3017891,467.10478858350564
3017892,212.87862090009463
3017893,110.0977503240825
3017894,87.01713039459256
3017895,3331.511033931017
3017896,7.319505318992579
3017897,0.45900972547607877
3017898,15.23965666382153
3017899,10.639273896418533
3017900,0.11865251326061725
3017901,187.76287579800456
3017902,0.019100156064353425
3017903,28.85509598101234
3017904,2.6945088908610524
3017905,55.65325872438559
3017906,0.9004840073773286
3017907,189.6083695692371
3017908,166.51481126740563
3017909,2.130767479480817
3017910,3.5539863738820987
3017911,122.67941631508656
3017912,42.77250971058206
3017913,1008.373748962592
3017914,0.32504696851626796
3017915,0.43587758448761416
3017916,3.267075013014425
3017917,0.04005080225526184
3017918,5.9525549843907735
3017919,2989.5925835745097
3017920,0.0644848871101123
3017921,504.7575936872165
3017922,9.968674938699639
3017923,857.174792031909
3017924,863.9287593958719
3017925,175.9501834543998
3017926,133.78483878579385
3017927,144.83085989141654
3017928,3517.1022800090223
3017929,50.217894672221846
3017930,1.4772244741862164
3017931,24.5661249424048
3017932,24.894919189733574
3017933,0.14436396689856107
3017934,227.4485863070799
3017935,17.611852132682536
3017936,28.473755460564252
3017937,2.4974651261433727
3017938,147.14588476551492
3017939,9.671168231502605
3017940,350.2796629446513
3017941,225.39455152500352
3017942,10.803640512005062
3017943,13.369186911607946
3017944,310.0862858160203
3017945,74.90792638218245
3017946,2447.493545275835
3017947,0.12186679049394014
3017948,15.572655243958994
3017949,5.481988197615288
3017950,0.03234291740070846
3017951,6.276039687434201
3017952,2261.049474985028
3017953,0.03973730575458736
3017954,395.9322517851808
3017955,16.22417755370669
3017956,882.2975490105026
3017957,754.6936499103648
3017958,173.21325898383432
3017959,83.19876049745214
3017960,123.35845876700775
3017961,3493.2333196294176
3017962,24.29857381135812
3017963,1.1924964730542238
3017964,32.84083731291368
3017965,41.65960605302993
3017966,0.03936994874695593
3017967,301.6994969710261
3017968,15.5565737047617
3017969,20.352029715808623
3017970,8.771848607001289
3017971,135.7575108604916
3017972,9.862817685696758
3017973,239.94734262912633
3017974,295.64437736780224
3017975,6.564286020102041
3017976,8.590931589683978
3017977,187.24330816557426
3017978,87.92572500945728
3017979,1870.5786899249433
3017980,0.22810385697245059
3017981,19.98419376104428
3017982,7.0783965057993665
3017983,0.18415136432679316
3017984,3.2632286660401384
3017985,3015.2437582006646
3017986,0.01825290007236258
3017987,624.8170479673117
3017988,7.907574696049673
3017989,1343.4581142810812
3017990,558.2668985556725
3017991,211.34144641486427
3017992,242.74791556928773
3017993,79.69033705781173
3017994,4610.419333384343
3017995,31.877540518759268
3017996,1.1016190304490845
3017997,23.682396098371974
3017998,17.98504516661578
3017999,0.10481096339302626
3018000,276.82335145694395
3018001,3.317546516082793
3018002,18.54903940453307
3018003,6.8900570384877025
3018004,82.5949216579698
3018005,3.311717571302736
3018006,140.35670192127648
3018007,251.00611491974882
3018008,5.7508846826522575
3018009,7.610754364195817
3018010,280.5790341110402
3018011,52.50561254667162
3018012,1424.689465470235
3018013,3.972138568679959
3018014,12.982744035621408
3018015,2.963141127486219
3018016,0.2069893388521214
3018017,5.183684886741221
3018018,2530.733004816363
3018019,0.07772956088006444
3018020,347.8101129376059
3018021,8.711362477937435
3018022,799.9067310299832
3018023,682.620889406457
3018024,212.57306690377638
3018025,135.38087296856915
3018026,99.68232196632938
3018027,3337.906390653594
3018028,24.73845760021709
3018029,0.9666183310455557
3018030,16.69274604145889
3018031,12.265873077924915
3018032,0.1109868573972194
3018033,199.04885870100634
3018034,15.968459759862647
3018035,24.764062908255436
3018036,2.267646212723848
3018037,146.52397557302652
3018038,7.067952112007905
3018039,581.601893168935
3018040,194.7902901719071
3018041,5.643221445277093
3018042,8.68426776269381
3018043,467.1362950718556
3018044,46.6470430780641
3018045,1993.2739372354079
3018046,0.06878616353697356
3018047,30.347822937595115
3018048,3.2478500651510216
3018049,0.09216011573200636
3018050,1.7505413815147892
3018051,4599.636968630789
3018052,0.01570685843509878
3018053,338.3695123317513
3018054,7.449932529915932
3018055,1522.3848114641014
3018056,506.033154198443
3018057,310.99333782262426
3018058,146.3937497658888
3018059,61.566527874808926
3018060,4583.059557319819
3018061,11.33021800725878
3018062,1.153973795462569
3018063,24.979117512220036
3018064,19.256161626269954
3018065,0.12335981646681132
3018066,302.025849381709
3018067,0.0186424817922826
3018068,0.17753600263602698
3018069,6.62945842590554
3018070,48.56243814764903
3018071,1.6915406576776826
3018072,126.53987340326685
3018073,271.06380140656483
3018074,3.246811710273694
3018075,8.731085246945748
3018076,250.86650400841953
3018077,52.302121961715315
3018078,954.8354218771116
3018079,0.020864164938542172
3018080,4.124159725276103
3018081,5.397538701730815
3018082,0.0332930196398156
3018083,4.024787386555469
3018084,2090.836128914095
3018085,0.027271134011849947
3018086,418.8966229741781
3018087,14.218851747741438
3018088,888.6531013109327
3018089,606.2725462271428
3018090,219.25635203872957
3018091,114.65125673719537
3018092,172.45655879720684
3018093,3227.8214963716414
3018094,35.4571997968324
3018095,1.008370159294377
3018096,19.958020247748365
3018097,27.35335778293489
3018098,0.0195365752294716
3018099,209.81948327095
3018100,10.29393405359305
3018101,21.329515255923617
3018102,6.77531811326066
3018103,142.24766592226948
3018104,11.107148763510372
3018105,327.86032905908013
3018106,273.9482108287708
3018107,11.73384714157465
3018108,6.962594994076997
3018109,227.93439585546963
3018110,54.26091194612843
3018111,1790.7078569261985
3018112,0.3890220552618869
3018113,7.6777383004508435
3018114,2.559368745172497
3018115,0.011677126535832548
3018116,2.5649435638696074
3018117,2439.3599069085317
3018118,0.025589555733228006
3018119,423.8069276205458
3018120,10.889258480294203
3018121,638.4228817027067
3018122,727.0114908232093
3018123,191.62755073932075
3018124,128.36261962449643
3018125,133.8591480189443
3018126,2952.7678084335585
3018127,30.02447040892201
3018128,0.7550776568550673
3018129,15.129476781438731
3018130,19.737330242452693
3018131,0.05342511427866587
3018132,181.30058681209468
3018133,9.65933747253193
3018134,44.39364958089248
3018135,7.64607779133149
3018136,76.60582592196884
3018137,9.15818616731681
3018138,315.7761380068811
3018139,185.82132951134054
3018140,7.852816403737744
3018141,8.183663226825345
3018142,265.44340880507673
3018143,53.378798773007176
3018144,2194.3567228613642
3018145,0.19535803329557552
3018146,16.778103795670468
3018147,3.4078309711774617
3018148,0.09347908467245622
3018149,1.3326303044216845
3018150,4679.125243695146
3018151,0.010267777803505096
3018152,492.16020744758964
3018153,18.62016977656092
3018154,1121.726791673817
3018155,522.3816130751426
3018156,269.4382114286453
3018157,166.3802382138087
3018158,65.21509227961893
3018159,3962.545016496671
3018160,7.2199270533985285
3018161,0.21711368195621253
3018162,13.471649171738216
3018163,17.341037599927617
3018164,0.031079936821763385
3018165,213.32356418090922
3018166,0.0
3018167,6.691674509865736
3018168,1.0387706345442156
3018169,82.73789315653843
3018170,2.775934426378427
3018171,188.46970933619735
3018172,244.98909451272644
3018173,2.453151880985024
3018174,1.6190739513930053
3018175,324.41385639857134
3018176,117.33027173278504
3018177,1100.0019144301461
3018178,0.6538078484203089
3018179,0.23083225533144672
3018180,14.407036641473187
3018181,0.02199478951160168
3018182,16.475191854736234
3018183,9746.923607693874
3018184,0.060368634867008664
3018185,1721.3290567288464
3018186,37.36461757439272
3018187,2288.6154336292284
3018188,2303.4219633754433
3018189,623.4230086545116
3018190,663.2797910467086
3018191,535.1123015580175
3018192,9458.302627741032
3018193,109.51999928270385
3018194,4.110262190934155
3018195,95.97668441240545
3018196,100.10446241382544
3018197,0.1776646449597505
3018198,638.2087437212931
3018199,33.67451780223686
3018200,30.329526131851853
3018201,52.303179759774025
3018202,487.51580232448475
3018203,27.628561374537977
3018204,1558.608501893878
3018205,484.6994046212993
3018206,34.77798017234727
3018207,36.17910753319911
3018208,1740.0872648855866
3018209,284.37342169302997
3018210,8352.757662555592
3018211,267.6512333176012
3018212,124.5190388216478
3018213,13.36715665150796
3018214,0.02554617502018755
3018215,13.250657470157101
3018216,8934.071010798376
3018217,0.08156131067651197
3018218,1252.8695125905363
3018219,33.01757636016917
3018220,2438.235336578444
3018221,2082.1192372465675
3018222,780.5385710309185
3018223,380.5029936313537
3018224,399.537614593602
3018225,10339.388296812147
3018226,116.17311735698728
3018227,1.3892808691273406
3018228,67.18120699591469
3018229,75.70255520298257
3018230,0.5786029830608085
3018231,599.7635051027976
3018232,19.79588977275383
3018233,51.57077589455586
3018234,16.4711799829223
3018235,325.5409921548261
3018236,20.27010660208912
3018237,1868.9645114005739
3018238,629.3283343398039
3018239,20.08878174935434
3018240,29.75644478663853
3018241,1653.0362563136753
3018242,259.2554460971168
3018243,5845.047340158163
3018244,387.52386840563656
3018245,108.99967869970219
3018246,9.038672447434697
3018247,0.003358067249843004
3018248,12.901903079905331
3018249,5204.961787304891
3018250,0.07638017755109448
3018251,760.7377734317593
3018252,19.232749455827882
3018253,1850.1842774042113
3018254,1290.290750157719
3018255,796.6456438975567
3018256,127.78510306779157
3018257,241.86979247115545
3018258,8296.704012242795
3018259,46.443206917121785
3018260,1.508035290274321
3018261,30.14347422580133
3018262,23.477562505471376
3018263,0.3539981217495995
3018264,535.6091715405688
3018265,15.683227930652544
3018266,27.12957947077103
3018267,10.57616627037909
3018268,154.00786062598172
3018269,8.492152881112013
3018270,1697.526070587473
3018271,555.5470109997241
3018272,18.736818132173585
3018273,35.871422418629756
3018274,967.1043941672036
3018275,124.93110357286284
3018276,2241.6452954066917
3018277,129.50023276808636
3018278,53.34912904852819
3018279,12.853245212185069
3018280,0.011825026685669556
3018281,15.84305240678033
3018282,8591.933152960513
3018283,0.054689255916624546
3018284,1134.9417997569146
3018285,27.6284666421642
3018286,2057.19330053429
3018287,1907.765546107908
3018288,749.6358927333351
3018289,344.394208003959
3018290,268.9585651977625
3018291,8936.844839252126
3018292,65.9323536071489
3018293,1.418555443292445
3018294,50.83570008734206
3018295,71.07130902451976
3018296,0.48159280258584886
3018297,579.708807907692
3018298,31.058979923617592
3018299,35.08668546431217
3018300,73.03033741341862
3018301,300.8581373487597
3018302,14.747323855840277
3018303,1669.7873018397825
3018304,615.6503997122935
3018305,21.920047070687115
3018306,23.593546352809984
3018307,1389.2666333676798
3018308,215.58020902986382
3018309,4904.482331668174
3018310,318.20169902044836
3018311,87.53394706787714
3018312,9.9056353861675
3018313,0.0
3018314,14.63556327530742
3018315,4008.9299532635414
3018316,0.02130642355509747
3018317,685.0735231677926
3018318,19.161934646233576
3018319,1604.4536290531958
3018320,996.4181720124312
3018321,630.848257630468
3018322,100.61959734595145
3018323,177.124089968046
3018324,6725.186985765452
3018325,45.05458788376473
3018326,0.446704594106222
3018327,30.37692938774628
3018328,29.69233662070562
3018329,0.19494887727530336
3018330,446.70388596524606
3018331,19.48270396356133
3018332,12.499462820269578
3018333,17.750268604199572
3018334,179.5766916602622
3018335,3.8136460147570745
3018336,1368.6701645272376
3018337,605.6870392614701
3018338,13.863459181796118
3018339,22.182849735703567
3018340,1052.0005546107448
3018341,74.611578850108
3018342,1527.1150143616371
3018343,266.4276471625934
3018344,27.831860196883
3018345,10.053674628861915
3018346,0.04183306190044946
3018347,11.195314901947642
3018348,7381.075142622169
3018349,0.06611885675532549
3018350,1258.6755096979985
3018351,33.960714108414365
3018352,1788.1415845658862
3018353,2091.6998857145486
3018354,529.2798041297987
3018355,487.8847095350361
3018356,409.6825774035389
3018357,7760.364238570419
3018358,73.60957558257293
3018359,1.6380259719341868
3018360,54.6334292481041
3018361,54.49146321381754
3018362,0.6173194070882183
3018363,439.2950222922661
3018364,17.295362473917713
3018365,44.48121753849546
3018366,16.881624865377415
3018367,347.787595838782
3018368,19.580439736510655
3018369,1469.1525720412055
3018370,461.57671692444615
3018371,19.073880914806313
3018372,32.48725097780927
3018373,1460.6651561973902
3018374,238.9760302461551
3018375,7263.379831125926
3018376,140.9334747518354
3018377,113.637745545946
3018378,4.484684645750388
3018379,0.21228385392674828
3018380,3.7998405851936443
3018381,1675.1641563055146
3018382,0.021864001011122514
3018383,309.64272249840286
3018384,25.975916673255885
3018385,816.9582313794341
3018386,454.26637297027906
3018387,218.5186620524708
3018388,81.34328091172479
3018389,117.82182459796614
3018390,2703.148509229422
3018391,30.93168429030699
3018392,0.8280009495829257
3018393,28.087824326045958
3018394,20.860280356222113
3018395,0.06982574714021098
3018396,192.6373151138346
3018397,9.263482675612902
3018398,10.297742586478504
3018399,9.86389562744958
3018400,76.25323730699198
3018401,6.202485770069359
3018402,306.66223156518487
3018403,188.86604926572394
3018404,3.1026075725502507
3018405,6.311392644316132
3018406,286.3054822188689
3018407,51.88545584514341
3018408,1431.006041233498
3018409,0.35603506924232947
3018410,12.047714951767897
3018411,8.512391526307086
3018412,0.005353601232582112
3018413,13.009790581515995
3018414,3931.418795737997
3018415,0.044096424396129756
3018416,613.9339000282356
3018417,34.47900344949602
3018418,1560.797169692249
3018419,961.5079639589351
3018420,490.4864148996502
3018421,97.66884667860784
3018422,181.78107192347468
3018423,6132.312222874618
3018424,99.84271121943134
3018425,1.0282127242788976
3018426,52.45643371607978
3018427,38.81152652962542
3018428,0.024717182594969567
3018429,394.9599079414812
3018430,15.873166487083783
3018431,8.72945874456292
3018432,2.845832854481189
3018433,186.35976061661324
3018434,8.648966107539287
3018435,821.8450664689727
3018436,439.14822364122546
3018437,11.06795074472564
3018438,21.392053405135517
3018439,492.00128281604486
3018440,76.6785853382458
3018441,1852.5669803975875
3018442,291.01136247969595
3018443,20.307883118516255
3018444,6.153040999162922
3018445,0.02616047999826616
3018446,3.5262632009891397
3018447,4528.8303860354445
3018448,0.0643137546162056
3018449,872.4290047169942
3018450,11.5628943298809
3018451,1423.88044958102
3018452,1527.6809980146556
3018453,314.3636225140801
3018454,393.0018962622104
3018455,341.7723262564121
3018456,4831.647176366953
3018457,39.95106173563158
3018458,1.177729555621637
3018459,29.574782093708098
3018460,40.29507975324456
3018461,0.4429409197051729
3018462,297.5416028371234
3018463,0.9560242494148391
3018464,51.21838299432642
3018465,4.676157082073301
3018466,212.77616649112605
3018467,10.692625943627336
3018468,1175.813218181972
3018469,247.83831225858404
3018470,19.116034915678675
3018471,8.683225026058293
3018472,2304.7539864028904
3018473,120.95523852857787
3018474,5291.946493429962
3018475,2.7369447338712676
3018476,61.31381481201536
3018477,9.531318456850729
3018478,0.03498660849003717
3018479,6.012885444300199
3018480,4685.4186830532035
3018481,0.06533542049841323
3018482,910.8625585045035
3018483,11.239154421544377
3018484,1569.2770070749757
3018485,1162.565428712747
3018486,403.66381689032374
3018487,240.53547758129818
3018488,444.8460534754565
3018489,6167.658469985731
3018490,57.495738879021054
3018491,2.916183249913437
3018492,50.457223152212826
3018493,42.4994944624906
3018494,0.3162980303772748
3018495,347.42436071843986
3018496,5.864279034617705
3018497,71.31797090494865
3018498,7.496122998803261
3018499,333.73373114862744
3018500,9.724851324377653
3018501,930.5506951579514
3018502,306.20211989275714
3018503,15.593042085080445
3018504,26.41340176966223
3018505,727.2558588354702
3018506,149.72660883978892
3018507,4655.850133435716
3018508,2.952810821200131
3018509,10.682253556396148
3018510,7.652230160576486
3018511,0.06407183846327424
3018512,3.1589532462735725
3018513,2099.2676378966776
3018514,0.029657532922369136
3018515,411.86750223361867
3018516,8.424553091051003
3018517,929.4025604120164
3018518,436.3218326999679
3018519,241.0327741603487
3018520,87.77821237360111
3018521,143.6367277524321
3018522,2895.58687841218
3018523,13.217310381890888
3018524,1.0435331039334659
3018525,22.00341185048726
3018526,21.814704704445617
3018527,0.05949993864320636
3018528,189.21672524525204
3018529,3.0929364627188196
3018530,13.398608948277339
3018531,4.538100469675035
3018532,115.67357768133819
3018533,2.8618551920951023
3018534,467.24578598142153
3018535,179.46522749705943
3018536,4.546673582065226
3018537,5.443826175073641
3018538,242.90663880353344
3018539,61.65707113197556
3018540,1826.8249334301643
3018541,0.3094437516752767
3018542,4.488465964588418
3018543,4.760102826243054
3018544,0.007813998493439299
3018545,0.6784908459693659
3018546,2795.5972347457523
3018547,0.0002784747265444414
3018548,181.28436429372422
3018549,3.584425805469996
3018550,841.9987389750964
3018551,203.45979181384106
3018552,223.2807429174722
3018553,59.54151616358556
3018554,32.06248717928263
3018555,2614.638753217975
3018556,6.505603136684113
3018557,0.3916716234315943
3018558,15.03565647313003
3018559,9.251972065500606
3018560,0.010574228504970362
3018561,170.02876810185867
3018562,0.015603432440340587
3018563,0.01532815404046649
3018564,2.163681600467404
3018565,25.2457208348403
3018566,0.6905651513707661
3018567,46.39692139362533
3018568,139.7973999540571
3018569,0.09552085396520078
3018570,1.8217742524296154
3018571,60.198507251606024
3018572,61.23033377145429
3018573,529.6386065992675
3018574,0.023408292156878584
3018575,1.1708730509991585
3018576,4.321238026426574
3018577,0.043565877004270795
3018578,5.714176810357794
3018579,3113.8221386763025
3018580,0.002421596751872484
3018581,498.481620608319
3018582,16.641240642848125
3018583,1149.9004164207265
3018584,842.2409371477981
3018585,343.4520612468487
3018586,157.50488426701216
3018587,150.1771231584095
3018588,4136.032218205243
3018589,31.923187089432417
3018590,0.7149654824484223
3018591,22.53910287915661
3018592,56.65322310049408
3018593,0.017058979148006314
3018594,291.636709127474
3018595,18.8409443766134
3018596,18.56261021276679
3018597,8.986309442204803
3018598,117.85892821730394
3018599,7.107724183312548
3018600,679.4033621155502
3018601,252.79404121941545
3018602,7.922770801799286
3018603,11.21962545250314
3018604,658.0200534536172
3018605,94.67446110956494
3018606,2123.1677406047247
3018607,0.031130799234711095
3018608,45.03041314922128
3018609,4.4036043802525064
3018610,0.06252698727179105
3018611,5.645979928261014
3018612,4177.074947074855
3018613,0.16083002658624096
3018614,700.669678333694
3018615,24.370585730580913
3018616,980.4986256969523
3018617,1276.1286668949233
3018618,220.72912686288663
3018619,293.14042700270215
3018620,275.01291178423384
3018621,4024.0424002021737
3018622,39.41682930136415
3018623,2.4197568682234865
3018624,35.13515908830997
3018625,25.663025494174825
3018626,0.5479304015518316
3018627,222.80706958250826
3018628,12.537430633385803
3018629,49.52738638240665
3018630,9.884232814321066
3018631,253.6693378641752
3018632,14.74433410801609
3018633,835.2699690031661
3018634,219.14886629917547
3018635,6.52693316174836
3018636,15.262064831775
3018637,858.8896794680676
3018638,134.47799438842048
3018639,4532.379299044027
3018640,0.20164012632660352
3018641,56.182411258512715
3018642,4.125060786710257
3018643,0.286913938785043
3018644,10.09040426374855
3018645,4732.907755492086
3018646,0.07860654485471981
3018647,862.5474253267656
3018648,27.205583301340184
3018649,1203.4113229768666
3018650,1382.454737137819
3018651,328.16951885025986
3018652,332.04445747321404
3018653,187.7604825172446
3018654,4650.567216992976
3018655,43.094436293740436
3018656,2.8946291901891397
3018657,40.27221408590652
3018658,36.05312963540329
3018659,0.17361457083997617
3018660,326.44694367786707
3018661,25.03801789245707
3018662,38.030877585260484
3018663,22.478659937017436
3018664,229.95055119224253
3018665,20.71895462905309
3018666,855.829947816997
3018667,296.5425192172195
3018668,16.165798126213534
3018669,21.376127286987852
3018670,878.4846102778176
3018671,153.16480898483698
3018672,4175.187414858844
3018673,1.1267167426632851
3018674,57.807417623499184
3018675,8.516981463917011
3018676,0.21483826884803273
3018677,5.586148848041805
3018678,2688.3801893708196
3018679,0.0
3018680,403.84551119862726
3018681,14.27238791393913
3018682,1328.052035702415
3018683,615.35377826213
3018684,556.966837678907
3018685,130.1409247980133
3018686,86.02079738919983
3018687,4946.487713279573
3018688,10.514901762819603
3018689,0.786647504399895
3018690,37.07449494996277
3018691,29.066984872529957
3018692,0.0
3018693,303.99378038618937
3018694,8.286373200657497
3018695,3.9145454791330763
3018696,6.784880726880509
3018697,57.554529098529905
3018698,2.220505688950826
3018699,263.5841867387622
3018700,310.2054701442223
3018701,5.3442177758780565
3018702,5.567597084341975
3018703,448.73271111348345
3018704,89.55263656990776
3018705,1113.7499697633718
3018706,75.65484283635443
3018707,11.472322604020215
3018708,4.542885367712486
3018709,0.014991560678534984
3018710,4.233521691340332
3018711,2108.3779132277405
3018712,0.05375013859071195
3018713,303.5272759514134
3018714,12.859999359662245
3018715,552.5350947120975
3018716,631.9030425313833
3018717,119.5393263142153
3018718,132.2796863071619
3018719,125.2226666214231
3018720,2047.4346696590728
3018721,15.907035490347015
3018722,1.395860249305647
3018723,17.74299623658655
3018724,26.05863438144622
3018725,0.0030660769143039377
3018726,165.0038342615604
3018727,11.594414453767552
3018728,15.688873576819981
3018729,5.117021937331015
3018730,120.52675817084373
3018731,6.718743242108456
3018732,267.9722288679344
3018733,138.2656184846585
3018734,4.750920288519869
3018735,7.048646338209901
3018736,241.84459335534885
3018737,61.42500069790091
3018738,2058.2440916947635
3018739,0.02022559282663289
3018740,23.524966844764897
3018741,1.8950339363206152
3018742,0.025615306866088598
3018743,1.5762352296805204
3018744,1503.5796740259793
3018745,0.013893540771361202
3018746,110.48205694624042
3018747,6.71209180029479
3018748,851.2248082148285
3018749,296.12264678223016
3018750,234.31022905499694
3018751,45.17696004488551
3018752,51.40626811568464
3018753,2697.0494784917505
3018754,6.983070612475274
3018755,0.4267494590491288
3018756,12.380832265530652
3018757,7.87577731896044
3018758,0.06466868025167523
3018759,193.75574889907236
3018760,4.535721206444792
3018761,0.026875370682992103
3018762,1.669280270481976
3018763,25.941261318260082
3018764,0.5029825505955519
3018765,158.09827712855886
3018766,187.3862293703786
3018767,0.8423474389708144
3018768,4.545758098335643
3018769,129.85113311997983
3018770,28.67028235888105
3018771,225.18631688909838
3018772,13.0281255676656
3018773,1.9430411329575892
3018774,8.772517473888119
3018775,0.18559080511330034
3018776,5.373070289093428
3018777,4458.317736548688
3018778,0.012386175598735586
3018779,546.4609766084675
3018780,20.990389221628664
3018781,1787.4239001359658
3018782,602.6484720921212
3018783,413.1441357004869
3018784,176.74321264087345
3018785,106.7148605396364
3018786,6572.845321035996
3018787,34.19286320500707
3018788,0.8876934832604969
3018789,29.57453057738791
3018790,22.373170546337725
3018791,0.1514093329353472
3018792,455.6758974190708
3018793,12.53089624532704
3018794,2.86615349059493
3018795,9.882350622098317
3018796,70.93618545456425
3018797,3.361596332484337
3018798,541.3521703436677
3018799,353.66828409955593
3018800,2.683434372802343
3018801,15.942132419683928
3018802,349.33831551147586
3018803,90.61899585586458
3018804,1294.4095799273357
3018805,21.5616530192485
3018806,13.886335419895648
3018807,5.893153215835584
3018808,0.029142887372992508
3018809,0.655816890599916
3018810,1806.2887269742262
3018811,0.016133610333420836
3018812,184.446798139611
3018813,12.201860403978731
3018814,925.5451747117833
3018815,425.24853952014786
3018816,205.81470657354575
3018817,58.743762536012596
3018818,61.395680502185606
3018819,2737.255979387234
3018820,12.448303569240947
3018821,0.7086789481141481
3018822,18.79550179422079
3018823,19.96588471614858
3018824,0.15767386120311494
3018825,188.3586183866783
3018826,8.109660851141633
3018827,0.02846078908654291
3018828,11.826585248314021
3018829,64.17673825770684
3018830,1.5531607821925764
3018831,133.61516753118394
3018832,181.50007308629327
3018833,1.6407334064567392
3018834,5.871294162768237
3018835,149.77693059455993
3018836,32.699138864296714
3018837,372.29902588296545
3018838,5.320114514840636
3018839,4.551981415576722
3018840,5.448190366589284
3018841,0.01486226643430451
3018842,4.788714933485879
3018843,1848.8078957779667
3018844,0.003829340577968356
3018845,128.81172068986837
3018846,9.34943254451398
3018847,848.4035907033731
3018848,311.6423011258887
3018849,181.7614762430215
3018850,45.80208388246738
3018851,41.98967366107625
3018852,2857.9394464126153
3018853,15.276917002343877
3018854,0.24774496243814567
3018855,16.122048173320902
3018856,10.925661545893647
3018857,0.026384394124275727
3018858,175.15506907040196
3018859,2.3230880378372376
3018860,0.011800701150515654
3018861,2.80800308462324
3018862,62.39831253700827
3018863,1.0125159179909646
3018864,172.4692551310242
3018865,204.52717993649597
3018866,0.5168368542878666
3018867,4.879789436619613
3018868,125.7927648056849
3018869,25.122750530138863
3018870,187.4118025109701
3018871,9.359146444865116
3018872,4.187934383762068
3018873,4.340871567581325
3018874,0.012131601633439485
3018875,3.0979694068522736
3018876,1623.2721135372963
3018877,0.01390882242866286
3018878,171.891856685345
3018879,9.86878457792226
3018880,1230.2770481478778
3018881,408.5885667958648
3018882,258.77922338517317
3018883,39.58842043981097
3018884,69.16365232149899
3018885,3304.679159125097
3018886,8.731374314427262
3018887,0.3457743271327683
3018888,16.327227024022964
3018889,25.22852368897553
3018890,0.1192209124137248
3018891,258.09149322513275
3018892,1.1741951803822985
3018893,0.0
3018894,3.2707879937831614
3018895,31.412393645458035
3018896,1.96239973261799
3018897,328.04934651579674
3018898,304.0095419450864
3018899,1.1275342794311054
3018900,5.213106662404692
3018901,145.9004562416681
3018902,91.74529952900222
3018903,438.606580197048
3018904,12.20707348021861
3018905,6.916323184420176
3018906,3.332221784765255
3018907,0.810887142241074
3018908,2.753261338745521
3018909,1706.7984209465
3018910,0.020851281517085637
3018911,154.62293865498114
3018912,3.5511871910380575
3018913,835.2658124598613
3018914,300.0846118480116
3018915,225.78637134854677
3018916,77.81999039771398
3018917,79.06705298925566
3018918,2460.6043083622108
3018919,7.866580412148747
3018920,0.889575164874608
3018921,17.374771160168784
3018922,18.453164131334702
3018923,0.11198838336560803
3018924,207.8177777100549
3018925,7.7455689111937405
3018926,0.026016424543113585
3018927,3.7382041549328457
3018928,41.57341935540058
3018929,2.004972626113612
3018930,111.12121004283527
3018931,183.88180539336372
3018932,0.9626017796235935
3018933,5.015804919790234
3018934,88.9324204283364
3018935,39.07171353749305
3018936,562.7849613804336
3018937,6.499780508981185
3018938,4.074984631296803
3018939,5.06797957707457
3018940,0.16060833268725286
3018941,0.949719698006818
3018942,1419.1116626136995
3018943,0.000756225560574987
3018944,150.52465081504894
3018945,8.160541866015246
3018946,831.5449482608343
3018947,265.0357002753852
3018948,158.44867342791304
3018949,116.7551180512255
3018950,60.43564462976184
3018951,2093.5724239462274
3018952,7.073697213521557
3018953,0.37550683008745656
3018954,13.317434184175415
3018955,12.775257816178888
3018956,0.16746267002687626
3018957,165.84772076052573
3018958,3.8037666211484087e-05
3018959,0.009048674637401008
3018960,2.3643013326140996
3018961,71.25336085956255
3018962,1.1613169477994438
3018963,53.86654110561728
3018964,139.27661364881183
3018965,0.8394581369338562
3018966,3.283048609376724
3018967,62.22827439745481
3018968,35.05504440981487
3018969,458.1037672477272
3018970,0.02357328863082654
3018971,0.45230811332271686
3018972,9.490477626809412
3018973,0.37995320481198713
3018974,3.7292798465889687
3018975,3394.961020320442
3018976,0.015351674331633341
3018977,325.3533348526334
3018978,9.052260060863025
3018979,1234.7228012193139
3018980,707.1498552898981
3018981,496.26293180352906
3018982,163.6905771740567
3018983,188.16349896568792
3018984,4490.7446952096
3018985,20.478967303636846
3018986,1.2681807463662649
3018987,24.065855954352458
3018988,31.234411102599367
3018989,0.1076232822587821
3018990,301.7240554393248
3018991,0.5074181594184506
3018992,0.03618797902033652
3018993,13.530408773158014
3018994,79.16883740654968
3018995,3.8628276657771035
3018996,237.20185851460752
3018997,279.4126999842473
3018998,2.8635026474278313
3018999,11.44993663461187
3019000,399.78837047374145
3019001,65.07948546773318
3019002,1361.650104933236
3019003,15.240555800707973
3019004,17.104203032572393
3019005,3.599480315302757
3019006,0.13483973663780338
3019007,3.9819536254814367
3019008,2221.7628213421012
3019009,0.012811757994506241
3019010,473.8379175390088
3019011,9.203312142751592
3019012,535.094368691388
3019013,529.8007914185197
3019014,200.53006591305757
3019015,153.19710473826063
3019016,90.57563332659565
3019017,2431.3863311300447
3019018,14.279439393191511
3019019,0.9743524075213899
3019020,20.340178929730275
3019021,17.152785191131187
3019022,0.060003446756432856
3019023,176.83431576439665
3019024,10.35412925252164
3019025,4.958022898751522
3019026,4.802179442228914
3019027,88.68102098342052
3019028,2.1119628219645565
3019029,103.15587595033365
3019030,149.82396687795446
3019031,4.521919241643251
3019032,7.128338708403883
3019033,172.77342363084267
3019034,49.492807310579536
3019035,1367.7204117657116
3019036,30.982521060460012
3019037,20.087882262254798
3019038,7.756546175213076
3019039,0.4106383669498345
3019040,4.590181407756788
3019041,3457.4876258394324
3019042,0.033942688208893845
3019043,223.05251965917577
3019044,8.83824071457226
3019045,1392.4442228452122
3019046,438.4126658242373
3019047,349.2523046814677
3019048,61.94279087542628
3019049,58.90732162420833
3019050,4181.434379266796
3019051,19.977176522585594
3019052,1.4273120699365516
3019053,19.516763612651868
3019054,13.981354718188113
3019055,0.1405412281756307
3019056,261.628576255086
3019057,11.380438277303805
3019058,0.05054807465975355
3019059,6.016692067713105
3019060,60.04868825023941
3019061,2.816577306345913
3019062,214.44403776849222
3019063,253.33668058943692
3019064,1.3282172839842683
3019065,6.549949574623326
3019066,259.6915623395367
3019067,28.833674823112485
3019068,554.9260522978269
3019069,7.012884766643281
3019070,4.907033742091518
3019071,6.8734142428303295
3019072,0.017320490609988054
3019073,8.31098048836623
3019074,3471.8155861702357
3019075,0.014362870571575422
3019076,666.9354695340916
3019077,16.694865229044193
3019078,919.117711416645
3019079,851.4736109221725
3019080,253.9953903620744
3019081,175.75289418745396
3019082,150.88108785762896
3019083,4027.6859733475417
3019084,43.022724381198906
3019085,1.3004355735815716
3019086,22.383785827541452
3019087,29.395915897099346
3019088,0.14139533897328943
3019089,278.8174710399558
3019090,27.18424479357877
3019091,19.36064628943525
3019092,7.3859228626335245
3019093,158.6190096554918
3019094,10.152473419339755
3019095,389.59433789131293
3019096,273.6630153093724
3019097,9.3799207909388
3019098,10.141256577187017
3019099,452.2533896280464
3019100,113.62848976783877
3019101,2335.268277996562
3019102,0.04681305689150282
3019103,38.44016831332515
3019104,8.630157136029505
3019105,0.07567431856086908
3019106,7.517403766427445
3019107,4225.806395677072
3019108,0.033357629336244685
3019109,528.03617983622
3019110,13.165060557810582
3019111,1778.4540969840118
3019112,796.153074975736
3019113,671.1987436997928
3019114,107.46083028138483
3019115,151.6146744459516
3019116,6061.486208329715
3019117,18.698838107885763
3019118,1.450480870452334
3019119,25.578714110661927
3019120,20.179099773873126
3019121,0.0
3019122,405.4581563603791
3019123,5.13368442071715
3019124,8.199019062064119
3019125,7.254616536156141
3019126,108.52060767720774
3019127,1.3910494704729743
3019128,361.9853898350773
3019129,405.0498005555213
3019130,5.8570087876439985
3019131,5.800804085417476
3019132,341.3050291764219
3019133,87.55083140859897
3019134,1171.2902103366712
3019135,27.791211862010375
3019136,23.28584234821996
3019137,13.376443520969154
3019138,0.3305165227565269
3019139,6.132404843234857
3019140,3502.8643939298345
3019141,0.040101137869064975
3019142,453.6859597749065
3019143,9.953993852264926
3019144,1483.8179673138013
3019145,665.0488627121148
3019146,335.0246707349739
3019147,238.5266864150648
3019148,165.99138534950956
3019149,4455.047094513726
3019150,18.752769235242653
3019151,0.8132114548365137
3019152,48.74018973943328
3019153,40.13472442040818
3019154,0.32258334980222086
3019155,379.6380369416812
3019156,5.833816242081173
3019157,5.223716041597757
3019158,11.65914486607959
3019159,145.44620299187912
3019160,2.3085760650349845
3019161,128.4522615777638
3019162,327.77279392928114
3019163,3.285384562994007
3019164,6.421850976251835
3019165,196.71907243262643
3019166,158.55663482384202
3019167,1420.5627630347112
3019168,0.23168685289667545
3019169,10.247730420979714
3019170,5.320592816414034
3019171,0.16229452816944173
3019172,1.9887701301374452
3019173,1722.6984214432664
3019174,0.013525741916429695
3019175,137.1888139358395
3019176,11.388253236657075
3019177,716.405931255531
3019178,318.5422788876438
3019179,144.46999309515937
3019180,43.69841840719472
3019181,87.12685420707606
3019182,2373.4585378210836
3019183,8.957504962953125
3019184,0.6433219068804295
3019185,23.930186529446615
3019186,16.311855910211772
3019187,0.00026588035220112733
3019188,176.37140968675254
3019189,0.3488936720795372
3019190,0.010528145164039826
3019191,4.033230576574657
3019192,124.79821969561914
3019193,2.682284091813879
3019194,87.29305147138882
3019195,158.90763662530645
3019196,1.0968765206362214
3019197,6.192208573827389
3019198,111.04073920745753
3019199,32.3263169095649
3019200,391.59520511316276
3019201,19.271323666341626
3019202,1.2448745702254096
3019203,2.0283942568192455
3019204,0.016166692310190203
3019205,1.3835523903617493
3019206,1573.453093428627
3019207,0.1953336905962245
3019208,263.31223303778665
3019209,15.257613973029988
3019210,526.0412194135553
3019211,464.2485498841406
3019212,138.26161875085486
3019213,50.396482892447835
3019214,88.57139175552143
3019215,2073.2107919491195
3019216,25.648265580190582
3019217,0.4728957077773382
3019218,12.61517532289511
3019219,15.17091236345442
3019220,0.19213304649561522
3019221,132.98028527559097
3019222,14.596500513816471
3019223,3.0142844494018766
3019224,3.092533583180734
3019225,98.2475456263427
3019226,4.9995902176220754
3019227,370.20551743924176
3019228,158.69200021390714
3019229,4.022334892800416
3019230,5.861006392867752
3019231,229.741932179814
3019232,37.65259880428146
3019233,1094.6531765050452
3019234,0.03202694544847554
3019235,7.161966392833338
3019236,3.4003701003971867
3019237,0.09604762890162431
3019238,6.953520118801888
3019239,4109.114778415375
3019240,0.04163078440485503
3019241,803.1700777890558
3019242,21.175746753194186
3019243,1224.3955431908357
3019244,1430.2929748472454
3019245,298.58302959813585
3019246,234.35820151364751
3019247,202.22697019945477
3019248,4629.398016251236
3019249,32.92032229797506
3019250,0.8862523977607883
3019251,22.84406566646831
3019252,42.016498530795296
3019253,0.07156645307621264
3019254,297.8278692491009
3019255,14.371038756320187
3019256,46.557726714211306
3019257,9.724168922340384
3019258,162.8084260938286
3019259,14.871953824899212
3019260,412.28738324131774
3019261,316.00216677351534
3019262,19.629258300207415
3019263,9.569931035374937
3019264,544.8137042464349
3019265,124.79307575859345
3019266,3684.8173855398622
3019267,0.0594085121905001
3019268,23.839492468690672
3019269,3.1932872681751423
3019270,0.12070959924011082
3019271,2.436470726864864
3019272,2194.5127830737374
3019273,0.019022653837149288
3019274,379.15905403336734
3019275,10.491107259045652
3019276,459.25123619212
3019277,575.0418348783373
3019278,155.2293720529279
3019279,125.75987069363109
3019280,154.20380858830882
3019281,1870.8296211722363
3019282,24.374183571923158
3019283,0.8661698736985761
3019284,16.469856933633874
3019285,20.686722689140364
3019286,0.045361379541905146
3019287,120.93484685402859
3019288,0.03384569609274825
3019289,32.70299861096387
3019290,4.085087906787554
3019291,512.2846482904288
3019292,8.375394040822831
3019293,188.7244615778167
3019294,127.8218962122193
3019295,5.010130027401521
3019296,8.453723539039723
3019297,162.36410216116255
3019298,39.76072282231524
3019299,1316.3682076604935
3019300,0.5520159510739489
3019301,4.482660501193726
3019302,5.257868439796546
3019303,0.03554182091541483
3019304,0.35812521723599444
3019305,1085.5589281126338
3019306,0.015911576525015177
3019307,227.54021030284156
3019308,7.4810061695438685
3019309,378.7177556032203
3019310,251.50098247381032
3019311,97.56218568147555
3019312,36.15652703192178
3019313,39.101035897006206
3019314,1599.0728748840124
3019315,8.382736011418936
3019316,0.558227080518304
3019317,12.4207508101531
3019318,8.007771641686611
3019319,0.24225398639053314
3019320,95.71512618591264
3019321,0.4686904693104272
3019322,8.500150487869938
3019323,1.318402570439542
3019324,46.813310734671866
3019325,0.3753266335160211
3019326,263.0575134986186
3019327,133.74296692731363
3019328,2.6399389537882665
3019329,1.4010736491483213
3019330,169.17503294367987
3019331,24.574701612419425
3019332,522.0666728813885
3019333,0.5068818979643092
3019334,1.543621999006086
3019335,8.67939612721656
3019336,0.2607684066159673
3019337,2.6705833193886095
3019338,3779.9482746217973
3019339,0.0920501835609166
3019340,684.9070895912585
3019341,30.302728824115732
3019342,999.7617556689045
3019343,1078.9971867761924
3019344,318.2072644687652
3019345,243.5050861865882
3019346,229.88109802409664
3019347,4278.926366847308
3019348,31.282267999832246
3019349,2.127362500125296
3019350,26.312864721183168
3019351,32.83974377075506
3019352,0.2374809385139636
3019353,263.8570149260899
3019354,10.369340342635631
3019355,52.77254501209368
3019356,10.645409573046845
3019357,407.8886457850018
3019358,5.600125457294243
3019359,311.0248715000469
3019360,282.26261501381146
3019361,12.70754113013023
3019362,10.815054161342847
3019363,402.38668985474726
3019364,90.02624223938795
3019365,2830.8592857491412
3019366,1.118644840675864
3019367,18.556137335774686
3019368,8.028002466511467
3019369,0.04630264189790907
3019370,2.6712187258803315
3019371,3817.9155612139166
3019372,0.020544005056805786
3019373,655.6541823351515
3019374,25.313609238116875
3019375,1305.9672765890803
3019376,917.9612795825115
3019377,345.26850663987585
3019378,213.25443061929275
3019379,134.82797162586425
3019380,4733.3442562859045
3019381,17.256054083209698
3019382,1.1221872574377851
3019383,38.482665540606014
3019384,24.55892573175024
3019385,0.7218783574818927
3019386,295.9823580868485
3019387,0.000819614870117636
3019388,6.7951535770420834
3019389,6.2653542526956345
3019390,135.55859674945347
3019391,1.567500757333402
3019392,204.3739320430705
3019393,304.91466681972264
3019394,6.0691828282157205
3019395,5.586522332506454
3019396,242.05404107295502
3019397,83.85400573437988
3019398,1530.4019037595467
3019399,2.383135806109845
3019400,6.04670025937638
3019401,7.835313201738202
3019402,0.39287129713500923
3019403,2.5490033767738396
3019404,3321.381923062471
3019405,0.025298573264616375
3019406,638.3565090679327
3019407,20.156763325675858
3019408,1110.1557807823806
3019409,731.4192128457386
3019410,276.9004085247224
3019411,194.9719965039938
3019412,169.05717054535066
3019413,4265.3696558563415
3019414,22.09619329859769
3019415,1.2274992061386645
3019416,25.81707956949921
3019417,23.64252812567528
3019418,0.06423226845862018
3019419,264.35457885113186
3019420,0.0025258738337784873
3019421,7.613658190422093
3019422,6.815339738433043
3019423,222.5681934958793
3019424,1.6568192788134297
3019425,117.54788013653275
3019426,252.7811605317689
3019427,5.422198057038934
3019428,5.367335306965925
3019429,200.24886027139917
3019430,63.14137113356237
3019431,1228.5101837779855
3019432,1.6827678804327753
3019433,9.121144247268271
3019434,12.94595323630228
3019435,1.3100991897004695
3019436,17.57097614801799
3019437,10345.550299523056
3019438,0.061644434125037596
3019439,1319.897468797341
3019440,53.68854990359058
3019441,2254.8908900190677
3019442,2446.879538410558
3019443,398.8983982330148
3019444,528.1503780269109
3019445,448.8735088722062
3019446,8704.115833262002
3019447,91.25646457002787
3019448,3.412119982801585
3019449,62.988828427838115
3019450,64.40912119628719
3019451,0.40161876482346703
3019452,651.5907728949885
3019453,58.81425186615275
3019454,65.5189440430795
3019455,25.962676442863696
3019456,387.9172473938329
3019457,27.512893034803113
3019458,769.0030502749086
3019459,676.7888287974921
3019460,25.405834613923894
3019461,34.06190639540512
3019462,1239.633743376309
3019463,281.3803269087497
3019464,8320.050773566083
3019465,0.9550622179139303
3019466,87.05074154522732
3019467,3.249067929666255
3019468,0.1639957309487301
3019469,0.9167015456074672
3019470,1582.6806582107154
3019471,0.022517004961713202
3019472,155.21948503698684
3019473,4.793048055057523
3019474,590.5719261662839
3019475,262.1474434219759
3019476,119.10840110172475
3019477,123.54101055631709
3019478,74.62764311368831
3019479,1915.478264874414
3019480,6.0483030328069125
3019481,0.2700087175300927
3019482,14.84183522001407
3019483,7.462287228717665
3019484,0.0818596200782178
3019485,141.53597319412566
3019486,0.4832615385524566
3019487,0.025477335591961085
3019488,2.8768093638676646
3019489,78.14578964609883
3019490,0.8079055327334702
3019491,60.1779782311538
3019492,99.75227571271807
3019493,2.1158601657430425
3019494,4.792916870963002
3019495,116.03327729165369
3019496,21.55942314210562
3019497,496.8219521516284
3019498,0.1056113123674229
3019499,4.354054255997971
3019500,9.524463833415636
3019501,0.1968655953936739
3019502,2.2858478753217315
3019503,3568.293164121875
3019504,0.016357625187018124
3019505,561.762990645201
3019506,16.640923427501857
3019507,1586.2804374957368
3019508,714.1438926312732
3019509,274.98742122618125
3019510,251.76766091355202
3019511,146.28392004332477
3019512,4906.307917557461
3019513,15.914257230550085
3019514,0.31255167765339253
3019515,26.057299960436822
3019516,22.54188358736467
3019517,0.10156992780083525
3019518,328.4557220179643
3019519,0.9271285123783172
3019520,5.071334857399981
3019521,10.340423316327946
3019522,38.55342343906999
3019523,1.9577429935865338
3019524,358.7452950300244
3019525,301.0974090109759
3019526,3.931725277380758
3019527,8.161420609686052
3019528,141.51815178748933
3019529,73.90713971950629
3019530,1318.4804964833218
3019531,1.3617877683273751
3019532,4.473033737421396
3019533,1.5855038066731206
3019534,0.013178578586874124
3019535,0.4544443455551904
3019536,1310.7872145740885
3019537,0.013290568802033378
3019538,118.52759173263799
3019539,4.814809292795483
3019540,759.8974242056155
3019541,172.66787068193605
3019542,90.73921634565214
3019543,121.45046299672062
3019544,28.73317568680735
3019545,1810.8499848435092
3019546,2.452476758802609
3019547,0.26857589968035234
3019548,10.972333058781876
3019549,3.845128292541439
3019550,0.12279715835358722
3019551,106.39515072328166
3019552,0.015460507006442468
3019553,0.028774246493041222
3019554,0.4556159924168784
3019555,45.50238182299883
3019556,0.2141761966671344
3019557,71.99424714406513
3019558,87.0332487933589
3019559,0.5045673802716347
3019560,1.0444657391571182
3019561,64.36878160041996
3019562,11.43011136456557
3019563,225.6527038299468
3019564,0.0
3019565,2.255778748526116
3019566,8.697838182303423
3019567,0.016576457693162766
3019568,1.8116890096845202
3019569,2040.6644009983272
3019570,0.0
3019571,242.7939648718569
3019572,9.083416016591801
3019573,1055.643340509093
3019574,448.5289387940583
3019575,191.26505493012593
3019576,169.09679065257112
3019577,142.42731746247694
3019578,3132.5953295070067
3019579,3.5156451257836285
3019580,0.5545944147417925
3019581,27.68314983494496
3019582,20.352170185290476
3019583,0.16684301560141923
3019584,251.34066945707187
3019585,0.0
3019586,0.021913903622508186
3019587,12.765493813508863
3019588,57.42106024532382
3019589,1.6594368975009863
3019590,268.8904263300726
3019591,227.5130079154527
3019592,1.8618622310778634
3019593,4.658909916421646
3019594,170.24343678831968
3019595,31.017916668257673
3019596,1251.6545959430316
3019597,0.01619320880143777
3019598,1.5006087265876507
3019599,3.2323376653042146
3019600,0.22258821401308496
3019601,3.0947776424294426
3019602,2888.374496615276
3019603,0.024779686385956543
3019604,667.5217434101526
3019605,11.664222095325307
3019606,862.7139128443833
3019607,686.4129611490985
3019608,225.573638467416
3019609,118.65740145849547
3019610,88.06216239258022
3019611,4552.352233406624
3019612,9.285100112400636
3019613,3.0210033352779893
3019614,32.44650797169277
3019615,42.59962674654561
3019616,0.13461390032096027
3019617,233.46644579903761
3019618,1.876730369485423
3019619,7.815695461489438
3019620,3.726119842891364
3019621,63.67400609673562
3019622,2.5376082802849433
3019623,179.42814535461346
3019624,282.7616467806997
3019625,3.7410302040515764
3019626,6.753777088690841
3019627,144.36626739921917
3019628,29.911801883211975
3019629,627.1772762442371
3019630,3.077206519298202
3019631,4.9826973444464535
3019632,4.979396600278637
3019633,0.04591307898651452
3019634,0.34791995311192947
3019635,1661.6588203912281
3019636,0.02024144962370729
3019637,99.1642810222032
3019638,4.075354435512646
3019639,567.68943769744
3019640,207.94015649729482
3019641,96.33182782839555
3019642,145.56212640745332
3019643,107.70538110014206
3019644,2038.6034387384975
3019645,6.69533777032673
3019646,0.3399652525031925
3019647,13.215327993274299
3019648,7.602450520044242
3019649,0.0616795217100415
3019650,124.43604843720792
3019651,0.0184731062370914
3019652,0.050580343943453586
3019653,0.6312771493667931
3019654,93.74456820413083
3019655,0.5354150722797785
3019656,179.23802349997644
3019657,106.57536039350666
3019658,0.8533381431739329
3019659,1.028095216147902
3019660,54.99039840279779
3019661,19.561737826849317
3019662,366.8990410257827
3019663,0.10834257780215882
3019664,0.16917959676784627
3019665,4.523618269301188
3019666,0.058342313545647985
3019667,2.293267471780038
3019668,3667.3539462501058
3019669,0.029809590143095623
3019670,478.7463710277502
3019671,13.306665905756175
3019672,1033.0739488402296
3019673,595.2271965176225
3019674,219.422275140068
3019675,158.77603487797927
3019676,178.666633639669
3019677,4051.3724936241847
3019678,9.511716855412015
3019679,0.5299899412608876
3019680,22.089863401028715
3019681,13.60608374525233
3019682,0.14692562702499737
3019683,231.6930986750562
3019684,0.03543239597834383
3019685,35.00828457645617
3019686,3.5293014171828965
3019687,109.93162133072978
3019688,1.261973458936453
3019689,223.79722201117346
3019690,250.46939121986924
3019691,2.8862584858453455
3019692,4.921973937635993
3019693,122.4930400883141
3019694,50.08358203301046
3019695,1218.441442919452
3019696,0.4557441809214527
3019697,3.211445562679806
3019698,3.758619607641667
3019699,0.008570766066953289
3019700,7.699153871048292
3019701,2966.453378380659
3019702,0.019238846572887963
3019703,491.6021867972954
3019704,9.951287086172309
3019705,876.1127575500252
3019706,831.0429035335098
3019707,154.6177873959525
3019708,133.36489972294254
3019709,111.5232220564477
3019710,3499.976470556425
3019711,48.88547493850422
3019712,1.5055220857299907
3019713,23.393592953502214
3019714,24.803514799996638
3019715,0.09593649477872163
3019716,249.24678575087037
3019717,26.621473430466345
3019718,21.72334500811102
3019719,1.8997913465597633
3019720,144.08866034195265
3019721,9.61539359318315
3019722,222.99199051064784
3019723,258.03873579794254
3019724,11.453973301408237
3019725,14.617087889388282
3019726,258.19328985911113
3019727,58.61767171679839
3019728,2362.1636441258365
3019729,0.04348886723622906
3019730,11.593289107016847
3019731,7.886260241762865
3019732,0.019169536012168358
3019733,8.706472430078762
3019734,3424.0903496328415
3019735,0.005418356034230263
3019736,519.5205868398982
3019737,17.69439544134115
3019738,1217.8706666330381
3019739,876.1098767600569
3019740,172.56826057132886
3019741,112.08435020128013
3019742,125.63938603906881
3019743,4550.83276917187
3019744,33.1041249349548
3019745,1.6247293127400946
3019746,39.18199874061413
3019747,64.88546990469057
3019748,0.021168914039314514
3019749,414.37743993852627
3019750,33.22634625455871
3019751,21.862498125410255
3019752,11.280448877074107
3019753,141.47957367235637
3019754,13.884284170272057
3019755,173.60547109255432
3019756,468.9811677214236
3019757,9.0643910809307
3019758,14.56835241670524
3019759,150.4240176889261
3019760,95.63173886485004
3019761,2251.489312866941
3019762,0.3104524231607143
3019763,21.61011706535322
3019764,9.399328952954752
3019765,0.23599335589872908
3019766,4.82052842035355
3019767,3833.74795229822
3019768,0.016919705859645275
3019769,674.4571574287979
3019770,11.016574895443556
3019771,1481.749294223571
3019772,647.8392003553939
3019773,213.76606054918776
3019774,285.70839291261177
3019775,109.68259062456103
3019776,4988.680827321749
3019777,36.99175650194037
3019778,1.6027123580124678
3019779,28.592250099207373
3019780,20.67303659797491
3019781,0.16145944999729306
3019782,362.3374623172455
3019783,6.200526863137932
3019784,17.80940458218007
3019785,10.28378724058228
3019786,115.24127769566343
3019787,4.20866837366616
3019788,175.79396723885728
3019789,320.82284950190984
3019790,8.153288423157559
3019791,11.852565576719208
3019792,253.2268279430653
3019793,53.925927131471354
3019794,1537.6200327289837
3019795,5.805320729703135
3019796,19.59801354619976
3019797,4.284326210274323
3019798,0.2797155446921721
3019799,5.664026117257972
3019800,2905.422362239766
3019801,0.040752653128095374
3019802,420.3134817608498
3019803,13.153653290980722
3019804,862.2501160229208
3019805,804.4997112275285
3019806,233.77159478583417
3019807,146.31650861349567
3019808,127.78807494546083
3019809,3534.587903529328
3019810,26.282373374192233
3019811,1.5161759489544229
3019812,17.87516236490972
3019813,13.247526281438814
3019814,0.07964006392141165
3019815,274.9462014487245
3019816,21.133982028820675
3019817,27.770265109176883
3019818,2.3480310947936727
3019819,172.5625767232394
3019820,8.820625219062313
3019821,331.94672020291836
3019822,271.8568578370634
3019823,8.605836618864956
3019824,10.769572094915121
3019825,412.3574772069911
3019826,57.72313656933788
3019827,2311.383631193377
3019828,0.09048709612914828
3019829,28.07651505831608
3019830,4.45849336430261
3019831,0.11303594244022433
3019832,3.7127181139682346
3019833,5484.814587004487
3019834,0.024530192082292547
3019835,436.1480002963911
3019836,10.048730725076203
3019837,1951.7642047915124
3019838,654.0397798248426
3019839,290.18752703832024
3019840,174.19546281570072
3019841,110.05186600635272
3019842,5993.061667402941
3019843,16.574299225303598
3019844,1.5946049196065708
3019845,33.2633121987235
3019846,25.85971477528717
3019847,0.15599775210032252
3019848,483.1778868396707
3019849,0.022841312269434023
3019850,0.20759152319939062
3019851,7.859052637067372
3019852,103.97800492618488
3019853,2.1213030540578988
3019854,153.98333660255122
3019855,354.761688268138
3019856,4.016860181038103
3019857,9.69087691048759
3019858,171.95514050966085
3019859,69.84258850452963
3019860,1140.3393848346716
3019861,0.03527591303716841
3019862,5.053447806902544
3019863,8.758643348394084
3019864,0.02838197503015687
3019865,7.158155495085254
3019866,2966.6954543301476
3019867,0.016224408369849938
3019868,568.2744394294143
3019869,19.593367027185867
3019870,1160.311820791111
3019871,831.2278642431806
3019872,261.00892869381755
3019873,147.78575839534895
3019874,213.87555419895594
3019875,4302.984776829037
3019876,50.66521620033121
3019877,1.360596150643716
3019878,34.179482843862566
3019879,37.685434827715866
3019880,0.05804002675167078
3019881,284.7565360046679
3019882,22.880764952426286
3019883,22.81519880944825
3019884,9.824697817893854
3019885,220.9198681313437
3019886,15.075956266284122
3019887,241.04926562553396
3019888,420.7177368376589
3019889,13.239329344663041
3019890,9.789693537188368
3019891,196.31093393492523
3019892,64.40807753467668
3019893,2125.1989342231964
3019894,0.43567495982577714
3019895,6.359146288567885
3019896,4.706572224479405
3019897,0.03662183639058687
3019898,4.409404280027501
3019899,3185.8939481542666
3019900,0.037156391757548535
3019901,509.6750006828568
3019902,15.126260002627756
3019903,780.4197082763208
3019904,824.1484354025189
3019905,186.17254983781936
3019906,151.61036147840875
3019907,133.77125228307256
3019908,3373.116673075679
3019909,35.15690159856206
3019910,0.9573833805108628
3019911,21.566356870585697
3019912,23.429075353049825
3019913,0.07867932222733474
3019914,245.3977830959024
3019915,24.599804884098983
3019916,44.0493216921294
3019917,5.51613204843916
3019918,142.47801457687174
3019919,10.48162376043923
3019920,263.64957805618235
3019921,242.5243351348686
3019922,10.40042375136414
3019923,10.849618610203427
3019924,240.07864428477222
3019925,61.38544301099484
3019926,2406.5523463431937
3019927,0.26809321268193564
3019928,17.792435125258212
3019929,4.915494973825834
3019930,0.08189417667949225
3019931,2.2970525296201187
3019932,5130.736062377706
3019933,0.007603960616351113
3019934,559.7257892645059
3019935,20.29526280583025
3019936,1243.0594979989835
3019937,652.3337022649055
3019938,269.00539694130606
3019939,183.37373454941823
3019940,108.72016878356877
3019941,4680.308705342307
3019942,8.766148834187442
3019943,0.23743882665434748
3019944,18.25426497693192
3019945,21.889823452462917
3019946,0.021416894353528407
3019947,259.7980672557559
3019948,0.0
3019949,8.447011117316052
3019950,1.303535830176888
3019951,145.55709411803736
3019952,2.8669041524699366
3019953,186.56492090948626
3019954,296.5122285029086
3019955,3.2625052206326792
3019956,2.3825580199594225
3019957,215.1397411267426
3019958,111.25942534533375
3019959,1192.2690462729463
3019960,1.030488114661725
3019961,1.2615864855754189
3019962,19.80841682055895
3019963,0.026841434411769456
3019964,26.080860910749742
3019965,13445.792009607258
3019966,0.05774574084028358
3019967,2123.109066037835
3019968,35.710006717222264
3019969,3059.0754272672425
3019970,3072.333491134561
3019971,695.3277165423644
3019972,725.7748199295881
3019973,613.6942641720898
3019974,12318.3660489129
3019975,109.77189308294521
3019976,6.021094130671543
3019977,130.74141400064184
3019978,136.44458391100844
3019979,0.2608805260728642
3019980,983.9364733138311
3019981,48.90376324427755
3019982,43.188266221210306
3019983,59.48834431044288
3019984,649.7432226351292
3019985,28.83801401969305
3019986,1106.5098632185714
3019987,813.4445024717794
3019988,60.30942469990444
3019989,47.64205893410567
3019990,1393.5785196315526
3019991,316.9067418275498
3019992,11720.47782533306
3019993,317.9508561383018
3019994,113.79442347975757
3019995,17.676208764335087
3019996,0.02995054910566916
3019997,19.10610964676269
3019998,11902.208817974486
3019999,0.07876814822324603
3020000,1456.2312328069258
3020001,43.10688281850831
3020002,3003.377781841826
3020003,2659.1541346641343
3020004,840.5049553084255
3020005,429.6725027042185
3020006,444.57471494417405
3020007,11986.478930762236
3020008,161.50473052907245
3020009,1.93086144067507
3020010,77.80548960723364
3020011,96.26457134235933
3020012,0.7041676957154315
3020013,859.7975218518525
3020014,39.10636098380057
3020015,57.31459371083975
3020016,20.05114550806715
3020017,436.64784272330985
3020018,25.407730051071095
3020019,1309.4674186730201
3020020,901.8060796757132
3020021,31.655458781913552
3020022,37.65102114979138
3020023,1445.2037085668194
3020024,286.0408165510709
3020025,7014.617464606666
3020026,384.015359503224
3020027,97.86288082011974
3020028,16.895104037473335
3020029,0.028608412778472692
3020030,23.4562246004201
3020031,8071.5202428487455
3020032,0.1465569629047635
3020033,1199.7062971649495
3020034,25.04916849113586
3020035,2820.576175464809
3020036,1968.342077369135
3020037,992.5292254731452
3020038,196.2969613619783
3020039,311.43131055667294
3020040,10947.930902962275
3020041,61.941093896289516
3020042,2.4054821201690344
3020043,52.2790947771673
3020044,36.60610057294205
3020045,0.5219052616701059
3020046,865.978311427641
3020047,44.46124518565909
3020048,36.69610931853428
3020049,18.208350596725722
3020050,277.6885299835947
3020051,12.859862887708776
3020052,1098.4285721165998
3020053,984.2120308282173
3020054,33.10436198251222
3020055,58.56751048838277
3020056,1006.5881235717053
3020057,163.77160545494453
3020058,3369.506014619208
3020059,142.5997907035234
3020060,65.15112204898172
3020061,16.67998987907983
3020062,0.022900759518552156
3020063,27.35772635638278
3020064,11595.275279413165
3020065,0.06709848991431899
3020066,1328.687869813678
3020067,34.71721396032702
3020068,2719.273561132814
3020069,2430.228288951206
3020070,778.6388805609514
3020071,395.6509109926313
3020072,337.1820500691289
3020073,11457.681547801218
3020074,71.39998506512751
3020075,2.3009667465520667
3020076,73.075945837161
3020077,91.73553331610879
3020078,0.7555686317355815
3020079,799.7807606567769
3020080,50.18657121446433
3020081,39.15678834907205
3020082,65.11030535298701
3020083,377.32415068351753
3020084,20.68897746413262
3020085,961.5135152393669
3020086,917.600838245074
3020087,31.289868349468026
3020088,37.09801752712042
3020089,1257.1862503357547
3020090,265.38455547744735
3020091,5843.629021818174
3020092,473.25563188481044
3020093,77.64875291889035
3020094,16.196069718775824
3020095,0.01778888331255785
3020096,25.72987239073872
3020097,6402.340411853301
3020098,0.03769410290413134
3020099,926.5421767535678
3020100,26.766616765573932
3020101,2569.050011621101
3020102,1474.1178892257406
3020103,747.552990363879
3020104,149.13968776562098
3020105,252.7908695000304
3020106,9727.18343206505
3020107,64.8828523987197
3020108,0.635682770858992
3020109,40.34468357417557
3020110,40.48864685803589
3020111,0.31733182363583373
3020112,749.0200135332498
3020113,43.67608869395826
3020114,18.628322148267028
3020115,15.025883878652591
3020116,231.7303774959286
3020117,7.279885009158748
3020118,952.1210835119358
3020119,880.3570475278867
3020120,22.84678363148668
3020121,35.033696610077506
3020122,1018.2584706859373
3020123,112.46602030379215
3020124,2487.312886360331
3020125,485.8014428409775
3020126,27.366496432497144
3020127,12.998215639981174
3020128,0.025359975150514164
3020129,14.310478734870903
3020130,8607.441213139284
3020131,0.042919930259491014
3020132,1261.8736004549294
3020133,35.13027136951014
3020134,2018.2179210732581
3020135,2319.562040498405
3020136,534.9784771892668
3020137,454.2650533831343
3020138,384.8333333908244
3020139,8075.481934522525
3020140,66.06914347151758
3020141,1.7072495842008526
3020142,53.13016934201807
3020143,57.829362237704245
3020144,0.6930774169679342
3020145,574.7858454189361
3020146,21.116121568707058
3020147,40.540347668215425
3020148,20.860604614520927
3020149,456.7646240925587
3020150,23.50740351143408
3020151,830.6178760587321
3020152,619.2395956760175
3020153,23.388327440659864
3020154,37.7857748352576
3020155,1066.874538964174
3020156,237.99124798197195
3020157,7112.394768079925
3020158,199.350250509408
3020159,73.35740613773149
3020160,6.272883095043402
3020161,0.25758232005944365
3020162,5.539830742891393
3020163,1966.4991584354218
3020164,0.012401616546334962
3020165,332.18466275955
3020166,32.891993529191524
3020167,967.3875556691237
3020168,533.947812282497
3020169,217.2063986542206
3020170,79.0142273852986
3020171,131.21121598727686
3020172,3076.092734660219
3020173,39.16688091212216
3020174,1.0691291686140791
3020175,26.687149960116873
3020176,23.227417498699324
3020177,0.06186960813590727
3020178,233.23916250970433
3020179,14.469709006625134
3020180,11.704061092506413
3020181,10.872987794153754
3020182,113.4645964772411
3020183,8.336709576554586
3020184,249.1937566043442
3020185,254.409910686024
3020186,3.875606767775386
3020187,8.067284640199496
3020188,224.47906225769603
3020189,57.819402068699546
3020190,1469.5129272177846
3020191,0.4434441019420285
3020192,8.188853816243743
3020193,11.234561278151835
3020194,0.021828394945227193
3020195,20.631930188954602
3020196,5859.982925087159
3020197,0.04768371013257812
3020198,730.662526455254
3020199,43.386734611084755
3020200,2218.96888364769
3020201,1340.860071755985
3020202,588.9191991404581
3020203,130.18222946040487
3020204,196.68197593373515
3020205,8263.294630157421
3020206,114.32534311883866
3020207,1.5665251832014522
3020208,65.52382175572995
3020209,40.81419035155237
3020210,0.10106974643209199
3020211,571.6160834137595
3020212,29.15071836018141
3020213,13.269008922307012
3020214,3.744100759884807
3020215,214.98687134963183
3020216,13.102591904955322
3020217,630.1711976335155
3020218,680.0456260390612
3020219,18.570511312714526
3020220,36.365450603496576
3020221,438.0247629188673
3020222,98.60604575009856
3020223,2332.275271808178
3020224,342.07437323642426
3020225,21.07260832539999
3020226,8.336688333285592
3020227,0.0075335164046252704
3020228,5.3903768910927665
3020229,5459.217853299437
3020230,0.040973147476593856
3020231,977.2696550472323
3020232,13.7493108515057
3020233,1569.629161858236
3020234,1646.2603612156754
3020235,274.46455211398154
3020236,330.9250345157503
3020237,374.61565482893445
3020238,5455.352229995663
3020239,46.32195674625411
3020240,1.2923967346023815
3020241,39.29797823378859
3020242,40.75543819160496
3020243,0.4196128439270173
3020244,370.86794674466364
3020245,3.0525786047606958
3020246,57.62000506551694
3020247,6.221199978257455
3020248,290.890204650477
3020249,11.659475674142328
3020250,640.8605154628017
3020251,337.813169765903
3020252,21.75251160394166
3020253,14.466446857270794
3020254,676.9835434036124
3020255,126.29254785139591
3020256,5592.818895218817
3020257,3.7139060229899834
3020258,51.1154087055411
3020259,12.755694126090283
3020260,0.027129033252991354
3020261,10.794815166468839
3020262,5509.388570903306
3020263,0.02325328533421158
3020264,962.2592980695727
3020265,15.263375347674803
3020266,1848.007621702149
3020267,1285.583527939315
3020268,423.5084346295309
3020269,229.10891634246437
3020270,429.8747276487318
3020271,7012.023494639268
3020272,59.12728290843079
3020273,3.6295177427461875
3020274,48.92806270446374
3020275,45.35704438196883
3020276,0.29817230540548467
3020277,450.70565738959743
3020278,10.528685532569066
3020279,77.42029859511076
3020280,8.622804102057172
3020281,400.7313958938316
3020282,13.582086948603015
3020283,532.3741050808795
3020284,423.4813995936031
3020285,19.39968942324505
3020286,32.644271435191534
3020287,546.8274219545468
3020288,134.3617021290009
3020289,4743.343169620279
3020290,3.7416581084954155
3020291,10.92300732611111
3020292,11.00433491535475
3020293,0.05672309312593867
3020294,4.30017996417272
3020295,2471.5006485702233
3020296,0.011656296534301398
3020297,519.7349445232993
3020298,12.602067256594813
3020299,1089.5999510973554
3020300,565.9573067597822
3020301,276.10879357086566
3020302,101.47281704098367
3020303,224.0198990619776
3020304,3506.556474065617
3020305,20.72495896468016
3020306,1.5653146419291575
3020307,35.71146398965602
3020308,30.398421175519918
3020309,0.06503069890494319
3020310,253.61157526716255
3020311,5.5755055382833545
3020312,18.07302179664275
3020313,7.047618503279984
3020314,210.06324186130036
3020315,3.4594222387070723
3020316,307.53651975145607
3020317,270.1401080049783
3020318,5.683731945967479
3020319,8.024281961089244
3020320,220.9051022177365
3020321,72.8649720219452
3020322,2208.5980955757755
3020323,0.35768768375736776
3020324,3.607371524765471
3020325,8.022754482716554
3020326,0.024351520170539005
3020327,1.0751000242317335
3020328,3599.9826509263585
3020329,0.012474615638671253
3020330,215.62151830839414
3020331,5.809663960994871
3020332,1227.0107081921817
3020333,275.10359309181246
3020334,225.04214180605527
3020335,58.63991314183055
3020336,62.23985023981185
3020337,3557.623174403841
3020338,9.181351088750413
3020339,0.6596489656656899
3020340,22.9335894687217
3020341,12.76283365727093
3020342,0.1067180173420757
3020343,243.2321179557093
3020344,0.014684208267383961
3020345,0.02746892193699028
3020346,3.5522114449900823
3020347,36.972486449728414
3020348,1.1572610764081752
3020349,56.64858270980931
3020350,186.2689111172968
3020351,0.1029851206937213
3020352,2.5182768899981554
3020353,69.71633450815233
3020354,71.56689612950063
3020355,661.6349332295893
3020356,0.02977189536285334
3020357,2.282786759495019
3020358,6.673798957809386
3020359,0.05942425807622591
3020360,7.876944510343218
3020361,4351.058266750029
3020362,0.003989572809175653
3020363,630.5680975536709
3020364,20.075358333014506
3020365,1296.0374200829697
3020366,1067.4095432936076
3020367,346.33709031917124
3020368,189.6385292791227
3020369,209.65305313271614
3020370,5150.285878247189
3020371,41.00794330681779
3020372,1.3256230966987868
3020373,34.02103277037275
3020374,55.54438126723521
3020375,0.011916283128665574
3020376,372.26508140182733
3020377,32.10405995800224
3020378,21.173025522326572
3020379,18.049867585834146
3020380,181.66403000528996
3020381,9.427188934184667
3020382,497.2510155963965
3020383,349.1097416791375
3020384,10.986290172453888
3020385,14.730399664823159
3020386,596.4357083395433
3020387,121.6300018893153
3020388,2779.6134505193636
3020389,0.047321733409576454
3020390,37.13456843196412
3020391,5.17717425249706
3020392,0.0643656665285704
3020393,5.887668101221878
3020394,4043.4650271266933
3020395,0.1392625392914691
3020396,584.4369209071049
3020397,24.433662687288972
3020398,794.655752188418
3020399,1118.616912898999
3020400,176.7326817619973
3020401,233.87151154525566
3020402,274.2837276062989
3020403,3280.906222358668
3020404,38.17248787300768
3020405,2.3584400459928756
3020406,32.63064206742645
3020407,27.850568286120595
3020408,0.5391850839912515
3020409,216.705344426631
3020410,18.356520052923855
3020411,49.09719857165226
3020412,6.254997513362982
3020413,310.8410155650978
3020414,13.336351361280979
3020415,391.5192876570348
3020416,219.27478672008957
3020417,7.620212294951747
3020418,16.993972365706107
3020419,542.8504956580724
3020420,128.55985584229876
3020421,4474.308619853478
3020422,0.11360796922932227
3020423,35.688086693000855
3020424,6.057315816359153
3020425,0.38717937548562253
3020426,13.765050981483279
3020427,5808.059608863684
3020428,0.042136788873563806
3020429,876.6571484195867
3020430,25.630947909802344
3020431,1329.875235369514
3020432,1716.641160532379
3020433,332.6687834237355
3020434,364.32791070010785
3020435,200.82966371046012
3020436,5602.101080367977
3020437,43.72901773591986
3020438,3.6649435804993957
3020439,45.526599089029055
3020440,48.61841669431496
3020441,0.0729166759420728
3020442,429.5461565454754
3020443,41.89039570747054
3020444,43.682527738262756
3020445,26.395763069008762
3020446,237.23068201791506
3020447,22.8757692982669
3020448,475.38087081015453
3020449,391.2827939268474
3020450,25.273166098911485
3020451,26.938979454924976
3020452,683.464832056222
3020453,174.56208263358533
3020454,4868.710050701801
3020455,1.187887939388876
3020456,44.122378814119536
3020457,12.513218782651197
3020458,0.40078325835876494
3020459,8.48174228598158
3020460,3802.31768446894
3020461,0.003353749898349284
3020462,530.4417141673159
3020463,23.496854964403134
3020464,1666.0599694533719
3020465,839.7475205365536
3020466,545.985512383936
3020467,187.60848850565915
3020468,149.09667044612416
3020469,6541.632901019857
3020470,15.007850909449626
3020471,1.3544450676270872
3020472,53.419702852050314
3020473,43.711888143072485
3020474,0.05061608359432838
3020475,458.0039004436284
3020476,13.465033564827245
3020477,6.3080989523897415
3020478,10.018349619999462
3020479,107.75674078119349
3020480,2.942737086111503
3020481,343.73776088739896
3020482,481.3068181874975
3020483,8.285563985996125
3020484,9.32223273875165
3020485,445.0459841040724
3020486,125.56224243623934
3020487,1543.0863307399327
3020488,81.9827855781926
3020489,22.336594879821412
3020490,2.081121627290379
3020491,0.0
3020492,2.555427130039203
3020493,1079.8541813525217
3020494,0.021035069257793616
3020495,134.9768726062844
3020496,4.486725851772639
3020497,229.16569683919622
3020498,297.2195927802308
3020499,68.59931232900885
3020500,63.86407643567256
3020501,45.367984779289976
3020502,1032.5204553116232
3020503,6.170162478602169
3020504,0.6666508317432182
3020505,4.7444194577068535
3020506,6.245876249822813
3020507,0.0068086321263638745
3020508,82.8524528964589
3020509,6.43341831102017
3020510,9.571582510956192
3020511,2.230746050215468
3020512,40.68659766469533
3020513,2.947302575402867
3020514,115.6991619871509
3020515,69.49031482343743
3020516,2.80758669612329
3020517,3.3868117885065625
3020518,131.76046621160702
3020519,34.13575495756731
3020520,1046.7939026108993
3020521,0.0
3020522,11.090152838188816
3020523,1.8564209876259052
3020524,0.03179829069091621
3020525,1.6837387888162214
3020526,1512.0339086034728
3020527,0.018272474011423498
3020528,127.22195815885085
3020529,3.509224728920447
3020530,767.5731428247325
3020531,302.6542714847706
3020532,288.00941775303346
3020533,56.126816414576325
3020534,32.51062779416658
3020535,2639.700363751217
3020536,6.362456062768786
3020537,0.45420629024904496
3020538,11.089328827664197
3020539,7.338646652245038
3020540,0.14614899943259088
3020541,199.27254636291065
3020542,5.114710250353753
3020543,0.007312976752162778
3020544,1.4953714701377192
3020545,9.266136167271876
3020546,0.6202399475818249
3020547,174.38129712662555
3020548,199.16547061770862
3020549,1.0192354301129727
3020550,3.9438641704942543
3020551,176.8702585160975
3020552,26.936209639901342
3020553,267.68540300418107
3020554,6.287868917183982
3020555,1.1662092702316305
3020556,8.479842524770644
3020557,0.1767793938652239
3020558,5.596589772254908
3020559,4731.504078563542
3020560,0.02342738281375073
3020561,703.601012578991
3020562,11.122785934547702
3020563,1868.7482972856762
3020564,694.8219055434662
3020565,523.898024696434
3020566,218.6473654523604
3020567,98.61623710666449
3020568,7263.747201908437
3020569,20.964055696244788
3020570,0.7635579618659751
3020571,26.577678537004157
3020572,21.922832780046768
3020573,0.1567091440480336
3020574,542.0455896758625
3020575,12.744437915066957
3020576,1.9579839674221493
3020577,9.271283512576096
3020578,33.332156647772685
3020579,2.996354647046956
3020580,560.0551319351853
3020581,423.45885083803455
3020582,3.1354304750585786
3020583,15.90817887445403
3020584,435.73033609316155
3020585,86.66495575964484
3020586,1425.1984518133706
3020587,30.127314046295336
3020588,13.318362736334134
3020589,5.838239262443078
3020590,0.03606166129784835
3020591,0.6686509833385941
3020592,1960.552494301966
3020593,0.019605213197608988
3020594,216.8907607134353
3020595,9.592142654696971
3020596,943.4227991397925
3020597,449.3266357007743
3020598,225.7869820616095
3020599,69.139629199759
3020600,34.82926057296863
3020601,2744.106660908008
3020602,8.75507539288768
3020603,0.826323058569155
3020604,12.173448211663734
3020605,18.53752355572798
3020606,0.09197578725079505
3020607,195.6845748461619
3020608,8.754382669825091
3020609,0.006247465397180007
3020610,7.576217740401536
3020611,33.48759529726944
3020612,1.6395783946875346
3020613,131.39486167524709
3020614,199.31128375107065
3020615,1.820976353914844
3020616,6.0140555814529915
3020617,167.79073750584186
3020618,30.21075861582105
3020619,354.1452807572489
3020620,2.3880320364188488
3020621,3.4672080778262395
3020622,4.711566807521816
3020623,0.0074998764078711665
3020624,2.7572458342692117
3020625,1472.3984559332678
3020626,0.0
3020627,140.5880497827778
3020628,5.554601201691384
3020629,709.9767076939473
3020630,242.2620302934397
3020631,146.25952403494324
3020632,52.5630758441668
3020633,27.377198419057805
3020634,2160.9032383054423
3020635,8.728412157712688
3020636,0.19939364703710635
3020637,10.652337420707147
3020638,9.151138798606324
3020639,0.02268210096735846
3020640,127.11343507910443
3020641,2.3139264170702973
3020642,0.0
3020643,2.605181535847863
3020644,16.398841280475096
3020645,0.9155976593460254
3020646,108.17579243001627
3020647,145.5341147292762
3020648,0.5631966335613776
3020649,4.944761878238857
3020650,88.46330377183865
3020651,19.41195103386004
3020652,168.6303637729764
3020653,10.132822303405254
3020654,1.5521532225282202
3020655,2.9946029565070904
3020656,0.0
3020657,2.2022016765899806
3020658,1396.9240186711868
3020659,0.0
3020660,138.0452824790845
3020661,6.321992701328349
3020662,727.212516873231
3020663,258.0629680874129
3020664,170.15610737887528
3020665,44.31568297211344
3020666,31.714854267922348
3020667,2049.1658317179067
3020668,6.0232832244647305
3020669,0.21920950932320069
3020670,9.003501076899395
3020671,14.207942153458776
3020672,0.11062663469401476
3020673,145.22025352414536
3020674,0.8030445384967497
3020675,0.0
3020676,2.4757801544143443
3020677,11.15228879145152
3020678,1.6546620037306532
3020679,191.2937193311951
3020680,161.59760193700657
3020681,1.0056207771456456
3020682,3.3289004042058443
3020683,62.252343631547795
3020684,56.16290953522185
3020685,309.7152848593249
3020686,2.388225909636879
3020687,2.678516018396916
3020688,3.4188956530978136
3020689,0.6259445311490002
3020690,3.931971041803304
3020691,1430.9352647125515
3020692,0.010249111201477276
3020693,159.69026864105703
3020694,2.3606448415424954
3020695,666.8999964005097
3020696,253.32756116913978
3020697,214.316596559674
3020698,77.28225954855537
3020699,50.995076270684315
3020700,2148.495776028024
3020701,5.7152265150268065
3020702,0.8566652911765342
3020703,12.537173746363537
3020704,13.177778142837331
3020705,0.10566443464498114
3020706,184.27623507690595
3020707,8.952207908542
3020708,0.0
3020709,3.081228973674365
3020710,15.909698928990203
3020711,1.6642511512887077
3020712,87.3199263603707
3020713,163.7613576491902
3020714,0.9139875007921008
3020715,4.566418895894865
3020716,83.4964271571909
3020717,29.437575274341153
3020718,440.4867591790989
3020719,6.239909704964485
3020720,2.939681592397312
3020721,5.253816728339836
3020722,0.19972792660770777
3020723,2.4605763226648363
3020724,1789.5010061781563
3020725,0.012858695979753513
3020726,206.0711646855962
3020727,5.437926325277954
3020728,1021.1861003397521
3020729,369.03518313604195
3020730,223.8207459921762
3020731,193.05767623209695
3020732,37.555764998076995
3020733,2582.4596451605294
3020734,5.4249579659576765
3020735,0.46094887122982237
3020736,11.96649750485274
3020737,16.596786694398933
3020738,0.186958593862402
3020739,227.71903489231525
3020740,0.023319989151535374
3020741,0.020988901324209632
3020742,2.3340230940492424
3020743,29.96238564954551
3020744,1.448413855113662
3020745,63.45808310922563
3020746,194.85604302113893
3020747,1.1303830343413177
3020748,3.742974180250854
3020749,79.09690591821085
3020750,42.432979863978204
3020751,572.9712188619801
3020752,0.053196801417986994
3020753,0.8180439726093739
3020754,10.059783894959693
3020755,0.44947022663780645
3020756,4.896107483816196
3020757,4328.159271622753
3020758,0.022316297789064063
3020759,478.16830011132237
3020760,7.451407668702369
3020761,1428.9000728709632
3020762,908.9639763613551
3020763,634.2681888199044
3020764,235.25670139487198
3020765,129.58154671871412
3020766,5432.5481885770405
3020767,18.33862996017822
3020768,1.5202526758412884
3020769,28.287561245645513
3020770,34.68174166581845
3020771,0.10814313839333183
3020772,413.6311634235687
3020773,0.5153429399223631
3020774,0.043226358108682465
3020775,15.460289640154738
3020776,43.03854395598377
3020777,4.178859908923128
3020778,300.77229636086184
3020779,385.4378451292657
3020780,3.575764014518905
3020781,11.621686952252198
3020782,473.11365427679345
3020783,73.84436965246059
3020784,1836.7129209622944
3020785,24.7321401031628
3020786,21.31682085423984
3020787,4.081289433854494
3020788,0.16086651164816537
3020789,4.8169820612511165
3020790,2398.0306626565734
3020791,0.01604786211929088
3020792,647.4431583365678
3020793,6.329262801189831
3020794,658.9557654228264
3020795,634.3568345343484
3020796,210.0183478201287
3020797,203.5594775763107
3020798,67.86607881884221
3020799,2874.8550682755535
3020800,18.22203445031501
3020801,1.1086816515339146
3020802,21.663996065581504
3020803,19.0862136921567
3020804,0.08101626068774982
3020805,220.97311291898754
3020806,14.382709576107679
3020807,4.851295640059264
3020808,7.966338598075403
3020809,49.7393254943586
3020810,2.5518152076345855
3020811,120.99679322839539
3020812,191.80635741732652
3020813,5.336359044012754
3020814,8.230182595271314
3020815,212.99732016856174
3020816,54.56592910408088
3020817,1734.3146110973166
3020818,47.696507922069316
3020819,16.78707509807903
3020820,7.512920042190794
3020821,0.3523947138643767
3020822,2.974197360505235
3020823,2531.3649974389764
3020824,0.014700950733955234
3020825,194.17876325269452
3020826,5.102167021092618
3020827,825.3912937783126
3020828,335.79796415203054
3020829,274.90348465590864
3020830,69.1469033390677
3020831,40.37369184546329
3020832,3071.928639005098
3020833,13.77601106289681
3020834,1.328035089358663
3020835,13.739433833911468
3020836,13.900878233019968
3020837,0.11902187867656958
3020838,185.9940558778964
3020839,9.469767731245655
3020840,0.022311557553537732
3020841,5.204279248521991
3020842,29.497722362997145
3020843,2.202650947230681
3020844,128.8900550091293
3020845,187.90545757961706
3020846,1.2732152575125069
3020847,5.844249231911342
3020848,88.14543719052517
3020849,27.298236210695183
3020850,456.56504730904965
3020851,6.94307434797596
3020852,4.747109318564504
3020853,8.279722611733952
3020854,0.024063024825637887
3020855,9.962893800329393
3020856,3750.577375745643
3020857,0.020618699337380083
3020858,727.7010729037892
3020859,10.078865221097491
3020860,1004.87005445698
3020861,973.9340639281719
3020862,249.8042192286851
3020863,226.92229349803011
3020864,121.63699934255342
3020865,4426.495956456008
3020866,45.04063833866001
3020867,1.6548543011749752
3020868,18.601089292977452
3020869,28.42605808070756
3020870,0.19760476802527893
3020871,313.79948106973
3020872,36.5945030455537
3020873,17.259175352665974
3020874,5.818618778130691
3020875,79.81657607673198
3020876,8.224512297785397
3020877,410.5448930283245
3020878,328.5209400254763
3020879,10.449292925628939
3020880,10.405772249517598
3020881,512.6386178948219
3020882,114.88840371821469
3020883,2623.995984977722
3020884,0.09028426965087534
3020885,42.83227028009685
3020886,10.676801376299512
3020887,0.10632875345773257
3020888,9.79465883130948
3020889,5112.05501914552
3020890,0.03454656801756284
3020891,847.604971418046
3020892,9.872235878027034
3020893,2137.121356048895
3020894,1120.3807530131016
3020895,942.5043174177537
3020896,162.87269577148547
3020897,101.9247339170227
3020898,8134.873442200838
3020899,23.449316338565257
3020900,1.7481632458336334
3020901,30.334620474920577
3020902,28.488877854637945
3020903,0.0006128223643984427
3020904,537.4174527264112
3020905,6.382348839591022
3020906,8.255476950199125
3020907,8.817961640503645
3020908,53.45009857888573
3020909,1.6930805172019672
3020910,465.3861508313154
3020911,557.3369878112196
3020912,7.072353354270447
3020913,8.134844388180625
3020914,493.23472608953705
3020915,105.06250412983414
3020916,1517.624002653239
3020917,103.49687017741176
3020918,22.31403118992417
3020919,15.25887804682725
3020920,0.41324812523300736
3020921,7.342256329793331
3020922,4516.668863930584
3020923,0.053772558042774844
3020924,737.8746621478733
3020925,6.796888337945918
3020926,2205.6367555443694
3020927,969.9330901309206
3020928,468.72984441292294
3020929,359.3072346131003
3020930,91.50224157941301
3020931,5999.076454102543
3020932,25.593492030446406
3020933,1.1522318774894225
3020934,45.40218778395882
3020935,50.919253245199215
3020936,0.38254332331026875
3020937,513.7674026634094
3020938,8.441515832183848
3020939,4.942503611973493
3020940,14.456827810154815
3020941,46.43416374477462
3020942,2.708311291087031
3020943,177.67820157113397
3020944,451.87089845022257
3020945,4.060665878443941
3020946,7.811370561499943
3020947,250.8484527581097
3020948,189.08109083639584
3020949,1856.6847033036522
3020950,0.37328453706431275
3020951,8.886228302088107
3020952,4.984344946950427
3020953,0.19798927311429285
3020954,3.4444812523709167
3020955,1833.9101386625446
3020956,0.020729019873100458
3020957,169.13295052698874
3020958,6.979265142079405
3020959,717.8867552132815
3020960,320.0020550184581
3020961,163.013675560304
3020962,46.400287809099304
3020963,45.86809609890668
3020964,2376.4822413813386
3020965,8.296174936661288
3020966,0.7007225681193096
3020967,22.433296829960586
3020968,20.37520960273942
3020969,0.0007691203765405348
3020970,204.31143714469158
3020971,0.4002633631050212
3020972,0.0
3020973,4.772277322447737
3020974,39.96908156675659
3020975,2.69424012583495
3020976,107.60454304349392
3020977,183.75828830509238
3020978,1.1283897927199076
3020979,6.937323164678304
3020980,157.234042362182
3020981,33.23918094771745
3020982,470.16419422471546
3020983,16.954919380641783
3020984,1.495298607135179
3020985,2.307696091673136
3020986,0.021758801130362593
3020987,2.7067310778796747
3020988,1719.6297742875645
3020989,0.17777746004327222
3020990,257.17524587737773
3020991,10.658320899414518
3020992,523.5007902813251
3020993,512.9027544989524
3020994,127.44733280068132
3020995,52.16519158666434
3020996,64.63070840680027
3020997,2030.0217666992082
3020998,18.619325792582014
3020999,0.48105717377338736
3021000,11.216847944126224
3021001,11.669875835440164
3021002,0.22015054688277466
3021003,149.2466087796628
3021004,14.650976033430931
3021005,2.8388913983782613
3021006,5.376828288968887
3021007,46.18678619105226
3021008,4.738389152855269
3021009,732.9783725638166
3021010,185.48202873370175
3021011,4.025248603037184
3021012,5.996632059995574
3021013,274.233648978112
3021014,31.962749113836885
3021015,1149.5914939664212
3021016,0.061828501188480295
3021017,6.516310360106916
3021018,3.3333025099503772
3021019,0.08916399331222284
3021020,6.121355144238072
3021021,3899.0176302381706
3021022,0.010180423507287878
3021023,773.2517729596974
3021024,11.21561804993106
3021025,1018.4654002985067
3021026,1289.8844307168342
3021027,259.0676740823527
3021028,217.30415849428712
3021029,134.92429899211302
3021030,3988.102882497789
3021031,35.858813536649976
3021032,0.7634035650309405
3021033,20.032127900277644
3021034,35.96920028088554
3021035,0.02640446184443595
3021036,274.7579561738701
3021037,13.837530206920375
3021038,35.235088433201035
3021039,8.53593579938174
3021040,54.89421394544901
3021041,10.398780991030801
3021042,347.6445247339125
3021043,309.50827750915033
3021044,17.94445637723882
3021045,8.839303753541737
3021046,491.1949080146677
3021047,113.38900654710775
3021048,3265.5783676200385
3021049,0.05117653942408762
3021050,19.09979463087678
3021051,2.6325329952604113
3021052,0.04342091065408444
3021053,3.4672628308817806
3021054,1925.2408778917097
3021055,0.0
3021056,347.5350218893215
3021057,5.728515820699664
3021058,352.25283792168983
3021059,496.39539315706895
3021060,123.77806583294783
3021061,103.42162648304266
3021062,77.40615553311326
3021063,1585.7339301714865
3021064,20.304877060604085
3021065,0.6962209322538839
3021066,10.69633459953129
3021067,17.203767048340882
3021068,0.017510353728819723
3021069,101.44417606489294
3021070,0.002459197972518379
3021071,21.780125153830518
3021072,3.2710311513263886
3021073,77.41586854245398
3021074,6.145858352605814
3021075,153.74088857513186
3021076,108.50652605033564
3021077,4.254634984679312
3021078,6.720257172271019
3021079,136.75863978185785
3021080,35.47644439599075
3021081,1120.3511702199319
3021082,0.5175706296115364
3021083,3.0730676127632695
3021084,5.223143705274606
3021085,0.03147349438328445
3021086,0.5251389416865041
3021087,1350.7832631844265
3021088,0.01711222960505852
3021089,290.09275577871506
3021090,5.53796936627017
3021091,391.7631743993576
3021092,351.3545613231764
3021093,125.7239599351535
3021094,50.128753312793535
3021095,38.774402455573906
3021096,1881.3170482302564
3021097,10.012382364777528
3021098,0.6106296709093946
3021099,12.389805580209758
3021100,9.553361609976584
3021101,0.31116945577446553
3021102,122.22690410856102
3021103,0.5336110012174305
3021104,6.52159735054882
3021105,1.3216346245756785
3021106,27.921533532893825
3021107,0.3881025430126514
3021108,331.36889598052613
3021109,161.6869380124684
3021110,2.780244428649881
3021111,1.7861077498770566
3021112,191.3724228343421
3021113,30.403306007049277
3021114,590.4998551608339
3021115,0.8005126519352079
3021116,2.056372808030778
3021117,10.348961147184765
3021118,0.2491267005217365
3021119,4.8178393821473335
3021120,5246.813156869562
3021121,0.10601089058349171
3021122,976.7133178350845
3021123,18.46481762930108
3021124,1227.5601391363866
3021125,1521.124797192516
3021126,409.7447732998223
3021127,338.2185174169868
3021128,171.64053939604773
3021129,5861.493543074655
3021130,45.33624091117265
3021131,2.6734388401674916
3021132,28.005653898201288
3021133,39.80260155367164
3021134,0.2779943524967194
3021135,356.80225809028934
3021136,13.396814554821205
3021137,48.83398644865217
3021138,11.518536000061626
3021139,218.68998828145425
3021140,5.252009806670843
3021141,361.0668609224128
3021142,383.30668558360327
3021143,14.355853483316249
3021144,13.545691524515844
3021145,531.3777351844046
3021146,117.07053599357458
3021147,3744.116855178408
3021148,1.8033662660332161
3021149,23.727738161146142
3021150,9.167483290171706
3021151,0.04722922664726651
3021152,5.5960416570661655
3021153,5458.214570654002
3021154,0.014993370937070616
3021155,1123.2442781525745
3021156,15.74184001364071
3021157,1732.1071536669986
3021158,1467.635428597031
3021159,522.5887565498851
3021160,374.59584124861533
3021161,94.24505770104072
3021162,7139.480426453556
3021163,22.08984739650355
3021164,1.1523232050252035
3021165,39.31979985884303
3021166,28.55749073850039
3021167,1.1279839000598717
3021168,429.27217317100906
3021169,0.042502160978941245
3021170,6.353751647685312
3021171,7.43448253624056
3021172,58.856739576316116
3021173,1.558544123583542
3021174,243.6205596918671
3021175,448.8035466727333
3021176,7.42365342729003
3021177,7.528168008762286
3021178,313.1947041305468
3021179,102.33415398333796
3021180,2186.9466552203135
3021181,4.40220424909056
3021182,6.003611839455149
3021183,8.95600855443386
3021184,0.4164814235901877
3021185,3.0869228713128534
3021186,4513.031813260855
3021187,0.025868429597947985
3021188,1052.930743095482
3021189,13.736960699348142
3021190,1397.6920847590873
3021191,1108.4355018134693
3021192,393.1778983870574
3021193,287.5118399183588
3021194,97.48062599690334
3021195,5694.065627897945
3021196,27.398428501143034
3021197,1.5794424773226419
3021198,30.911286416395587
3021199,31.418649973714516
3021200,0.059113391318879965
3021201,367.3006631770088
3021202,0.044007659070211244
3021203,6.695959473195349
3021204,7.307680228413709
3021205,104.85121044666069
3021206,1.7229636098622876
3021207,145.70179114060542
3021208,349.40860014501783
3021209,6.526315759463936
3021210,5.82320137062695
3021211,257.07073882118357
3021212,89.27753166321243
3021213,1506.5805754870453
3021214,2.5698637327708456
3021215,9.04812632874668
3021216,15.955627091931856
3021217,1.446693443354681
3021218,24.15908672777386
3021219,11401.681418362583
3021220,0.06719577127419217
3021221,1498.1367646287486
3021222,31.33810961254497
3021223,2407.851027914873
3021224,2569.501180626972
3021225,436.91917117249744
3021226,597.873506411374
3021227,409.2601526683797
3021228,9381.28593744346
3021229,96.47434790969498
3021230,4.010511875784557
3021231,62.835869688095926
3021232,66.66126554879534
3021233,0.4711095873122808
3021234,728.696594222522
3021235,72.04485506140517
3021236,61.46039326098382
3021237,32.48359401364626
3021238,195.19580353489587
3021239,25.700326173771998
3021240,851.805553044736
3021241,764.1517213660751
3021242,26.925268507860068
3021243,36.757136160809296
3021244,1358.6718479862752
3021245,297.707191268851
3021246,8967.729528020905
3021247,1.1766565708194439
3021248,103.90471652031356
3021249,3.151606392813287
3021250,0.1546968390943723
3021251,0.8716090237801744
3021252,1751.9677382190737
3021253,0.02758296755037483
3021254,231.66605087053077
3021255,4.125468831351626
3021256,649.2469212258976
3021257,325.8435666011393
3021258,135.55333957637134
3021259,146.8031826692439
3021260,45.89133157518426
3021261,2084.5614691631827
3021262,7.731654423357456
3021263,0.2495715947004081
3021264,12.457009028709846
3021265,9.221412582418084
3021266,0.1196597607780511
3021267,153.5417076746251
3021268,0.6935496835049698
3021269,0.02662746685801771
3021270,3.151649627013849
3021271,29.16714317841991
3021272,0.7625518894801422
3021273,60.39477592346945
3021274,114.8545659287704
3021275,1.9800523180722862
3021276,4.904572325238411
3021277,126.76238823417206
3021278,22.5959955952124
3021279,604.4267186119719
3021280,0.1655937190265377
3021281,4.227653271579271
3021282,9.87786450967508
3021283,0.18220907343830062
3021284,3.423166189187136
3021285,4575.962601556154
3021286,0.02204863765369146
3021287,789.7398588749752
3021288,9.338139018989203
3021289,1709.6151437258104
3021290,974.6116820142652
3021291,326.7919422924543
3021292,371.5880882057992
3021293,67.10687134995933
3021294,5635.051372700978
3021295,20.28143601321627
3021296,0.46891828822044396
3021297,29.592291095579828
3021298,25.383373573522253
3021299,0.1070073147092487
3021300,412.2128591061479
3021301,1.6797094622116278
3021302,4.533689180992531
3021303,10.407765076537046
3021304,18.938704304421996
3021305,1.9055757660280805
3021306,429.95683352041164
3021307,381.91473373254985
3021308,4.751710009598013
3021309,9.312014036871071
3021310,157.85448265327022
3021311,87.00356131184705
3021312,1497.3586892590113
3021313,1.7587392400535853
3021314,3.925719150002522
3021315,1.674649428503839
3021316,0.0134093131665851
3021317,0.6412462053776368
3021318,1334.0689466071792
3021319,0.013931381452302499
3021320,177.87057204159564
3021321,3.032564790482742
3021322,550.8762233957561
3021323,223.0888693767686
3021324,109.82584917171255
3021325,152.00275205662098
3021326,21.926082395353628
3021327,1819.6872544188252
3021328,2.6980218225301793
3021329,0.3188952687732636
3021330,10.071801732891055
3021331,3.6157292680117368
3021332,0.10407799985210801
3021333,110.51333537104098
3021334,0.028881824909872497
3021335,0.014659781968032333
3021336,0.40348598593375146
3021337,27.084592629469988
3021338,0.19755562732794452
3021339,78.67644071987907
3021340,97.71048263357619
3021341,0.4809386102811743
3021342,1.107148054941912
3021343,62.802311337724745
3021344,12.204997669089524
3021345,220.98315188643744
3021346,0.008634339452565965
3021347,1.5860904431781948
3021348,9.72397310752659
3021349,0.02322712335054845
3021350,2.2200280855878085
3021351,2627.120899345536
3021352,0.0026691559692537644
3021353,327.6199290962445
3021354,6.787569448063088
3021355,1227.09631718709
3021356,552.6188770185825
3021357,200.8855382790176
3021358,170.3225781410936
3021359,49.07183737256188
3021360,3550.7069580409952
3021361,4.933914697278388
3021362,0.5668554317493459
3021363,27.021033061962637
3021364,24.946511574160905
3021365,0.1801329651844312
3021366,290.0558149159021
3021367,0.0036927964774794665
3021368,0.0008891105281536955
3021369,18.652199861288125
3021370,26.265558925961052
3021371,1.7243650195079823
3021372,308.2398770069023
3021373,285.4122748135503
3021374,2.4119185086139274
3021375,4.929684312948823
3021376,233.6784364766157
3021377,31.78838495721937
3021378,1264.303841319282
3021379,0.03302638285291499
3021380,0.9324265109559777
3021381,2.9899922710291977
3021382,0.24488886802654913
3021383,1.7148236764219438
3021384,2909.027944922161
3021385,0.012340900891243616
3021386,754.3817856467597
3021387,6.413626361257308
3021388,900.4071455459929
3021389,689.2641051962185
3021390,236.6143543683178
3021391,124.88630063881025
3021392,62.97705650793343
3021393,4129.855305648083
3021394,11.90540079508696
3021395,2.5903187276269333
3021396,28.711413013722975
3021397,36.544845780775155
3021398,0.08974759794694825
3021399,208.69873227919757
3021400,2.561426837390836
3021401,4.355925310439544
3021402,3.4403370032801477
3021403,32.89879343575944
3021404,2.2241946635620207
3021405,160.71156729155314
3021406,248.3100607593914
3021407,3.9363812431185328
3021408,6.3294477130435025
3021409,139.2887081586301
3021410,29.44384840682081
3021411,586.2686564104945
3021412,4.336477798259404
3021413,2.626894398621296
3021414,5.138477120296028
3021415,0.05265487328172246
3021416,0.3417991411848865
3021417,1772.085086841383
3021418,0.02382681168782444
3021419,150.2015158171815
3021420,2.849775597114326
3021421,612.4075730675378
3021422,241.32910959536682
3021423,110.52578917303812
3021424,186.63946584040318
3021425,45.5255902029152
3021426,2239.760205391259
3021427,13.106640157167298
3021428,0.3737081891562461
3021429,11.219893133600957
3021430,9.820621437421531
3021431,0.046663635685786395
3021432,129.4494095410025
3021433,0.03305122298768384
3021434,0.04086087885706425
3021435,0.6138504232705502
3021436,54.24596994459592
3021437,0.6300821181528677
3021438,210.1558497079353
3021439,109.26804573997896
3021440,0.8356879182790643
3021441,1.1235363110687875
3021442,74.90607800267416
3021443,21.807905305959743
3021444,400.262948431911
3021445,0.12086656938622689
3021446,0.4923883207760297
3021447,4.640030915885334
3021448,0.058392778221826605
3021449,0.9139617183533195
3021450,4072.7058723320183
3021451,0.027553471294859015
3021452,663.2344087320134
3021453,8.048438804924661
3021454,1114.1929726601225
3021455,777.6736886746817
3021456,260.93254732663064
3021457,138.77041566002887
3021458,87.28519848706375
3021459,4517.320688285594
3021460,7.706330328782109
3021461,0.5716685975966774
3021462,16.558752065098844
3021463,13.441983558328102
3021464,0.1417304892676857
3021465,261.7642688012265
3021466,0.045725125633499085
3021467,28.888441850784467
3021468,3.4551488235730217
3021469,55.53724528834667
3021470,1.3277584986803088
3021471,208.9039761442562
3021472,271.97311780089944
3021473,2.885052711651267
3021474,4.478545420532532
3021475,139.9071557872616
3021476,48.09926460241476
3021477,1319.1481708735992
3021478,0.5422880051640289
3021479,1.0469850574856836
3021480,3.2856516333771713
3021481,0.0
3021482,6.221373288826648
3021483,2190.2572872942924
3021484,0.003663591462190977
3021485,401.4162009178605
3021486,5.391380677092851
3021487,685.6266554072077
3021488,670.1489995758774
3021489,126.68048075466562
3021490,105.63502004182338
3021491,80.23814866023892
3021492,2744.1264945091807
3021493,41.74474790276477
3021494,1.3864825470979953
3021495,17.57694655820705
3021496,21.581938887442636
3021497,0.10168755471083044
3021498,204.75618085214523
3021499,26.51730235083448
3021500,15.625310104122306
3021501,2.0331796707966046
3021502,62.25284394105358
3021503,8.082594048790638
3021504,166.4046923494503
3021505,234.8240623593815
3021506,10.65524135804885
3021507,12.354983144514033
3021508,194.79778208061353
3021509,50.56938183729246
3021510,1796.2799870746794
3021511,0.03665730271877226
3021512,8.681558226071632
3021513,9.178647866659437
3021514,0.01779103379948699
3021515,10.435382621504177
3021516,2853.003003293124
3021517,0.025576495743859215
3021518,569.4788500784219
3021519,13.208952303574216
3021520,1260.759310813634
3021521,826.1566446654242
3021522,157.1997226044428
3021523,121.30983856528738
3021524,99.14873448597776
3021525,4441.681169273521
3021526,29.678138528262547
3021527,1.7076629896126003
3021528,38.05241590548509
3021529,52.49444645473559
3021530,0.025994227599342987
3021531,412.725917462633
3021532,35.208865247959324
3021533,17.9273374873355
3021534,11.216683249354553
3021535,82.87756227225138
3021536,13.109635774561161
3021537,149.29879551572736
3021538,463.0944279246553
3021539,8.863378608410029
3021540,13.637891410480451
3021541,138.4946433600458
3021542,86.11873101161896
3021543,2085.007841605999
3021544,0.3528837388362576
3021545,20.84345091809193
3021546,9.629232470977252
3021547,0.31161933763433963
3021548,4.908923208295301
3021549,4059.623072300179
3021550,0.01670993297558407
3021551,807.4169492637459
3021552,7.615484301652203
3021553,1660.0251195819267
3021554,687.078186599645
3021555,206.27053965126697
3021556,299.4210628273476
3021557,61.16008427473242
3021558,5008.851292272787
3021559,40.888818589574164
3021560,1.952152972764477
3021561,20.59894490462471
3021562,19.237098964081625
3021563,0.17642256471763584
3021564,379.66477196592416
3021565,8.733061469384925
3021566,14.674965764538367
3021567,9.145040052777787
3021568,57.29767811773857
3021569,4.164978412109707
3021570,166.4821533116893
3021571,374.328760748056
3021572,8.66316044291736
3021573,13.278085797212642
3021574,253.7702771089931
3021575,54.97409164449017
3021576,1714.1751570251802
3021577,11.909699223960056
3021578,17.700677191276455
3021579,4.39783194177554
3021580,0.2507392289593998
3021581,6.187259977285387
3021582,3397.965100627081
3021583,0.06743629815110991
3021584,477.9434597864564
3021585,7.373557532230165
3021586,962.3633239018754
3021587,963.0077968241965
3021588,256.3521410996703
3021589,200.83193607246224
3021590,120.27038837712517
3021591,4191.233409666584
3021592,31.61015783962844
3021593,1.63078871343649
3021594,18.52487477487852
3021595,16.787208413323103
3021596,0.2428427622560815
3021597,306.05407511958913
3021598,28.988017164903084
3021599,24.47128677391545
3021600,2.375644236013056
3021601,81.58821625823845
3021602,7.48561449356637
3021603,375.3592570650222
3021604,337.84522645316434
3021605,9.329419876348128
3021606,12.800891153113515
3021607,469.93656328707146
3021608,52.70318160621284
3021609,2851.328950510887
3021610,0.14044540018676813
3021611,34.88282113517392
3021612,4.412554290926373
3021613,0.11438822542913675
3021614,2.3530595514906287
3021615,5284.063234663006
3021616,0.016710142424221894
3021617,497.71798255982407
3021618,5.587479803382209
3021619,1938.7288423730736
3021620,651.6274069807979
3021621,297.8199451831415
3021622,165.51677218065802
3021623,58.76696795609761
3021624,5720.802835293358
3021625,13.757265363074604
3021626,1.5256344123577823
3021627,35.414836151631306
3021628,26.78674986513282
3021629,0.16587865682035594
3021630,418.1403888220066
3021631,0.029539909442784288
3021632,0.15292259304041453
3021633,6.72381279297358
3021634,33.950889178641056
3021635,2.1721928361532257
3021636,144.93937668914543
3021637,342.85830564447554
3021638,4.047815120487653
3021639,9.07324959402012
3021640,174.1438262522779
3021641,56.06965619601572
3021642,1015.8804833552381
3021643,0.036677313146686805
3021644,4.216157458293367
3021645,10.189823380080282
3021646,0.038213741515118166
3021647,12.174297983191016
3021648,3863.4845840598446
3021649,0.021328254188832708
3021650,782.8709465193723
3021651,11.483009972577383
3021652,1611.3733109372693
3021653,1062.7480325279062
3021654,342.8898911802454
3021655,205.9858993496824
3021656,147.94981481283264
3021657,5311.241623958917
3021658,50.472917444867484
3021659,1.5403367486246324
3021660,32.94168030340432
3021661,41.719371783618556
3021662,0.07940553506763647
3021663,423.5227411191647
3021664,36.95847461128539
3021665,23.459254193812843
3021666,10.890384647336829
3021667,80.47785959736014
3021668,15.908248260338025
3021669,276.26740617631043
3021670,524.6547580983969
3021671,18.475560088337698
3021672,12.566291458472747
3021673,263.622354122887
3021674,77.26206118548397
3021675,2801.78771518254
3021676,0.6605492433565281
3021677,9.449271867432762
3021678,4.715195009072848
3021679,0.04271660453460984
3021680,7.617708193482677
3021681,3118.232670023562
3021682,0.04273339891381896
3021683,527.2089767903499
3021684,9.532807946014417
3021685,859.402983556329
3021686,867.7669649603907
3021687,194.79916845483257
3021688,167.01181572286848
3021689,107.34362997739586
3021690,3397.0319348968455
3021691,38.19481448624444
3021692,1.174466986752822
3021693,22.35346303908477
3021694,22.668903486061456
3021695,0.09232202966959514
3021696,259.7017391168907
3021697,28.54143646138479
3021698,39.37283394402862
3021699,6.17896074833399
3021700,66.1325667881834
3021701,11.770529856010814
3021702,233.21742825562012
3021703,289.00632834382725
3021704,11.090360746446944
3021705,11.921064511346996
3021706,247.28318847961486
3021707,60.03654190950119
3021708,2393.58335339303
3021709,0.3285370308530957
3021710,22.23983428103435
3021711,5.454045411274771
3021712,0.08363544403955903
3021713,4.1930867688933375
3021714,6063.679359449168
3021715,0.020173819946528882
3021716,767.4905522605252
3021717,17.696904815711058
3021718,1437.3765512104203
3021719,842.0344626318753
3021720,341.0129437826692
3021721,220.3844491399197
3021722,62.09749889719356
3021723,6069.321083188181
3021724,14.797625149633197
3021725,0.2832199707684198
3021726,17.823398530698462
3021727,23.84208321581605
3021728,0.0341615801335801
3021729,324.57604175492514
3021730,0.00902082837137127
3021731,9.910313479827536
3021732,1.2489006040595096
3021733,107.57085052241254
3021734,2.768062874321773
3021735,220.7235162576542
3021736,356.8036000267151
3021737,3.8616434448970454
3021738,2.414133335649538
3021739,280.0294427084219
3021740,138.53979304047454
3021741,1454.0901045197102
3021742,1.6206454454648773
3021743,0.638393818766549
3021744,19.081527627890058
3021745,0.013842884022709123
3021746,27.22787195815766
3021747,14560.405223005158
3021748,0.061539615794987304
3021749,2334.92843163983
3021750,24.13547747008607
3021751,3314.441625676393
3021752,3421.5968764890945
3021753,810.9448749073041
3021754,853.2032742813416
3021755,555.7695448418813
3021756,13490.67962934643
3021757,105.72382261466105
3021758,6.311468857676772
3021759,152.44846594626648
3021760,147.1809980563891
3021761,0.24013163201136403
3021762,1102.623648074766
3021763,53.53006824719603
3021764,25.026717995720674
3021765,62.479117746025764
3021766,215.79700507867207
3021767,29.818476967839892
3021768,1134.5973392871763
3021769,940.1640855118276
3021770,64.57102324909131
3021771,62.88529639875554
3021772,1558.6715007140372
3021773,343.56424017526615
3021774,12569.178324826578
3021775,269.4025791169924
3021776,129.8475736266095
3021777,21.798239345236055
3021778,0.02357624327638097
3021779,24.3496583030447
3021780,13789.57512728951
3021781,0.08360367676069351
3021782,1694.310317752934
3021783,24.6778637475548
3021784,3542.4370293642946
3021785,3059.187404088486
3021786,1024.3358339923602
3021787,522.8739393476958
3021788,424.25008169893835
3021789,13250.959165800852
3021790,143.490579810912
3021791,2.3865304236690297
3021792,69.251441529445
3021793,98.24952106736191
3021794,0.8629316109751236
3021795,1085.020931791433
3021796,50.95512728138978
3021797,45.50432692121811
3021798,13.653287314313756
3021799,187.497522643815
3021800,26.39531341236742
3021801,1442.479293470657
3021802,1203.21787783115
3021803,34.46360217944675
3021804,46.33773863596341
3021805,1646.2576890160685
3021806,317.89712271064104
3021807,8543.543274378693
3021808,430.6472073402563
3021809,131.36568684989928
3021810,17.095043219585257
3021811,0.02827910979161411
3021812,29.917459755519477
3021813,9825.826700093532
3021814,0.14520257024791264
3021815,1362.064248453854
3021816,14.112556552448822
3021817,3246.2305487421863
3021818,2344.2125643974127
3021819,1163.417305953414
3021820,235.73309356555194
3021821,338.6236217627506
3021822,12450.634689819974
3021823,66.93405065800916
3021824,2.786297587288204
3021825,47.415864392093766
3021826,43.93010716801124
3021827,0.5706059407528274
3021828,1020.2056984870837
3021829,53.00036419774078
3021830,33.83125075719752
3021831,18.00184613542035
3021832,113.39921523598882
3021833,11.8830586348272
3021834,1257.5618290285215
3021835,1140.8427195326549
3021836,37.05004600595573
3021837,74.69050229283053
3021838,1175.8079057952127
3021839,162.57736396334033
3021840,4039.6213368512217
3021841,220.01813069413163
3021842,78.59547673426714
3021843,19.318536182951064
3021844,0.02308743081761187
3021845,29.44067331996515
3021846,13202.052911335422
3021847,0.08634281408053686
3021848,1608.517816738791
3021849,17.96273061274408
3021850,3014.7562193917956
3021851,2800.174052049145
3021852,911.3025307234516
3021853,479.2072915505395
3021854,323.52826489680706
3021855,12608.263373786165
3021856,71.67417893400575
3021857,2.69241508852833
3021858,76.11924142288399
3021859,105.12971232849573
3021860,1.0256811566154622
3021861,938.5956772514901
3021862,74.06843319983993
3021863,41.230296228728285
3021864,102.90029144196258
3021865,195.98923141061388
3021866,15.983502305192058
3021867,1160.1752955682225
3021868,1096.1385776722789
3021869,38.2088614828939
3021870,51.47967173847782
3021871,1476.134571147965
3021872,266.5565928905479
3021873,7364.249715493299
3021874,388.9833983383526
3021875,100.28735269285707
3021876,19.805796102804162
3021877,0.0208254453652334
3021878,34.76852403992159
3021879,8631.884199213218
3021880,0.04503043426862062
3021881,1217.2273342979752
3021882,20.42984214775619
3021883,3079.0553135440723
3021884,1829.438385044187
3021885,1003.4509061173659
3021886,212.25836293473472
3021887,255.34910495188194
3021888,11982.961783263074
3021889,76.60661042622348
3021890,0.746694870360954
3021891,46.16582556322932
3021892,55.04013199282394
3021893,0.45586762751157944
3021894,941.0480434272955
3021895,50.548162740570284
3021896,19.768907981896177
3021897,28.074358649338734
3021898,121.62518087828435
3021899,7.8460080325545
3021900,1220.1015958945977
3021901,1150.1000510089543
3021902,29.901831826502463
3021903,44.89258921103488
3021904,1295.4593589691203
3021905,144.7066216274482
3021906,3078.0243127345434
3021907,579.2503693516586
3021908,37.98091228544166
3021909,12.907392147028112
3021910,0.02852601017616565
3021911,16.534424177986057
3021912,9592.977179346935
3021913,0.04710373796199794
3021914,1450.9973828337413
3021915,22.563125217171482
3021916,2287.532426380178
3021917,2568.935995884546
3021918,600.3164090908627
3021919,578.080792432069
3021920,361.9898017152397
3021921,9225.668818327038
3021922,73.05447462423167
3021923,2.044172215379929
3021924,58.95546735668417
3021925,58.09171409247411
3021926,0.7388751627746655
3021927,685.5468811301092
3021928,26.30006211585468
3021929,27.08572248710992
3021930,19.030020559034064
3021931,207.85570979787755
3021932,20.264394359005397
3021933,902.2441235986935
3021934,732.3994834645393
3021935,27.08340926418751
3021936,46.5540682700336
3021937,1244.655638829344
3021938,247.21739524943544
3021939,8636.048890271064
3021940,172.49410183349855
3021941,78.96613327374988
3021942,7.973554134900244
3021943,0.3496876726357473
3021944,6.669414797159684
3021945,2269.34282477767
3021946,0.019168831067520393
3021947,392.31482167611296
3021948,21.389728887995325
3021949,1030.3233645298935
3021950,645.4509299064528
3021951,238.50540969928878
3021952,101.9792794028028
3021953,86.32383530351463
3021954,3313.3048177838846
3021955,42.79476473170403
3021956,1.2151459010177361
3021957,26.671579093282123
3021958,29.83154503280017
3021959,0.1142447771845069
3021960,264.5077380966238
3021961,17.211409492032555
3021962,8.7361263829735
3021963,13.123778100650306
3021964,63.84543969220648
3021965,7.175445894379733
3021966,247.37639476736828
3021967,301.377566861308
3021968,4.27583558131159
3021969,8.689630736699824
3021970,240.9632668021837
3021971,52.300612766211046
3021972,1609.4678627123756
3021973,0.6865585984162967
3021974,10.702810027289475
3021975,12.914120625574789
3021976,0.02817854637751284
3021977,21.681276350387698
3021978,6138.509497705472
3021979,0.056449934348603306
3021980,736.8573707877937
3021981,34.40111373761396
3021982,2343.1819272242997
3021983,1433.5492874880974
3021984,639.6224525240968
3021985,153.65322054766875
3021986,151.233786455769
3021987,8355.027368797857
3021988,103.67367049044358
3021989,1.7200074971239336
3021990,52.10434890676237
3021991,45.894870176920676
3021992,0.1382399821296
3021993,586.1370453199797
3021994,32.48171018779409
3021995,9.265981980766625
3021996,4.349478211621678
3021997,105.37701730987537
3021998,11.451909708403228
3021999,598.0859186872287
3022000,709.9742312407169
3022001,18.017520414413617
3022002,38.42334586408445
3022003,476.3214784663503
3022004,82.04134294377619
3022005,2483.6983467437067
3022006,428.38646909104625
3022007,20.883650346478003
3022008,9.208577689622468
3022009,0.005727344164533903
3022010,8.981847676482586
3022011,6229.88133988974
3022012,0.04336107406667856
3022013,1182.6030147384947
3022014,7.928863010597775
3022015,1688.5583214921303
3022016,1883.354215703684
3022017,313.49050461360423
3022018,411.48935210657163
3022019,254.46424525378947
3022020,6459.8811541489495
3022021,52.647924325577115
3022022,1.518011535181715
3022023,37.64861891127716
3022024,44.134021457437576
3022025,0.36232999483531036
3022026,417.60030448771903
3022027,5.129023513925372
3022028,49.82451192522467
3022029,5.708939561167911
3022030,133.40500469197914
3022031,11.759869406892863
3022032,671.6464223461502
3022033,391.6678624659049
3022034,24.901173479023267
3022035,13.805712757208562
3022036,806.8811246249181
3022037,137.5861572561422
3022038,6200.459279334341
3022039,3.9395800200902404
3022040,57.723142837716196
3022041,15.184296198025944
3022042,0.038238315090550395
3022043,11.32113614909495
3022044,5942.082929280489
3022045,0.03329439721343347
3022046,1055.3142617525573
3022047,11.370181697277035
3022048,1819.8064280175367
3022049,1421.7623113840189
3022050,444.5660391796819
3022051,266.63212810257505
3022052,291.92229662870085
3022053,7787.808729778484
3022054,58.859560275811
3022055,3.1585066880120407
3022056,57.22605643180977
3022057,61.01921999109573
3022058,0.346793542394456
3022059,484.9001148733776
3022060,11.33014144188517
3022061,61.22676003345993
3022062,8.413027965735148
3022063,173.82929014491452
3022064,12.419157512992998
3022065,506.1365628762746
3022066,484.0987125535484
3022067,19.26772496365549
3022068,35.73676758342301
3022069,566.1834855495549
3022070,137.912409278691
3022071,4557.631342964459
3022072,4.826403335053006
3022073,12.058825850824961
3022074,12.03597935724283
3022075,0.07999060015312341
3022076,5.855144453385354
3022077,3174.022751438999
3022078,0.01976330727608418
3022079,683.7727185018045
3022080,7.752865595545302
3022081,1246.144577066223
3022082,717.3348833038851
3022083,296.12765661306116
3022084,134.4610932388442
3022085,120.65285004022371
3022086,3957.5678070831445
3022087,22.808502480225734
3022088,1.762276919145503
3022089,31.998493396282083
3022090,33.400936757581974
3022091,0.07909094013675806
3022092,315.5308299942939
3022093,7.521298009142634
3022094,15.219065780639582
3022095,7.55301955765482
3022096,95.5096217650401
3022097,4.534777827790563
3022098,327.6054045786288
3022099,332.4627110949561
3022100,6.245404708616013
3022101,8.482353717157165
3022102,259.5507900096052
3022103,80.4990227753641
3022104,2473.909431890851
3022105,0.5355546101759603
3022106,3.8017602978197753
3022107,8.638918948706356
3022108,0.03729350599761222
3022109,1.457308334131315
3022110,5250.8207086705215
3022111,0.02417008644443888
3022112,422.2502085562031
3022113,4.553513501664659
3022114,1477.0384887751288
3022115,387.38171767922387
3022116,304.7516287405123
3022117,97.55035492529974
3022118,44.623085576565266
3022119,4297.487932251119
3022120,9.615768293755337
3022121,0.9024441690439502
3022122,21.825535575204327
3022123,14.503769665781457
3022124,0.13929154717030887
3022125,344.15638825558574
3022126,0.03309971332738533
3022127,0.03067294850921762
3022128,3.6065167944744405
3022129,20.96874560423774
3022130,1.0732270655185683
3022131,72.66871260042603
3022132,291.76463752100824
3022133,0.12768187496502748
3022134,2.809719707027751
3022135,77.29516235026459
3022136,91.28693514166785
3022137,809.1008621597992
3022138,0.06589953575199242
3022139,2.2371464167746544
3022140,7.995031377835187
3022141,0.05401661543093796
3022142,9.911529644827855
3022143,5122.725355319286
3022144,0.007686775333439967
3022145,674.8036188977808
3022146,11.945195543705365
3022147,1467.3731881664526
3022148,1320.0576261274002
3022149,418.80067355032685
3022150,246.28298763868452
3022151,180.23619567988797
3022152,5937.291172254076
3022153,39.918801658734175
3022154,1.4795056388343744
3022155,34.378802727583555
3022156,64.47499573372448
3022157,0.05899737597874672
3022158,442.6835515316605
3022159,42.314057222707454
3022160,20.39780058226788
3022161,21.134098255772805
3022162,94.36164088743668
3022163,9.397047636368622
3022164,552.8300805680014
3022165,491.3727707174814
3022166,12.887704315691883
3022167,22.15432607018041
3022168,680.3812018995768
3022169,122.59201786240756
3022170,3118.88543551234
3022171,0.08219286595905606
3022172,47.708607101252504
3022173,5.203274605853328
3022174,0.051870008470504936
3022175,6.037331809870378
3022176,4049.7179615671403
3022177,0.09651593142113715
3022178,601.0314209358063
3022179,13.587897950042036
3022180,850.2747880605662
3022181,1121.7765240420847
3022182,177.65187169441833
3022183,252.5282537694544
3022184,205.19710793336864
3022185,3510.4321874614293
3022186,31.362766462618374
3022187,2.272371716700919
3022188,26.153735398085843
3022189,27.119625322333512
3022190,0.6551852397998448
3022191,229.71706017282594
3022192,18.764673178260427
3022193,35.96447010870974
3022194,8.655982414051298
3022195,183.7696349780513
3022196,13.105479604966424
3022197,397.58103102023085
3022198,242.8363392579464
3022199,8.02818318275744
3022200,13.192143016100713
3022201,518.5516793397338
3022202,122.5612126946227
3022203,4347.809503613
3022204,0.13763577645622235
3022205,37.22645128136288
3022206,5.779247641935192
3022207,0.42520244969401405
3022208,14.76851809585428
3022209,6087.0912018848685
3022210,0.041838666425891076
3022211,936.4101644368056
3022212,17.635325087527928
3022213,1377.3905255129803
3022214,1708.2137587967359
3022215,365.0037121313217
3022216,402.1090927909369
3022217,167.09295185955193
3022218,5437.2709194738745
3022219,39.036304176294244
3022220,3.481560807391235
3022221,44.09695237509168
3022222,46.75108586676175
3022223,0.08282449767238904
3022224,442.9801368151158
3022225,40.199687860012446
3022226,35.518520741210644
3022227,27.07458101336282
3022228,110.03069493999698
3022229,19.208414369556934
3022230,445.94234563198285
3022231,429.88041008719244
3022232,26.89490656256772
3022233,25.3092282026756
3022234,685.6446304230827
3022235,174.0862375907155
3022236,5121.625474491052
3022237,1.780045023400467
3022238,43.22687862781647
3022239,14.677675339958816
3022240,0.47688322439529135
3022241,10.295452470121653
3022242,4386.926056470255
3022243,0.0057689948213452075
3022244,655.6633361544494
3022245,14.675052965039914
3022246,1913.6431812554463
3022247,1020.9673172629906
3022248,629.5688537408604
3022249,269.44409965539614
3022250,117.65481344549555
3022251,6980.85998644772
3022252,13.499433265055645
3022253,1.543586374205809
3022254,45.55303541190735
3022255,53.451720767644886
3022256,0.054878342987568336
3022257,499.3123354719041
3022258,18.978513413934298
3022259,5.686205678142638
3022260,12.008816057812256
3022261,55.391537560051525
3022262,3.780120447000334
3022263,408.22052890532467
3022264,534.2543622655019
3022265,9.468274086204234
3022266,10.632447009202002
3022267,479.4477699783367
3022268,123.164282121888
3022269,1771.50403052728
3022270,134.17305784021286
3022271,19.248488997520983
3022272,3.942243121272197
3022273,0.027864720074047458
3022274,4.245847139957046
3022275,2369.4626957408645
3022276,0.048626841071214275
3022277,349.0698762884324
3022278,11.725515641579674
3022279,654.3641277544087
3022280,699.6604477604528
3022281,156.90915694291175
3022282,144.83015503135363
3022283,119.5785407172733
3022284,2600.5140696546473
3022285,17.81174484526666
3022286,1.3154179829846842
3022287,17.731450077297048
3022288,23.444106764064
3022289,0.0817465601756558
3022290,192.96313200358233
3022291,13.51134670479488
3022292,14.130847022553477
3022293,6.321825660479409
3022294,52.06129133626998
3022295,5.344796975228288
3022296,266.05284778170466
3022297,165.32821985659604
3022298,4.668348876193289
3022299,7.496562036400719
3022300,325.2275739574665
3022301,65.36839398692757
3022302,2362.172109475283
3022303,0.06680819855991467
3022304,27.94818951809836
3022305,1.2577592717983614
3022306,0.03360725739431311
3022307,1.2979152290401421
3022308,1341.1485629813392
3022309,0.014698283428197843
3022310,109.33433117640483
3022311,2.2314582130359177
3022312,752.2870676581884
3022313,278.4793797410577
3022314,234.68943837772483
3022315,51.56885392868576
3022316,26.025638000949463
3022317,2583.0972467072593
3022318,2.5590114162284814
3022319,0.29517684197785216
3022320,6.392889740328375
3022321,5.81895520291939
3022322,0.09165473724253022
3022323,182.16011855577622
3022324,2.44979512927025
3022325,0.0
3022326,1.1837771257132035
3022327,5.297972663463302
3022328,0.3131173565601743
3022329,175.6462367464644
3022330,174.9496447659152
3022331,0.6537398824226966
3022332,3.0426681105497786
3022333,118.18201280165772
3022334,26.91398883263595
3022335,240.347602114052
3022336,11.348649412458922
3022337,1.1285371836563745
3022338,5.753277708697001
3022339,0.1399584300468561
3022340,3.9477979111246624
3022341,3991.73861546351
3022342,0.01223357077793681
3022343,607.5215876968433
3022344,7.918033253041531
3022345,1681.2013847565663
3022346,588.1492813111687
3022347,486.8459175454731
3022348,354.01693394837343
3022349,57.69681816692909
3022350,6467.794018050119
3022351,17.379152703437768
3022352,0.5053981494402692
3022353,13.850811092523953
3022354,21.215173927374643
3022355,0.08628689553219102
3022356,489.4914604794492
3022357,7.869019332689646
3022358,1.122567742563027
3022359,7.5537096009753615
3022360,19.627925440021585
3022361,1.7398111569189034
3022362,566.8384149018725
3022363,349.05736783323744
3022364,2.0903763112529234
3022365,12.269822087044515
3022366,246.7492919141623
3022367,74.09839428708398
3022368,1285.513384058633
3022369,22.42922997333661
3022370,7.7533306906684665
3022371,4.295004584795317
3022372,0.05238410169542017
3022373,0.6733646104525766
3022374,1697.6264338073497
3022375,0.029656296143084543
3022376,196.1479029959893
3022377,6.284377417457871
3022378,918.3644652144447
3022379,383.0514075109238
3022380,207.9877409235225
3022381,73.59010872630687
3022382,32.05223811984368
3022383,2855.9465517488006
3022384,5.9893518789433475
3022385,0.60475006311386
3022386,10.504529343691665
3022387,15.04532151759924
3022388,0.10621585251552354
3022389,198.16434706034855
3022390,5.099869537374817
3022391,0.0015470944615085843
3022392,9.718329379978881
3022393,16.243833010877605
3022394,1.2525456407475288
3022395,146.93407380438248
3022396,185.29265369409532
3022397,1.202820984312594
3022398,5.738792460352216
3022399,154.1269243956164
3022400,29.702694571715718
3022401,318.7817921337444
3022402,5.61167965794976
3022403,3.190146961405685
3022404,3.703291260097196
3022405,0.024486963295652035
3022406,3.782723590007449
3022407,1709.302483518257
3022408,0.0
3022409,136.23466256877063
3022410,4.04247765955582
3022411,791.2550078928799
3022412,258.03812683990895
3022413,152.50413655142174
3022414,54.71175290982981
3022415,24.712535940244695
3022416,2607.527784124443
3022417,9.667658358698898
3022418,0.16071061537253714
3022419,8.684448252399392
3022420,9.618583012717972
3022421,0.0
3022422,155.41395634227376
3022423,1.4809374065254717
3022424,0.0
3022425,2.2100206053056963
3022426,16.100806193825683
3022427,0.6698093964553973
3022428,165.5234959853996
3022429,205.74996717112055
3022430,0.437237751858217
3022431,4.029468999162903
3022432,68.09930332050158
3022433,19.163936343088068
3022434,159.5812118730198
3022435,9.45718096686183
3022436,1.4548522078745547
3022437,2.9558111645520526
3022438,0.027542687350641637
3022439,1.3636437778147819
3022440,1370.536582608472
3022441,0.011601193664795654
3022442,165.63349033775933
3022443,4.788358406519121
3022444,1066.7205670303167
3022445,373.0286772646936
3022446,233.7309958317046
3022447,49.25474149222691
3022448,29.966777176009675
3022449,2832.2703190264124
3022450,5.240220244810933
3022451,0.2551761583811998
3022452,9.20329076174536
3022453,21.1797546222382
3022454,0.11419965205201224
3022455,240.09882100922837
3022456,0.7431070700346918
3022457,0.0
3022458,2.904243230463552
3022459,8.7269271150016
3022460,1.3649608699253497
3022461,255.87584002774582
3022462,243.40319417220783
3022463,0.9151169558084533
3022464,4.299709437422301
3022465,69.36434887333913
3022466,84.89779876130793
3022467,383.6286714972546
3022468,9.957865954792807
3022469,3.3678652446515973
3022470,4.036496441282502
3022471,0.651909539801023
3022472,2.8656364234351774
3022473,1768.801732232932
3022474,0.028104643001804226
3022475,163.867176655636
3022476,1.9442273507521441
3022477,1059.2476940921258
3022478,366.58004250844016
3022479,253.82665398421366
3022480,137.61000622880428
3022481,59.08708412767944
3022482,2697.776070518296
3022483,5.997905425726123
3022484,0.724503367337427
3022485,12.333698677268748
3022486,16.062474716144763
3022487,0.11280958809346701
3022488,255.56199056631795
3022489,6.848843611695268
3022490,0.0018035662625836525
3022491,3.6801694698338783
3022492,13.401295296950101
3022493,1.5747959497314836
3022494,147.76465818056948
3022495,224.2756271041523
3022496,0.749388674007684
3022497,4.158213147750327
3022498,105.50730608321572
3022499,41.10984084554818
3022500,632.2043055791975
3022501,7.579490176809866
3022502,3.5365929289100224
3022503,3.586458438805712
3022504,0.12402273203793247
3022505,0.6941642757335523
3022506,1316.7041057596482
3022507,0.005171984747447421
3022508,155.33158558885648
3022509,3.687611006223476
3022510,694.9190890026069
3022511,242.0542321497854
3022512,155.48565568691578
3022513,328.56406509705477
3022514,22.145657535566034
3022515,1919.247738537185
3022516,3.184114261894557
3022517,0.29166478728013534
3022518,8.407961809339966
3022519,12.869833081334626
3022520,0.09693924833680866
3022521,160.88450452702602
3022522,0.012186837633451159
3022523,0.0
3022524,1.841889438735251
3022525,14.611925306048942
3022526,0.957948861821993
3022527,53.99194579177861
3022528,142.4361041934449
3022529,0.6395376549176484
3022530,2.5431097647367675
3022531,62.3595143527222
3022532,34.34689083009964
3022533,501.5767747649557
3022534,0.036947035414069344
3022535,0.6770268982969329
3022536,6.551022607353801
3022537,0.3863355865239426
3022538,3.1968865782535225
3022539,2972.3882149496994
3022540,0.026067420022414165
3022541,318.8150535394653
3022542,4.220999041501527
3022543,1129.3594714361343
3022544,679.2783426452795
3022545,490.45712456846707
3022546,345.3805838741774
3022547,81.34884556372673
3022548,4418.417089333056
3022549,12.276768481399138
3022550,0.7831302139754718
3022551,16.90653967089043
3022552,22.466182392098577
3022553,0.05126988443600771
3022554,299.438435090706
3022555,0.40203168338819883
3022556,0.0
3022557,7.131500604613458
3022558,18.325862274420018
3022559,2.5524418742735944
3022560,237.16722704062536
3022561,284.4960022509768
3022562,1.8321972415745151
3022563,7.561934073045594
3022564,359.29489341027454
3022565,55.9276227102959
3022566,1245.9198365942987
3022567,26.213119262472336
3022568,10.349648618138833
3022569,2.508115771571445
3022570,0.12436960617917145
3022571,2.4524336590309415
3022572,1993.139709248515
3022573,0.01607779179366133
3022574,524.21511282894
3022575,5.030697207329216
3022576,564.8934370727302
3022577,533.9475485691489
3022578,190.21173257604036
3022579,215.80000440993658
3022580,43.48016788214751
3022581,2672.9416636079172
3022582,10.148713098380417
3022583,0.672993782797772
3022584,14.17144236795206
3022585,14.903223655535568
3022586,0.01756154340214428
3022587,170.87678568340897
3022588,7.668252498704314
3022589,2.5946506911468576
3022590,4.967679115785007
3022591,36.211213409886675
3022592,1.6401909635981522
3022593,91.64452741862995
3022594,156.71002308736558
3022595,3.2818569604764214
3022596,5.742130064436407
3022597,164.81677781932137
3022598,48.64655334021509
3022599,1411.4536656110488
3022600,34.55943388740715
3022601,10.36153840222208
3022602,5.523011829065135
3022603,0.3410973620226753
3022604,2.1992571333915736
3022605,2502.5961423719014
3022606,0.02693603870015527
3022607,171.75014135763132
3022608,3.9486143239089313
3022609,927.8747402812274
3022610,339.8052776639676
3022611,280.9794401134525
3022612,102.59407785184648
3022613,38.73916641513785
3022614,3309.614294438028
3022615,15.524597114450932
3022616,0.95162699579665
3022617,11.04521580573065
3022618,9.921602176582553
3022619,0.05900275462056896
3022620,187.50881775390587
3022621,6.262497408462389
3022622,0.0062333740495861285
3022623,3.924490699441889
3022624,12.848827080980044
3022625,1.7507088163933755
3022626,146.36161457628282
3022627,182.51754711552405
3022628,0.9494392640797041
3022629,5.0956137453640675
3022630,96.5934161536565
3022631,25.00109811756886
3022632,472.04852209529525
3022633,1.9519366523941208
3022634,4.223740485106175
3022635,5.1412337379060356
3022636,0.026310497133924776
3022637,6.96782793766847
3022638,2722.577986036809
3022639,0.02320209102728569
3022640,601.955719278196
3022641,7.316062133974784
3022642,790.1390342465824
3022643,721.8673328829112
3022644,209.04362946116268
3022645,163.9409697776838
3022646,73.5902362508272
3022647,3383.579646146312
3022648,34.47856737010393
3022649,1.029897660675986
3022650,14.720461666131582
3022651,18.480428717922987
3022652,0.13243536145120557
3022653,238.71494148269323
3022654,17.81007582675897
3022655,9.269695453955562
3022656,4.595773642702754
3022657,43.67950162129111
3022658,6.345021805836657
3022659,346.87203065615785
3022660,250.4525821547764
3022661,7.696358668193909
3022662,7.482575682976411
3022663,384.19640237721507
3022664,108.77980624644181
3022665,2022.8841943951984
3022666,0.04501590733462166
3022667,28.55454143110467
3022668,4.957470277462174
3022669,0.08767454124089538
3022670,3.2704652281321445
3022671,3171.9199745382443
3022672,0.013224217342603066
3022673,395.98219655603367
3022674,4.190936556273903
3022675,1188.1665768196992
3022676,604.2166024599488
3022677,499.65406257050785
3022678,165.07048895644147
3022679,55.84365545808814
3022680,4801.74087674166
3022681,9.73222676331402
3022682,0.9139265020626596
3022683,13.82934381124813
3022684,11.500230429589141
3022685,0.0
3022686,301.69451004864425
3022687,2.1548829161906617
3022688,5.116311253379396
3022689,5.098661429440195
3022690,22.10745570809952
3022691,0.8188545677430865
3022692,251.0625929188712
3022693,325.7865863022271
3022694,3.2458813155607675
3022695,4.089857603250974
3022696,250.10563445212344
3022697,52.44029895815114
3022698,783.065254620999
3022699,75.53998890332551
3022700,11.414246085103317
3022701,7.484745203418981
3022702,0.27637516839322623
3022703,3.3677227702647707
3022704,2993.9765811266716
3022705,0.03363846334428367
3022706,415.4226717484143
3022707,4.2193142698558885
3022708,1270.3906389422286
3022709,535.5287728765172
3022710,290.57044682765047
3022711,357.1988564055509
3022712,59.095601320767315
3022713,3619.4002025617883
3022714,12.224719346949334
3022715,0.5863359133705518
3022716,28.641934060519972
3022717,33.54644624107133
3022718,0.1767208207385029
3022719,322.97749526731036
3022720,2.656657701103667
3022721,2.266136952684832
3022722,7.51488539793564
3022723,36.338445927634176
3022724,1.3260703025482652
3022725,104.52669713056876
3022726,267.00308531135335
3022727,2.214341972914942
3022728,4.252263800188974
3022729,142.90854546501075
3022730,140.02098806531546
3022731,1132.4721655719484
3022732,0.29540049770670423
3022733,5.098674318525383
3022734,3.8184332178191283
3022735,0.1588297769603528
3022736,2.793201424944486
3022737,1763.244358992782
3022738,0.0229159566399854
3022739,160.88536518896822
3022740,5.248671741782662
3022741,672.6555842013178
3022742,312.6453941933721
3022743,150.62794876859104
3022744,67.6031894037481
3022745,41.76766829798191
3022746,2529.02290513146
3022747,6.033387245763217
3022748,0.5293214957549273
3022749,17.42865934270873
3022750,17.674909435032895
3022751,0.004156035009336413
3022752,169.7903374543178
3022753,0.30318572290489515
3022754,0.0
3022755,3.955039156354263
3022756,22.511099474747418
3022757,1.8928925127842413
3022758,100.68242603887346
3022759,154.54438437280172
3022760,0.8857446092650787
3022761,4.871999020792289
3022762,114.85690911401865
3022763,26.291858293327863
3022764,516.2643804610867
3022765,7.866133538869769
3022766,1.129437949316656
3022767,1.5417443661474328
3022768,0.01996033287305964
3022769,1.034065744707964
3022770,1486.7723873072202
3022771,0.14185401552115165
3022772,282.5105093124667
3022773,7.627690101970661
3022774,499.6163143729008
3022775,463.1650860452673
3022776,130.35004543583983
3022777,49.31963709132823
3022778,46.03970039253532
3022779,2062.668454156076
3022780,19.15345862163748
3022781,0.38380095469577213
3022782,11.003560760665096
3022783,11.385101820947614
3022784,0.1770999662820386
3022785,134.32589983359824
3022786,10.21136596543136
3022787,1.0617794063850714
3022788,4.956077145420597
3022789,26.1371325088272
3022790,3.921763472852885
3022791,398.59878308274557
3022792,139.36293995834444
3022793,2.9319360229617986
3022794,4.893679970078261
3022795,278.83266208150627
3022796,31.758496363641576
3022797,1092.3768785848024
3022798,0.035826870283170616
3022799,6.4052656333030695
3022800,2.522076710888262
3022801,0.09528754550874273
3022802,5.109058763936937
3022803,3353.250225820017
3022804,0.05048843707663668
3022805,717.3359033952086
3022806,13.111778794848721
3022807,945.7702381647529
3022808,1166.432144391324
3022809,253.38916683214964
3022810,215.26794389411864
3022811,136.98231653604336
3022812,3806.014933420371
3022813,31.861359941727486
3022814,0.7151391508834561
3022815,15.914807036946085
3022816,28.041243360142257
3022817,0.07945384089600767
3022818,227.4966929060512
3022819,11.045407949202787
3022820,26.592988708396366
3022821,6.979554343032131
3022822,44.262336834541344
3022823,9.710165879824098
3022824,342.4005925130591
3022825,246.1011562720279
3022826,14.957068745369849
3022827,8.288060382158376
3022828,446.03399516558864
3022829,103.77141444001482
3022830,3177.353230648086
3022831,0.05250911879175987
3022832,20.028833239355915
3022833,1.6253024870942165
3022834,0.05941987412987513
3022835,1.4387075036307666
3022836,1403.2285701699805
3022837,0.0
3022838,279.4379389988155
3022839,3.161971305615389
3022840,295.43757564264115
3022841,375.26707570615287
3022842,101.15692734047906
3022843,82.5953853633459
3022844,46.69174783761881
3022845,1264.8940326162017
3022846,12.097218928257151
3022847,0.4793555232237845
3022848,7.891049175118229
3022849,14.474460993722452
3022850,0.033430362826436764
3022851,78.59093578701398
3022852,0.03810987037687404
3022853,13.064746318134338
3022854,2.450161994293943
3022855,63.54718805531124
3022856,4.473353656651332
3022857,138.12454040610743
3022858,77.73880486492025
3022859,3.3717966684569323
3022860,3.7604098618912856
3022861,105.7574772938676
3022862,28.603487512520452
3022863,913.8613739175285
3022864,0.43000047828150595
3022865,2.051933288590459
3022866,2.8990859223684193
3022867,0.025430765761873305
3022868,0.18058803447174096
3022869,856.5498675594408
3022870,0.013933762324361883
3022871,202.78804904163198
3022872,3.216500631954644
3022873,332.3741358303543
3022874,228.8069696050265
3022875,78.50322150469614
3022876,30.171425785870024
3022877,20.984873166341927
3022878,1302.1383299954598
3022879,5.6720636123119315
3022880,0.4074541198364064
3022881,6.727040011923473
3022882,5.1896265369885155
3022883,0.17625473290191943
3022884,72.91106663333525
3022885,0.17650009385579932
3022886,5.024658366320947
3022887,0.7268382880196483
3022888,8.972255241387188
3022889,0.23545779890270216
3022890,216.44886203496665
3022891,121.0425395567726
3022892,1.7777910248343292
3022893,0.8049340354556576
3022894,111.38428047503295
3022895,18.603622352611772
3022896,377.21547608738996
3022897,0.3804555663490916
3022898,1.181444961623732
3022899,5.331512822037752
3022900,0.21027537158223336
3022901,3.1538340767940842
3022902,3163.721717437616
3022903,0.0774775839109117
3022904,716.746274048832
3022905,10.425617038615947
3022906,909.1352217879095
3022907,1050.305965209317
3022908,274.63937277633494
3022909,259.4232857253725
3022910,93.99356995383316
3022911,3917.1343552632306
3022912,24.009293441191566
3022913,1.7612134458054047
3022914,14.902862212381676
3022915,26.75633821218961
3022916,0.11435294417516
3022917,258.43377366329014
3022918,4.783296419057925
3022919,23.991200133887155
3022920,6.746634484237725
3022921,50.797656072837185
3022922,3.080064120904708
3022923,300.931295481904
3022924,264.5824735810702
3022925,9.102051693155857
3022926,8.44348999469211
3022927,380.6086197900192
3022928,77.35159293153109
3022929,2646.464591817388
3022930,1.2282406971541708
3022931,15.435387672211592
3022932,5.182401210694114
3022933,0.05430313043911242
3022934,1.9636166035239195
3022935,3146.0303034345693
3022936,0.013881261128284545
3022937,645.882610873179
3022938,9.938624333324183
3022939,1109.3665734092083
3022940,762.9474615608525
3022941,316.20609602678553
3022942,390.6860396077788
3022943,49.95457677388004
3022944,4144.061559304741
3022945,11.679117671538023
3022946,0.5853736407938789
3022947,19.290917258974506
3022948,16.395542630287316
3022949,0.4990380591021122
3022950,267.4996234391785
3022951,0.016092706329979244
3022952,2.74952892023881
3022953,3.880805233279254
3022954,15.8809907021575
3022955,0.8467056171129885
3022956,180.62888088955947
3022957,273.8325413177544
3022958,3.5899254566990573
3022959,3.739505913077232
3022960,182.42591850297657
3022961,75.45806050667484
3022962,1312.5033829442302
3022963,2.0346421812301534
3022964,2.782900645948844
3022965,5.098833275214179
3022966,0.32107640896963263
3022967,1.8785460462954269
3022968,2830.5293095090187
3022969,0.01783852583995453
3022970,599.1967186997232
3022971,8.338849933468959
3022972,830.5820649398999
3022973,670.6439372767685
3022974,241.82653257382265
3022975,451.54456548810674
3022976,50.23413378778812
3022977,3557.411589455803
3022978,13.344686087271654
3022979,0.8462772554850997
3022980,23.526903732292137
3022981,16.540877014450853
3022982,0.043786177350730045
3022983,236.30481104492938
3022984,0.009360627580236059
3022985,3.3304234026350095
3022986,4.523271395676981
3022987,38.11261609857662
3022988,0.952627342987364
3022989,120.23829318698805
3022990,230.89386566482344
3022991,3.9024810017756244
3022992,4.145070601066275
3022993,177.39790190684798
3022994,62.292131025812694
3022995,995.2032424293341
3022996,1.389509118554336
3022997,4.324646454221376
3022998,8.523164424291384
3022999,0.7626793407496214
3023000,14.153465124527715
3023001,7851.440395506712
3023002,0.07453905254170562
3023003,1133.2015318727877
3023004,25.82770713761448
3023005,1798.960768349452
3023006,1939.9375232056632
3023007,328.8475244842753
3023008,461.5905049428342
3023009,274.23040373582495
3023010,7226.684770267052
3023011,73.0099003147189
3023012,2.589807660421153
3023013,44.65481065502242
3023014,57.43977298551213
3023015,0.2594194698930199
3023016,482.02076332112745
3023017,38.64000696691638
3023018,40.638815027517175
3023019,24.015200707413143
3023020,128.06027895863312
3023021,19.22386275563076
3023022,638.5701329505041
3023023,477.02248524618733
3023024,17.81290174716478
3023025,23.21681433238742
3023026,976.6976153110869
3023027,223.37082854097127
3023028,6854.150424759075
3023029,0.6400013172734985
3023030,77.26372624912645
3023031,2.328752630704386
3023032,0.11507698314912812
3023033,0.6350158597265516
3023034,1526.507764838349
3023035,0.013404413110293301
3023036,159.92995046232335
3023037,2.6717181218900152
3023038,499.5047053952639
3023039,257.63546776378524
3023040,122.07489026632122
3023041,210.83447553299422
3023042,34.07150410700678
3023043,1798.1147656799483
3023044,4.028584290762179
3023045,0.3820596333523475
3023046,9.150343939997763
3023047,6.4408417349429605
3023048,0.08169857348333666
3023049,136.84202722804255
3023050,0.34134569171154827
3023051,0.0
3023052,2.3477193834959316
3023053,17.99903632408566
3023054,0.6192721827979756
3023055,50.49086677736121
3023056,84.08799055599707
3023057,1.5050815430603002
3023058,3.785581931699702
3023059,89.9718924539993
3023060,17.91042572724736
3023061,506.38899813150084
3023062,0.10392041765406201
3023063,3.5852611505180354
3023064,6.163643224197053
3023065,0.11867671025847269
3023066,2.0173734283839573
3023067,3046.8367697980957
3023068,0.017407798117740503
3023069,524.6510590365948
3023070,6.726163978961116
3023071,1088.5954835356263
3023072,610.129259389036
3023073,209.56674108058283
3023074,426.929307938403
3023075,55.060983452932945
3023076,4138.148216876328
3023077,12.496031428190438
3023078,0.31360646585365537
3023079,15.003112691398464
3023080,15.987589749207281
3023081,0.08446084869099235
3023082,253.6348640064924
3023083,0.7402888921583114
3023084,3.1712788159507004
3023085,6.9143406847320446
3023086,7.802336338977933
3023087,1.1429783191094387
3023088,299.70050160645667
3023089,240.10078302206847
3023090,3.425104427770168
3023091,5.839397292874477
3023092,117.81841078563514
3023093,56.346802212300744
3023094,1000.65036816196
3023095,1.3158896546479624
3023096,3.8393180130968547
3023097,1.14565360799815
3023098,0.009176685397932354
3023099,1.162137651964893
3023100,1086.3072464843578
3023101,0.005865806552027009
3023102,133.30821670726027
3023103,1.9959294452819552
3023104,489.59614993875476
3023105,168.62994233772878
3023106,86.71431711233149
3023107,436.6529028351221
3023108,14.46636559619465
3023109,1535.981361965805
3023110,1.1097164541397124
3023111,0.2241575483362214
3023112,5.449100005302892
3023113,2.8756914128670887
3023114,0.07249853002769482
3023115,93.46466064703912
3023116,0.020935833007028896
3023117,0.0
3023118,0.3964856090024885
3023119,5.07830552670713
3023120,0.23275924464128644
3023121,67.61312179640328
3023122,87.31912105286231
3023123,0.4671454343306643
3023124,0.9820250448187406
3023125,53.657674793140636
3023126,8.99466349686443
3023127,176.33596744045533
3023128,0.006804913607620078
3023129,1.161965078574559
3023130,6.399071138664983
3023131,0.03519882530656623
3023132,1.5742952130232886
3023133,2246.6733188071694
3023134,0.009240888767265214
3023135,229.93895431971683
3023136,4.860442544171135
3023137,897.7598314754781
3023138,362.5840649308024
3023139,166.3058720114473
3023140,459.66469462403614
3023141,37.34587302560152
3023142,2758.7629298308552
3023143,2.9348682699027986
3023144,0.403999082372852
3023145,20.806119458530947
3023146,17.804120475872914
3023147,0.12852094511448775
3023148,216.442144058336
3023149,0.02732249365926169
3023150,0.0
3023151,11.28477075944705
3023152,16.94072912398226
3023153,1.1118013485640417
3023154,203.1184935614911
3023155,206.6599425071683
3023156,1.5443488329581259
3023157,3.7549317639998248
3023158,168.3539150397912
3023159,29.469424648756636
3023160,1073.4025817280387
3023161,0.0401245979536941
3023162,0.8465214499008367
3023163,2.5519608485392573
3023164,0.25293797837406523
3023165,1.2815490397447815
3023166,2382.1980364557876
3023167,0.02564489892051863
3023168,646.2936213043243
3023169,5.694009321382248
3023170,861.9729485089622
3023171,587.7578079617265
3023172,219.8443441493886
3023173,176.35470845747224
3023174,53.8090570976258
3023175,3553.7557933603066
3023176,6.128405189618895
3023177,2.4890433191277888
3023178,20.571072618623575
3023179,32.624427251493046
3023180,0.15776975975191485
3023181,195.19887961082836
3023182,1.7006158897608419
3023183,3.6372024299496193
3023184,3.2273408339320504
3023185,14.675185073196051
3023186,1.5266766164109362
3023187,162.11548650373217
3023188,253.74163258935454
3023189,2.6847143092870502
3023190,5.02412234081145
3023191,130.6635495943694
3023192,29.191584305964955
3023193,606.8980913293545
3023194,3.3180247882656175
3023195,2.202543003103446
3023196,3.150776917153158
3023197,0.047998224013470994
3023198,0.8896840814858543
3023199,1443.3780001542336
3023200,0.011620298015248408
3023201,102.10788123757881
3023202,1.638093991647369
3023203,491.03413230613563
3023204,177.28295488202193
3023205,90.90947840573877
3023206,273.82020500119717
3023207,26.631330443029487
3023208,1940.322819610397
3023209,4.038398035181405
3023210,0.2456903545865084
3023211,7.791480289256553
3023212,4.622699817906358
3023213,0.05036700544588355
3023214,96.95725139617326
3023215,0.020092258273483342
3023216,0.0
3023217,0.5782373129343857
3023218,7.148933902864867
3023219,0.45218042808920206
3023220,171.70534680103242
3023221,86.96819498587432
3023222,0.6282547043582483
3023223,0.7763644554119324
3023224,45.59461389862692
3023225,16.200056825037965
3023226,334.1482441214836
3023227,0.10349851326717979
3023228,0.29417286885771443
3023229,3.5458532949076313
3023230,0.06465152060631595
3023231,0.703929814626186
3023232,3278.336120017254
3023233,0.025959727773661182
3023234,455.2449495206751
3023235,6.405664010264391
3023236,813.8893313327907
3023237,527.726472770123
3023238,192.98085694644388
3023239,191.61142574805356
3023240,51.546399325081566
3023241,3461.124345074369
3023242,4.942000010938363
3023243,0.44986091695743585
3023244,19.1381806132466
3023245,10.59888794816805
3023246,0.1356639656188209
3023247,209.0299478378993
3023248,0.04790843902215984
3023249,13.302327859872312
3023250,3.084396970495433
3023251,26.994949498891433
3023252,0.7885141369805936
3023253,202.3428901638587
3023254,209.29971711639817
3023255,2.3052617401850792
3023256,3.815503630781219
3023257,111.5771430209168
3023258,42.72740826203088
3023259,1034.7268644788244
3023260,0.5125548039325416
3023261,0.8768352444161304
3023262,3.114443729755225
3023263,0.02533751358766132
3023264,6.058898137864946
3023265,2692.9985484293597
3023266,0.029278285297262722
3023267,553.5436514066889
3023268,5.613640549238671
3023269,912.1315249487019
3023270,839.2432925435693
3023271,158.97320203954501
3023272,131.06885136735372
3023273,99.4851444213286
3023274,3412.655819400628
3023275,47.81082399178748
3023276,1.2531945276411305
3023277,20.434783303439247
3023278,29.419446561294865
3023279,0.14232251342668664
3023280,241.39257666837233
3023281,22.927456952354785
3023282,18.080279221456603
3023283,3.3624586156699383
3023284,75.59190541673861
3023285,7.149366495861204
3023286,201.67962313597772
3023287,249.75674739183236
3023288,11.01341853527665
3023289,12.992862519952014
3023290,222.13510518113208
3023291,60.92740931522326
3023292,2209.853766952299
3023293,0.09684170089018079
3023294,9.634297178374087
3023295,4.798287100020501
3023296,0.029244453667202477
3023297,7.1151619803344275
3023298,2005.8389205010255
3023299,0.02892582087060605
3023300,450.0339610370152
3023301,9.507931324755248
3023302,849.0408979986584
3023303,655.4618741332769
3023304,142.01980681242205
3023305,84.43106698064588
3023306,80.82996082003386
3023307,3327.1096255543084
3023308,22.724882614859958
3023309,1.1036059359185448
3023310,32.95556538787223
3023311,50.842529678518794
3023312,0.03182120271911178
3023313,296.94857505795204
3023314,19.169840666122695
3023315,12.576634756934366
3023316,7.9083306653277505
3023317,46.87875028929175
3023318,8.408707105194713
3023319,171.49018142885885
3023320,342.0645605061322
3023321,5.887530558345813
3023322,8.100074463312435
3023323,101.82789391075441
3023324,68.19640841173245
3023325,1738.424821129465
3023326,1.9977508372678823
3023327,14.473831804138266
3023328,6.862886274117061
3023329,0.21457710277076616
3023330,3.77617920286644
3023331,3287.8513546915697
3023332,0.02724181828435042
3023333,678.8955490896612
3023334,5.007018137834522
3023335,1477.2722620489135
3023336,604.3149631477775
3023337,203.88933247178832
3023338,970.2310268547527
3023339,51.53511225922752
3023340,4781.109436855461
3023341,34.06064958029999
3023342,1.122669588778721
3023343,16.817731611201324
3023344,17.55200559569775
3023345,0.12938433058790869
3023346,346.5338457012646
3023347,3.8334392713864536
3023348,10.490129486994995
3023349,7.4399054249071455
3023350,24.461282456565346
3023351,2.7893484628530416
3023352,162.04933166823554
3023353,288.8538119512194
3023354,6.055381696857664
3023355,8.052993882228058
3023356,206.91740950454928
3023357,51.80203050205773
3023358,1462.28026174949
3023359,12.11046216967401
3023360,13.076536751786906
3023361,2.5487780195163077
3023362,0.17738181656312754
3023363,5.367452494201987
3023364,2176.332152114802
3023365,0.07370456277159235
3023366,376.80440920133
3023367,4.494912859838492
3023368,641.3812927891526
3023369,668.6991013336809
3023370,176.31878609890933
3023371,132.74129804164383
3023372,72.43770812813473
3023373,2837.482328176144
3023374,17.253167160741153
3023375,0.9714463717098362
3023376,9.766175772846605
3023377,11.303749959245748
3023378,0.15527072398335032
3023379,196.9445225266354
3023380,14.316667046974878
3023381,13.117165358071254
3023382,1.8265761592515446
3023383,35.192083667224196
3023384,5.8994442808970184
3023385,295.0136459080323
3023386,207.5632242372886
3023387,6.060843980958204
3023388,7.646959995982074
3023389,301.03501186746513
3023390,43.8134058860551
3023391,1889.4991052087305
3023392,0.09187891079357172
3023393,22.033814951587303
3023394,3.1545033150586437
3023395,0.11567660413020656
3023396,3.3144022795399253
3023397,4274.594753973267
3023398,0.013162430720761528
3023399,429.76426734754557
3023400,4.784803579761965
3023401,1472.5086694783079
3023402,634.885123631671
3023403,271.2057798381652
3023404,266.0543897738148
3023405,54.22733884470095
3023406,5271.742748981151
3023407,9.522358422848793
3023408,1.1911822872264282
3023409,27.452805982963998
3023410,21.170160302772878
3023411,0.13274844186191323
3023412,403.11352781724594
3023413,0.019017896334729455
3023414,0.0576443969239678
3023415,6.844079061721763
3023416,16.768187797981717
3023417,1.5731593859446582
3023418,128.59594531159746
3023419,312.7395911309364
3023420,3.392455743481742
3023421,8.990101750486911
3023422,166.7896663330677
3023423,57.517013643352286
3023424,1185.7068794276836
3023425,0.04738463510464388
3023426,4.842909204994214
3023427,5.59778084054278
3023428,0.03200091523942457
3023429,8.361568719482946
3023430,2410.3169021428075
3023431,0.01753711673686319
3023432,475.75244299400487
3023433,7.702804435581934
3023434,891.0596553257786
3023435,663.7180030298261
3023436,206.35244208182593
3023437,141.94009820670433
3023438,91.80239610174115
3023439,3264.066749426673
3023440,31.08686540353347
3023441,0.8718111222645649
3023442,19.7782727999343
3023443,32.25583170320866
3023444,0.04717986404874204
3023445,241.44098737347485
3023446,12.086307254548421
3023447,12.932570082996916
3023448,7.270083096012005
3023449,41.44271052439518
3023450,8.888835508012736
3023451,192.47741702856774
3023452,311.87984753996415
3023453,11.931227378958829
3023454,9.575662236515793
3023455,187.84553568662977
3023456,51.91095376619062
3023457,2018.2623650329247
3023458,0.39666169590092365
3023459,5.994970636038208
3023460,2.419289598891711
3023461,0.03077423745417043
3023462,3.5505583453584224
3023463,2389.5971780716513
3023464,0.03285789688391102
3023465,507.154766133676
3023466,6.8621468037842375
3023467,667.8327739387481
3023468,771.762661335378
3023469,161.63767868342833
3023470,133.81403261183368
3023471,89.55855117691493
3023472,2881.5869721516997
3023473,24.152059975976236
3023474,0.7255250363120981
3023475,15.457889574994162
3023476,18.3438253840798
3023477,0.07477732503467285
3023478,214.34108222588148
3023479,13.094240221265174
3023480,26.836248930639655
3023481,6.415468857840494
3023482,39.396605139721
3023483,7.769083488605256
3023484,199.66379636782094
3023485,215.15291436207573
3023486,7.410391349218791
3023487,7.843047417938795
3023488,193.1133972149461
3023489,51.329215730123956
3023490,2087.726924398207
3023491,0.2472387754336082
3023492,13.243402189543358
3023493,3.7087630958186755
3023494,0.04413399461444227
3023495,2.155288058063921
3023496,5041.135366049672
3023497,0.005357788158771343
3023498,606.0272562142584
3023499,9.60358526288754
3023500,1184.766762907767
3023501,699.864049197591
3023502,275.1084794335835
3023503,407.0716487396553
3023504,50.46265551742962
3023505,4766.733638826367
3023506,8.7872808481783
3023507,0.18549069651473607
3023508,10.899661960253079
3023509,15.837493467131491
3023510,0.011302171610505896
3023511,256.48631988880607
3023512,0.0
3023513,4.019595285612559
3023514,0.9305019983685292
3023515,31.899687220316792
3023516,1.5922539174809571
3023517,210.01471877233163
3023518,275.73080161754916
3023519,2.88887576120326
3023520,1.3828073963239875
3023521,172.20217360055793
3023522,118.25426064506435
3023523,1130.938676409287
3023524,1.4150694122320575
3023525,0.4227182636940266
3023526,14.522695288605657
3023527,0.014141786499202022
3023528,16.65298047640092
3023529,8804.192598448075
3023530,0.06100317193423198
3023531,1620.4038417084994
3023532,19.88596647223476
3023533,2120.5690707047506
3023534,2087.744654323974
3023535,531.2722285776185
3023536,571.2316015415813
3023537,347.258418860669
3023538,9464.007858078103
3023539,81.3156099889996
3023540,4.1378477055385
3023541,81.49885999373849
3023542,104.57102076273993
3023543,0.2169751996246209
3023544,630.7014512674655
3023545,29.641568421856924
3023546,18.603077706874846
3023547,49.99221158204491
3023548,185.15844695022295
3023549,18.844839616701645
3023550,738.8172777895147
3023551,539.9923224872739
3023552,28.77408089646059
3023553,35.582803935468775
3023554,946.0716498797818
3023555,290.8903925448502
3023556,8266.308388106057
3023557,232.64201953968745
3023558,85.94032814479397
3023559,13.425179136827314
3023560,0.030672804771913528
3023561,12.671118748761574
3023562,8865.8381237024
3023563,0.084846939985925
3023564,1179.210660503951
3023565,20.18013517919673
3023566,2236.8243686423475
3023567,2041.8454798993243
3023568,619.7715397839172
3023569,358.5490085441409
3023570,239.69101342940928
3023571,9984.609244508323
3023572,93.69998702358211
3023573,1.4069029796760082
3023574,48.62116072085166
3023575,76.32315830197868
3023576,0.642108588503847
3023577,629.217684159906
3023578,17.61556418684196
3023579,22.250410623603617
3023580,16.997056035669534
3023581,134.77029281770126
3023582,14.86697398342519
3023583,928.3215875515634
3023584,704.7860851109177
3023585,19.37093137858963
3023586,26.83785645749724
3023587,1079.05842252139
3023588,215.6559086760494
3023589,5450.346202357491
3023590,316.202279114878
3023591,77.53298309899668
3023592,8.97452282609713
3023593,0.028025091964658137
3023594,13.811218135701754
3023595,5178.200975131799
3023596,0.07323043782440675
3023597,793.9978531666083
3023598,10.20938762968731
3023599,1839.253454720271
3023600,1360.4580460374052
3023601,649.9433186253242
3023602,127.7054023411534
3023603,188.48907620265663
3023604,8474.99896884927
3023605,37.327492648699135
3023606,1.889715710758886
3023607,22.269763565657055
3023608,26.62439303273737
3023609,0.33514651721944155
3023610,556.4703363682842
3023611,20.666170453399623
3023612,17.819570972671272
3023613,11.090749883414322
3023614,66.48711893906219
3023615,6.603105753097713
3023616,842.3774921840374
3023617,623.2047951723973
3023618,17.98645859897322
3023619,34.52510310381111
3023620,627.1606771982314
3023621,133.61472680440363
3023622,2402.609156545684
3023623,97.34542573962206
3023624,35.03380441151249
3023625,12.43574278275236
3023626,0.020197325505163975
3023627,16.852899990053395
3023628,7855.302150730742
3023629,0.06093545155403844
3023630,1137.1705369432345
3023631,14.130145709250812
3023632,2115.783191452223
3023633,1838.344050236304
3023634,597.1805596040846
3023635,315.21019794088363
3023636,201.85096350285332
3023637,8813.469407266826
3023638,48.2060150320128
3023639,1.4202540167366913
3023640,45.94067271268952
3023641,66.19453527759175
3023642,0.5329180623612217
3023643,605.5626091339757
3023644,20.419782572805108
3023645,20.4113587694257
3023646,54.88614727063828
3023647,106.60331869857671
3023648,10.83240526578332
3023649,719.6966089730141
3023650,648.1136304786386
3023651,21.236765299282528
3023652,25.181801290147675
3023653,1021.0375062891235
3023654,207.8660548884018
3023655,4904.79661683461
3023656,343.3274609041063
3023657,67.90656823071463
3023658,9.918673549108561
3023659,0.008528866805917112
3023660,15.396640252785405
3023661,4119.262571260699
3023662,0.02239134355629181
3023663,723.0884469555001
3023664,11.674997131236974
3023665,1790.1914756627602
3023666,1081.5370602104947
3023667,563.8925028544733
3023668,99.60518297139834
3023669,121.4260665782377
3023670,7017.754507766191
3023671,33.293313689704085
3023672,0.4023885555500536
3023673,23.699592738541607
3023674,25.716707724925048
3023675,0.21053797495006896
3023676,519.9865157195201
3023677,17.017433387508333
3023678,8.322168042448052
3023679,19.21696135169602
3023680,65.3399966179971
3023681,3.9200211986197533
3023682,703.2000479525763
3023683,619.8790047827172
3023684,14.982195639101151
3023685,23.738126107759374
3023686,639.874152768528
3023687,76.41143496740384
3023688,1628.0171012040464
3023689,278.2912320380191
3023690,18.190062797535216
3023691,10.062763867556653
3023692,0.03257954579689756
3023693,10.502490261629884
3023694,7246.036376555455
3023695,0.04812107654802859
3023696,1247.7688680499684
3023697,18.613110552307422
3023698,1824.5530281351384
3023699,2016.5829240494281
3023700,436.02461937131704
3023701,464.88226402398203
3023702,270.0724337518196
3023703,7716.027005893853
3023704,66.26793025044987
3023705,1.5770276733994728
3023706,41.914616546486265
3023707,54.63670309358967
3023708,0.40952123451904987
3023709,494.8449786655425
3023710,12.92673583124173
3023711,21.974429932766853
3023712,11.813981965823272
3023713,151.2436616811657
3023714,15.246865967070693
3023715,756.6072904531923
3023716,587.5465798976853
3023717,18.00638450096713
3023718,32.812451320966595
3023719,958.6474200766577
3023720,214.0587179913277
3023721,7435.639511358211
3023722,160.3265315901705
3023723,78.87544442891294
3023724,4.75233832354776
3023725,0.25149906438704395
3023726,6.789327789010901
3023727,1854.2841744425573
3023728,0.025315739444358994
3023729,346.0104614026816
3023730,17.615512998023068
3023731,880.1228522291914
3023732,541.5133413032241
3023733,209.1359662686412
3023734,83.27772340588756
3023735,77.83991514792828
3023736,2846.6914675107805
3023737,35.103867124474014
3023738,0.927502972949705
3023739,23.60954349575404
3023740,23.49279703912152
3023741,0.09847117863519586
3023742,234.9076680935768
3023743,10.470104220027487
3023744,6.953146298553822
3023745,9.54746984447987
3023746,35.460359498338526
3023747,5.430357416194239
3023748,255.03453423020773
3023749,237.76656749973853
3023750,3.2572587044919503
3023751,6.714862735064279
3023752,195.4160987578547
3023753,59.78538663762472
3023754,1429.1616404159108
3023755,0.6196202633492317
3023756,9.6084121218958
3023757,7.951960301243303
3023758,0.022455968844443
3023759,12.911179302869753
3023760,4056.3511439093904
3023761,0.048492587022628576
3023762,590.1544857705575
3023763,27.730734921799037
3023764,1635.5495023858284
3023765,1008.3011146150649
3023766,434.0158760379958
3023767,107.4784110199237
3023768,110.12436603527789
3023769,6360.134748646829
3023770,67.4081474601229
3023771,0.9317846804539793
3023772,38.79173257002456
3023773,28.506267484822242
3023774,0.018775957353435627
3023775,395.1048175678912
3023776,15.619997500542198
3023777,4.899097852670849
3023778,3.1485254926016406
3023779,79.42352549657011
3023780,6.136584257909201
3023781,498.6160245554156
3023782,498.5403281223573
3023783,10.103619573802579
3023784,19.978614021312595
3023785,348.1014428421012
3023786,71.93910002154252
3023787,1872.3684230030158
3023788,257.8014081537402
3023789,13.298470952116311
3023790,5.233141741698061
3023791,0.029250322808067778
3023792,4.073817843707012
3023793,4228.369855478782
3023794,0.054803674690258763
3023795,876.2322027473114
3023796,6.340081416132857
3023797,1359.5731111882883
3023798,1450.1751430385066
3023799,239.0040366528492
3023800,326.3936180390657
3023801,190.38849422134544
3023802,4786.504898404147
3023803,36.294534519582996
3023804,1.1570687363144576
3023805,31.488187046791033
3023806,37.14451877152754
3023807,0.3057212273822944
3023808,304.1019842196361
3023809,1.6868327510928183
3023810,30.05690613976105
3023811,3.9714197782784315
3023812,76.7901030452145
3023813,7.877686115093188
3023814,548.1085392028793
3023815,292.65803473584236
3023816,17.6536762549024
3023817,9.748603704894718
3023818,623.6264489835958
3023819,114.06431985202953
3023820,4687.812287467858
3023821,2.3327785857479424
3023822,42.107261826574764
3023823,9.290652873533181
3023824,0.02752335411832462
3023825,7.607461763296061
3023826,4146.405042009137
3023827,0.02049988559857369
3023828,780.2442369866915
3023829,8.757598304427994
3023830,1363.5605844489082
3023831,1077.7515421965143
3023832,297.87499431934924
3023833,206.26763870876763
3023834,241.1934070101423
3023835,5335.882110138831
3023836,51.641849161037086
3023837,2.4961386504713508
3023838,38.2123530338293
3023839,38.16181998181893
3023840,0.2483257695626999
3023841,315.82844519131146
3023842,6.348236834577583
3023843,39.69359075697688
3023844,6.509017407537748
3023845,146.9680741722891
3023846,6.942852545402915
3023847,410.9627113218732
3023848,322.8558884630913
3023849,13.78892931823882
3023850,22.978671394123523
3023851,437.06206197736014
3023852,122.7701269673082
3023853,3981.0428637829605
3023854,3.286163199815475
3023855,8.357537760741977
3023856,6.3208127263497795
3023857,0.046588390030963565
3023858,3.4916435231109983
3023859,1913.4282131168734
3023860,0.0021904080185588455
3023861,435.9715904584288
3023862,5.098754325710902
3023863,814.8455866507236
3023864,446.4925575878734
3023865,192.25075940370468
3023866,84.02881496901072
3023867,71.35376968420938
3023868,2754.4022047906224
3023869,13.670994095530187
3023870,0.8977839403159777
3023871,20.124739880426322
3023872,20.82612625053672
3023873,0.06414540069770819
3023874,184.1478458617498
3023875,2.8591199259103766
3023876,7.374146294967865
3023877,4.274170472832631
3023878,40.88912324030042
3023879,2.5966921179533555
3023880,218.9828065859408
3023881,191.72823480789424
3023882,3.751771253043206
3023883,4.951724456322494
3023884,146.92793439695683
3023885,47.979840169016626
3023886,1624.3346111494416
3023887,0.2733625490001764
3023888,2.5502654201045183
3023889,5.300266737287631
3023890,0.0296769770235172
3023891,0.7194321426949699
3023892,2849.271538414911
3023893,0.00841801245785887
3023894,263.47583462006736
3023895,2.814175467619435
3023896,1086.9529011026311
3023897,254.2409723641959
3023898,219.36759993272335
3023899,77.1798521219454
3023900,24.68809729261458
3023901,3304.162716931817
3023902,5.30223664329482
3023903,0.46741628142793024
3023904,14.79102696034354
3023905,9.720549376984971
3023906,0.06770485044683901
3023907,232.42430977171085
3023908,0.03469623419196758
3023909,0.0
3023910,2.975402039506308
3023911,11.166778532324546
3023912,0.6531934032045619
3023913,48.784821466802846
3023914,186.93958180083007
3023915,0.10432533021891639
3023916,1.917447433760002
3023917,60.06904916110097
3023918,81.71455266951851
3023919,606.8251637801517
3023920,0.054070286103801275
3023921,1.4382170959472862
3023922,4.475214777243454
3023923,0.06935265636292454
3023924,6.685521699489878
3023925,3253.1605890789315
3023926,0.018511660509751785
3023927,548.2574599362451
3023928,9.167261065932767
3023929,1061.203894332396
3023930,895.6162683661863
3023931,294.4469316438651
3023932,169.01827960060842
3023933,115.59963144119531
3023934,4478.190757820753
3023935,30.397268958719035
3023936,0.8109956434517192
3023937,20.97006763582259
3023938,56.23627350982416
3023939,0.04225837994796859
3023940,319.4054458025688
3023941,17.514368158802558
3023942,10.545324821970544
3023943,14.287221716349144
3023944,43.51839053335872
3023945,5.266012018592189
3023946,413.1769408898525
3023947,313.2792190004394
3023948,7.985852301661417
3023949,12.560224062071422
3023950,466.77626280693545
3023951,75.72960898591812
3023952,2336.1469449229367
3023953,0.04809322682097631
3023954,35.7374711792781
3023955,5.089978624456498
3023956,0.0765366506938793
3023957,4.331819391614096
3023958,4146.357223232164
3023959,0.1374319012604507
3023960,730.4901109206236
3023961,13.070808166326268
3023962,1112.3331511104566
3023963,1244.7958398222122
3023964,196.13304388478497
3023965,309.58767027222416
3023966,183.69846801242318
3023967,4227.738084348217
3023968,35.52387268998028
3023969,2.785366158872858
3023970,28.85692643988491
3023971,28.932920410825513
3023972,0.5160338314293045
3023973,275.62968098951467
3023974,13.440873989504087
3023975,32.06861422509975
3023976,7.986674516510092
3023977,96.70344129713628
3023978,11.366043399856384
3023979,458.35949152641405
3023980,288.1676605578453
3023981,7.645207059481079
3023982,14.956266671600043
3023983,634.2277989932591
3023984,142.88803331582145
3023985,5090.975207199278
3023986,0.20362795600353983
3023987,47.36963997404649
3023988,3.8497721183393825
3023989,0.29773800061303085
3023990,10.621884028528708
3023991,4174.647151928918
3023992,0.05608316565711888
3023993,772.8427163302958
3023994,16.08459117506251
3023995,1076.2852142939234
3023996,1231.2604503395153
3023997,254.79975320018937
3023998,295.063848831033
3023999,141.02224459644984
3024000,4397.363044015085
3024001,32.28127373639096
3024002,2.369903327853433
3024003,34.66087188681661
3024004,44.68542667205996
3024005,0.08127992098618726
3024006,314.9286497889128
3024007,25.69876744452482
3024008,24.03026855769884
3024009,24.142555166033453
3024010,88.16040563831838
3024011,14.132316076784141
3024012,395.74015695212853
3024013,285.31345022501716
3024014,18.05020501154599
3024015,17.7793008647115
3024016,529.9564709042444
3024017,131.15735505443305
3024018,3988.640194705037
3024019,1.0483783565525948
3024020,34.25582565917352
3024021,9.245662349294639
3024022,0.31025460257276716
3024023,7.50791318005068
3024024,3339.7325393554183
3024025,0.016621821954974695
3024026,510.76014603554916
3024027,8.8869887796154
3024028,1567.3686852948915
3024029,732.8941528840817
3024030,487.6870707808395
3024031,277.46749756910424
3024032,72.99805222180727
3024033,5803.04593981955
3024034,9.732707895006923
3024035,0.870178417469823
3024036,40.33277636081789
3024037,32.850812927632425
3024038,0.05759095556896031
3024039,390.84025568845163
3024040,10.09748409721776
3024041,3.3573886355570104
3024042,9.764734646538837
3024043,26.323362924114836
3024044,2.320905847547562
3024045,304.75240545623586
3024046,372.4901650879381
3024047,6.152700164875087
3024048,6.335434901360347
3024049,354.0348559108438
3024050,96.46652549734726
3024051,1365.0351252614544
3024052,81.92380905512155
3024053,13.241414716408263
3024054,3.9950549601569563
3024055,0.02267093906213828
3024056,4.20981370145495
3024057,2367.8944752175225
3024058,0.0674262447074704
3024059,356.5904526013293
3024060,12.189383006942068
3024061,652.7127130493661
3024062,634.3960738058454
3024063,137.48478405967876
3024064,127.10941809090727
3024065,118.26418796411158
3024066,2676.7459316539403
3024067,20.745891137288165
3024068,1.3854646420359273
3024069,19.388315578681436
3024070,28.15725592239966
3024071,0.08213923903707324
3024072,192.7738618121907
3024073,13.727020429498133
3024074,16.286757154503903
3024075,7.0053586432389
3024076,77.83587537629312
3024077,5.10353643415188
3024078,268.5089641610385
3024079,151.02189896011964
3024080,4.224404326163836
3024081,8.068698956297506
3024082,289.6955128684896
3024083,60.69281092767826
3024084,2131.791643214156
3024085,0.05335644777678852
3024086,21.934107202041893
3024087,0.9686438205946799
3024088,0.024622382727937396
3024089,1.215218674845851
3024090,1287.4494199828216
3024091,0.005827360631266228
3024092,96.10787082765687
3024093,2.496222817784395
3024094,646.1531316377491
3024095,256.83064398460647
3024096,221.73251602659425
3024097,34.47786232308436
3024098,24.605062631256107
3024099,2339.6667400772812
3024100,2.8930978500743523
3024101,0.2376387209060251
3024102,6.631113916786428
3024103,5.484344305638093
3024104,0.07907751341859087
3024105,147.0523107923465
3024106,2.216543137012612
3024107,0.0
3024108,1.0778063905321908
3024109,6.569371464193479
3024110,0.30104331870011664
3024111,165.95087176484824
3024112,144.81887686401566
3024113,0.47531687790909555
3024114,2.68347047247228
3024115,122.5969435962797
3024116,20.392433802388286
3024117,339.9704943950501
3024118,10.257580696245562
3024119,0.9473297609741437
3024120,5.261704136173401
3024121,0.11393580188208566
3024122,3.846285815481333
3024123,4044.6493312157804
3024124,0.0
3024125,576.2613617988018
3024126,9.278033790610841
3024127,1580.0848066376398
3024128,564.6813166216149
3024129,478.2593530489246
3024130,281.79529228816995
3024131,69.86033823228314
3024132,6343.122274010385
3024133,20.423113614069393
3024134,0.4904006152602116
3024135,18.73414124745547
3024136,13.829949454786004
3024137,0.05271689001154248
3024138,425.97411948331455
3024139,6.240906209714381
3024140,1.0070894560487265
3024141,7.597566546876867
3024142,24.31144089943995
3024143,1.3965679655152998
3024144,571.2926005064322
3024145,349.9151982378127
3024146,1.9501247909732822
3024147,12.265320058530289
3024148,394.9705778052389
3024149,97.32815223526984
3024150,2024.353083928062
3024151,26.499158819509454
3024152,7.143112754575003
3024153,4.359613538944752
3024154,0.03429090652609595
3024155,0.6066193728420473
3024156,1504.0844885043348
3024157,0.012341273957469806
3024158,168.67316401642665
3024159,6.945550275753538
3024160,758.1073317367524
3024161,342.3108451666598
3024162,198.81353204287538
3024163,51.633176121118986
3024164,34.66126204316491
3024165,2417.8540772906076
3024166,5.915925230039894
3024167,0.5017525152047607
3024168,10.93528713616857
3024169,16.430565292041123
3024170,0.07737946981583001
3024171,168.6712054943852
3024172,4.460633701948231
3024173,0.013886794392402523
3024174,7.830790137513823
3024175,22.22019241329028
3024176,1.0340089830572805
3024177,170.65498012370588
3024178,160.48513904014837
3024179,1.1976099274346395
3024180,5.937523263622636
3024181,151.89825510870259
3024182,28.213525036809138
3024183,436.6052385987142
3024184,12.345108943832601
3024185,3.2790698676121663
3024186,3.3944644281009815
3024187,0.01607187200148717
3024188,2.1467380633440802
3024189,1331.4778096342984
3024190,0.0
3024191,110.07935594583375
3024192,4.337253491629697
3024193,649.4798797554304
3024194,228.2285763868602
3024195,151.33270004451924
3024196,35.69858191276164
3024197,24.055306634564666
3024198,2243.2554284557664
3024199,8.31208942194212
3024200,0.14734224862952577
3024201,7.052257041284305
3024202,7.2091595014520715
3024203,0.0
3024204,123.22062229442798
3024205,1.3556945131397349
3024206,0.0
3024207,2.0948096156025153
3024208,20.229754628548257
3024209,0.5997687160463767
3024210,174.7905529395558
3024211,160.40845093256416
3024212,0.44527854595718985
3024213,3.6765831913994473
3024214,87.35354416487117
3024215,19.37011827533639
3024216,214.12889351637116
3024217,7.5547444982871745
3024218,1.5508324835171916
3024219,2.691853682131058
3024220,0.005178610600378801
3024221,2.184752131378816
3024222,1342.997745080858
3024223,0.0
3024224,157.94597708436126
3024225,5.450826329025393
3024226,1005.146598210428
3024227,306.8278136324232
3024228,226.9407477839192
3024229,29.807722335264756
3024230,32.11811735246172
3024231,2647.4706760801664
3024232,4.611164042435739
3024233,0.15532370300219486
3024234,7.713663207676521
3024235,14.65896450285474
3024236,0.0553154775594135
3024237,179.18288866259985
3024238,0.46684731594864726
3024239,0.0
3024240,2.5772044637468388
3024241,12.216256276950785
3024242,1.1469816956796253
3024243,223.88231017300112
3024244,220.23892467840048
3024245,0.8390245194730713
3024246,3.770560801008087
3024247,66.80778056011516
3024248,79.37348891897547
3024249,443.3226138416533
3024250,0.9539987273515144
3024251,3.2129211632446224
3024252,2.7660771718692216
3024253,0.5306932595537444
3024254,2.434235705860178
3024255,1607.134985201978
3024256,0.004343408213170754
3024257,149.67419401778275
3024258,2.0287885709169498
3024259,881.7402926320015
3024260,334.0623711732225
3024261,233.60878645920457
3024262,89.83394173379541
3024263,60.401369538322044
3024264,2521.065957877228
3024265,5.322180014506218
3024266,0.6909621540589974
3024267,13.619463679657937
3024268,17.333857251373473
3024269,0.05786156571658329
3024270,222.6603261341773
3024271,5.634976289306487
3024272,0.0
3024273,3.2663494605499035
3024274,13.454521742769192
3024275,1.3274714661762084
3024276,120.21879040964684
3024277,175.82202844531156
3024278,0.7830905582760915
3024279,4.346532715023328
3024280,103.13338170613646
3024281,43.742694796237394
3024282,931.7096408393045
3024283,4.523686920405855
3024284,3.998082382574957
3024285,3.3049962981557504
3024286,0.13631358230706447
3024287,0.5602348270268115
3024288,1230.7295623313462
3024289,0.0
3024290,145.3248929846452
3024291,3.69697657451273
3024292,688.8568066803902
3024293,221.69187911044122
3024294,151.9267716509981
3024295,109.32905151823527
3024296,24.956178648599572
3024297,1803.1401966062476
3024298,2.8261384257056648
3024299,0.25065657067177666
3024300,8.319193192030513
3024301,9.496035373585148
3024302,0.08496174458634834
3024303,147.62536675037842
3024304,0.00838876160434182
3024305,0.0
3024306,1.80941107240742
3024307,18.90566594756224
3024308,0.7261476919919493
3024309,47.04248842106258
3024310,121.60832857830394
3024311,0.561396882733421
3024312,2.2086262589360413
3024313,61.690752258385054
3024314,34.51626443220925
3024315,837.1164014093886
3024316,0.03517292090339794
3024317,0.6934581192232289
3024318,5.24143710034039
3024319,0.35716469779342874
3024320,2.662144787942094
3024321,2828.5845959204476
3024322,0.0013042294807405503
3024323,305.47397035873917
3024324,4.549307853708124
3024325,1037.9696453707306
3024326,637.6089584205791
3024327,439.24425306316266
3024328,170.68057746934778
3024329,80.5338785642615
3024330,4191.972922549085
3024331,13.51513103794372
3024332,0.7518245724546697
3024333,19.525185862999535
3024334,23.649927965224894
3024335,0.0755468154487246
3024336,264.33499956185426
3024337,0.28933010071790866
3024338,0.004275436518228263
3024339,9.322800650014305
3024340,19.20830304394421
3024341,2.398889887452604
3024342,262.1108863941928
3024343,240.65655776821973
3024344,1.843009572444246
3024345,7.070841100166275
3024346,327.9958348714801
3024347,52.571930107404974
3024348,2089.454425742168
3024349,21.802497381407406
3024350,11.692849170945083
3024351,2.6862727349774644
3024352,0.09216649988782334
3024353,4.1397923836129795
3024354,2133.183054635418
3024355,0.006831233118736384
3024356,551.2080669850245
3024357,5.760886772129866
3024358,572.8154559992302
3024359,559.3259203084804
3024360,186.29865277593464
3024361,163.71243404174382
3024362,46.27612255700152
3024363,2687.8590473950003
3024364,11.437620231919947
3024365,0.6723896405291381
3024366,12.613521325502221
3024367,14.792815240108741
3024368,0.005822624100618792
3024369,175.31193236778495
3024370,7.3551863921943665
3024371,4.181244434376246
3024372,4.789242810180854
3024373,35.510048531439566
3024374,1.5987472057187573
3024375,100.07467911908917
3024376,146.72609644531883
3024377,3.3440101878566018
3024378,5.834859209691401
3024379,175.6546895144783
3024380,48.57780203128384
3024381,2967.603471016045
3024382,31.635004013870375
3024383,10.596698971975545
3024384,4.978831368702241
3024385,0.30241711146352057
3024386,2.9171289743438438
3024387,2269.7752459059607
3024388,0.01294558160703164
3024389,164.55096351967657
3024390,4.6330325119624245
3024391,815.4814856262808
3024392,286.9011370114484
3024393,287.1902767566857
3024394,56.437324524273734
3024395,35.79003118504461
3024396,2867.86683921372
3024397,8.898230396748644
3024398,0.8309530133853613
3024399,11.734599325411255
3024400,10.40907537861532
3024401,0.0360098923095789
3024402,166.11308227841198
3024403,4.703856796146588
3024404,0.01677015694799982
3024405,3.2586237814646806
3024406,23.032305977990713
3024407,1.7549085115047165
3024408,135.19829251555288
3024409,152.93655922714484
3024410,0.9509497670240773
3024411,4.5244135622654955
3024412,99.91545051294905
3024413,24.600057608271943
3024414,560.7924374174077
3024415,8.528588361255267
3024416,3.8200143903549337
3024417,5.14760169982961
3024418,0.019052752893883435
3024419,4.576265263715531
3024420,2525.074629260024
3024421,0.01632721572868809
3024422,561.1077802379633
3024423,10.391439614112153
3024424,770.3361604483733
3024425,699.5747044732765
3024426,181.62829431779173
3024427,143.8290453431456
3024428,79.72326468188231
3024429,3348.145859074078
3024430,30.98564726749051
3024431,0.9859010126334473
3024432,12.755062997059264
3024433,25.99520574195447
3024434,0.11559246206257599
3024435,219.14819031935096
3024436,16.867830002339492
3024437,8.191530769687127
3024438,4.631114903497047
3024439,50.345795261581536
3024440,5.6217099833545685
3024441,375.2655231222036
3024442,232.57428872439135
3024443,7.5004777560060045
3024444,6.718927913222835
3024445,367.40973668455916
3024446,91.20791531053808
3024447,1796.412204565069
3024448,0.032909069579059015
3024449,27.565629466683024
3024450,4.460629928228993
3024451,0.046743984054032274
3024452,2.7613736836439973
3024453,3222.4522293571686
3024454,0.0
3024455,400.8148627826427
3024456,4.144546106077699
3024457,1126.6395119292529
3024458,572.266561281021
3024459,514.9866756032925
3024460,83.81932935281576
3024461,55.157219339609156
3024462,4581.519317094045
3024463,8.876136744411399
3024464,0.8711085156652514
3024465,14.60549507235901
3024466,10.479287597504664
3024467,0.0
3024468,265.5151364391232
3024469,1.4159168565114963
3024470,6.69824009144193
3024471,4.559588965236452
3024472,26.322801988189394
3024473,0.6890362253465661
3024474,251.42035356582352
3024475,278.40658026824696
3024476,2.9481567771808916
3024477,4.04145269077851
3024478,238.3154141240248
3024479,50.26020004622945
3024480,1200.415705916538
3024481,64.40214515355547
3024482,9.12798643218184
3024483,7.628513398233804
3024484,0.29398478072504436
3024485,3.0105390593593833
3024486,2893.215806443372
3024487,0.030825685358758872
3024488,402.13741786818383
3024489,4.617118460483881
3024490,1188.3782961292536
3024491,532.3876775473863
3024492,310.3638009448948
3024493,224.00600848860412
3024494,68.07392069414317
3024495,3749.549374785921
3024496,12.59172315833836
3024497,0.5141771534312833
3024498,28.760694305180415
3024499,29.785532402054713
3024500,0.16147873886892544
3024501,284.56700376903666
3024502,2.0548182017001637
3024503,5.267375859949447
3024504,7.429087126045787
3024505,35.673312916962324
3024506,1.157811972286741
3024507,112.11974143092196
3024508,255.77737684987113
3024509,1.875735514188351
3024510,4.257434523990609
3024511,157.87480972100846
3024512,130.3147176140381
3024513,2002.594314811584
3024514,0.30483162839457467
3024515,5.066548771007567
3024516,3.6380608482856314
3024517,0.14451063221644597
3024518,2.411786536103639
3024519,1585.6548515608129
3024520,0.011049028539228305
3024521,119.09620777076998
3024522,5.270303379845616
3024523,522.2208025019446
3024524,271.45259998272553
3024525,134.16053089536192
3024526,41.25365240871563
3024527,38.85475371279287
3024528,2163.5228169001543
3024529,6.018473117326226
3024530,0.5172180431881274
3024531,19.07279989104348
3024532,17.499540561597993
3024533,0.023218106196567678
3024534,160.3681503793324
3024535,0.4561011946457518
3024536,0.009965299857815699
3024537,4.211812099038818
3024538,33.3514537738358
3024539,1.9059948024203972
3024540,88.15610404988342
3024541,127.53822819574357
3024542,0.8408904921539274
3024543,4.602819918093951
3024544,123.6834793600343
3024545,29.09752170953803
3024546,557.6705302804907
3024547,20.0875296373886
3024548,1.1252416061431951
3024549,1.4654297633393674
3024550,0.012412373640641442
3024551,2.0888215365535365
3024552,1429.351404454433
3024553,0.1360121983558678
3024554,260.4378854581231
3024555,8.294892893735234
3024556,478.73262860620224
3024557,448.55558358070107
3024558,113.43388719398939
3024559,45.98072516867259
3024560,50.800927413649454
3024561,1937.2974567493684
3024562,20.655968282363695
3024563,0.3808720549409048
3024564,9.34780847106792
3024565,10.781768413444777
3024566,0.15674157845559528
3024567,113.44940911658063
3024568,10.31428286455433
3024569,1.0979580850033355
3024570,5.991657434475996
3024571,35.230397929851655
3024572,3.631794509418575
3024573,460.72839298557545
3024574,129.04531823660346
3024575,2.948279882056893
3024576,4.765153893028178
3024577,312.244393658181
3024578,30.36191924009946
3024579,1074.1657206288219
3024580,0.019941727787279543
3024581,8.593459744718064
3024582,2.3531027708852745
3024583,0.06410196414353113
3024584,3.1269186406041087
3024585,3059.209493951081
3024586,0.04797279169078291
3024587,667.5973093784453
3024588,13.354185677574643
3024589,954.5028270375595
3024590,1105.0345978577857
3024591,234.42601717857914
3024592,193.58329523623826
3024593,132.2059480933344
3024594,3374.8263775170144
3024595,26.975643019262048
3024596,0.7057454161879722
3024597,16.05198391809765
3024598,31.250818546838683
3024599,0.07160975117681664
3024600,222.4710448101748
3024601,12.825795669569674
3024602,28.931151699099544
3024603,7.235831776094275
3024604,60.657084746501326
3024605,8.856841148464133
3024606,334.46204842402557
3024607,236.10620909959897
3024608,13.886910131785536
3024609,7.998349014031931
3024610,433.6593935275164
3024611,97.8134661226169
3024612,2954.514249461939
3024613,0.03885235705604467
3024614,18.578330476367093
3024615,1.5898576042690211
3024616,0.051433233567381366
3024617,1.4309734807210674
3024618,1231.281889441345
3024619,0.0007240515117138492
3024620,227.3062866206605
3024621,4.070310315237712
3024622,292.83332960646476
3024623,353.8239862214653
3024624,98.6662010877837
3024625,70.59604472920186
3024626,52.93235135370921
3024627,1159.2096301697316
3024628,11.258633318715113
3024629,0.526252314829097
3024630,9.501043193036768
3024631,9.465325445091288
3024632,0.01315877884483412
3024633,64.37155475292592
3024634,0.040498376273522915
3024635,11.402227473388546
3024636,2.147511090257045
3024637,98.51457319596797
3024638,4.36905147187202
3024639,125.55609801739872
3024640,81.16265972536564
3024641,3.156424630218377
3024642,4.179516649975081
3024643,103.56024583522009
3024644,25.45669416847429
3024645,773.0222976266476
3024646,0.35123898463364167
3024647,3.497943297931312
3024648,2.3895001806931866
3024649,0.011087770956639657
3024650,0.07575204430316682
3024651,762.1366400763721
3024652,0.003648933476092877
3024653,180.96303201884635
3024654,3.4725038056796667
3024655,267.42601524787415
3024656,170.3452878230112
3024657,55.22029935690707
3024658,25.103882749543505
3024659,24.066696484314168
3024660,1136.9189740057373
3024661,4.705600359713619
3024662,0.40549338507374005
3024663,8.464659886403245
3024664,5.263702217569123
3024665,0.12766633963032178
3024666,57.79400097340509
3024667,0.149013094608803
3024668,3.7155385166435844
3024669,0.6138005184689439
3024670,6.532180373187512
3024671,0.20744481021946876
3024672,182.92504883275947
3024673,100.52583466833369
3024674,1.5378413130349535
3024675,0.7662562609595439
3024676,101.8012236155141
3024677,20.55451793475494
3024678,347.7849442841918
3024679,0.34705584420049385
3024680,0.9932977306421384
3024681,4.606367579393496
3024682,0.19680160733520544
3024683,2.5685082544972597
3024684,2571.030051476806
3024685,0.13475704525406507
3024686,548.5221617484913
3024687,11.250274994651678
3024688,753.8412881936698
3024689,823.1615404691579
3024690,239.0565838016467
3024691,194.74586981446922
3024692,79.45211403877887
3024693,3266.1494901467076
3024694,21.943506308778513
3024695,1.676258833922273
3024696,16.776716622873163
3024697,26.378541442303067
3024698,0.12888154423304676
3024699,205.79670656643987
3024700,4.041392978817633
3024701,26.02165070027547
3024702,6.503873933427504
3024703,66.30731359152749
3024704,2.4047206061630693
3024705,249.48109749312138
3024706,201.37721450287992
3024707,7.6552731930396885
3024708,7.087430179241137
3024709,327.7252014441471
3024710,62.677058833014726
3024711,2090.4190635591276
3024712,1.030565834002117
3024713,11.597430511335212
3024714,5.087197085833096
3024715,0.021651111023786588
3024716,3.492559736601092
3024717,3137.516284780476
3024718,0.007957025504133634
3024719,589.8732128603372
3024720,11.580958019426921
3024721,1113.4343710136702
3024722,817.4420630753543
3024723,333.1667278193405
3024724,254.0622765656197
3024725,58.01628719036424
3024726,4367.734391474876
3024727,11.796641085358319
3024728,0.5896840883938175
3024729,21.001911816629722
3024730,15.556785643787359
3024731,0.44953078008345115
3024732,254.67120825014393
3024733,0.0
3024734,5.029337140951942
3024735,4.121414495400301
3024736,20.498985765280977
3024737,0.8162677949355781
3024738,198.12206358580718
3024739,282.89861641952166
3024740,3.43963166643307
3024741,3.76207976638677
3024742,205.8549545282336
3024743,71.15898540877444
3024744,2917.8037170469306
3024745,1.6746084258520342
3024746,2.7935110925175226
3024747,4.578508572409056
3024748,0.2848248037045452
3024749,1.8534552998471605
3024750,3123.595880608003
3024751,0.008614812113844466
3024752,589.6508394261431
3024753,8.635926746278477
3024754,940.0415710903696
3024755,641.1143801152745
3024756,247.3688812733822
3024757,199.71877968488832
3024758,54.38691085337305
3024759,3961.5630688214246
3024760,14.698921385729456
3024761,0.8802018383461424
3024762,22.44618830326668
3024763,17.288592127422767
3024764,0.03710450966337805
3024765,233.59405061957867
3024766,0.0023506575702804716
3024767,6.575776515951675
3024768,4.594488805701522
3024769,43.96594365467621
3024770,0.9848806350503145
3024771,123.83326106067675
3024772,216.29175453359528
3024773,3.7631095066670897
3024774,4.016033828020649
3024775,191.12350935361835
3024776,56.95947457346325
3024777,2150.0321144580575
3024778,1.3488740211394672
3024779,4.585827191789481
3024780,8.448413056555584
3024781,0.7286256476523721
3024782,12.302448820145981
3024783,6975.868544955864
3024784,0.060436162002909126
3024785,1006.0616908491946
3024786,29.21778814145206
3024787,1695.349511892874
3024788,1725.079404939885
3024789,307.0503583491986
3024790,388.01423424029787
3024791,271.92056844346547
3024792,6612.605756493527
3024793,65.03653101931886
3024794,2.3493615307348272
3024795,44.91295541483939
3024796,54.174573727819606
3024797,0.2498873739459194
3024798,434.9785957000011
3024799,30.177481797192637
3024800,43.5062963783668
3024801,23.2037656082627
3024802,137.78367442626643
3024803,18.074572811344765
3024804,581.785860575673
3024805,432.53449962825385
3024806,16.763540156183637
3024807,20.772419838831873
3024808,862.8076915163288
3024809,222.71845319220674
3024810,6060.404343917049
3024811,0.5648774444415618
3024812,71.5224943590685
3024813,2.198564793803105
3024814,0.31059614644758715
3024815,0.5374646082349126
3024816,1501.0718771318259
3024817,0.02741834028307307
3024818,177.88746573043883
3024819,3.459744109386226
3024820,604.6264538914891
3024821,261.7182071350945
3024822,112.4954632523173
3024823,121.44765082652656
3024824,45.820685658860214
3024825,1981.5443024745575
3024826,3.885018992848238
3024827,0.40871155153837785
3024828,12.4783611444972
3024829,7.045894892040642
3024830,0.09923046299982549
3024831,159.1765250994301
3024832,0.5489921935483351
3024833,0.04245241502253065
3024834,2.340811915052433
3024835,22.672828382881566
3024836,0.576270022142046
3024837,67.96512606816187
3024838,86.05682360134847
3024839,1.4541357709782083
3024840,4.213102971126191
3024841,100.60532823569339
3024842,20.743754533644076
3024843,1224.0429982353187
3024844,0.12643091865755618
3024845,3.542779223750592
3024846,5.993041924640624
3024847,0.09960755035956988
3024848,1.5875878379329942
3024849,3096.486449843558
3024850,0.0
3024851,539.3853977233894
3024852,7.2266358117977445
3024853,1080.6839956521537
3024854,602.863304967051
3024855,208.84992785592664
3024856,312.2697967785449
3024857,72.17079851847181
3024858,4259.388354722034
3024859,10.863814501333142
3024860,0.27514569000809413
3024861,17.51491682356139
3024862,17.414584656070826
3024863,0.060070950722557
3024864,251.78129275384416
3024865,0.5559687345272467
3024866,3.042103942660146
3024867,9.604358477675586
3024868,11.296449215410394
3024869,1.0751396791551957
3024870,321.56544979526586
3024871,236.2159845045356
3024872,3.085593290038982
3024873,6.058161482925714
3024874,135.7834171326472
3024875,58.16952497410025
3024876,2366.642834913179
3024877,1.2387686206671293
3024878,3.6381972659452826
3024879,1.1069591635248628
3024880,0.006631779839416349
3024881,0.21388581753351607
3024882,911.6690229972157
3024883,0.00023224744812767122
3024884,103.3542575931168
3024885,2.3474853195203713
3024886,381.66090061787395
3024887,136.19595856047582
3024888,71.47976368062263
3024889,136.12675827680116
3024890,14.191621270473247
3024891,1537.26450031704
3024892,1.0797843145009736
3024893,0.21216328773391438
3024894,6.2440620489689875
3024895,2.4585206837100966
3024896,0.057980625760104924
3024897,81.30796043439683
3024898,0.008177940407773464
3024899,0.0
3024900,0.37615883301862946
3024901,9.529303917375241
3024902,0.1726846580389981
3024903,59.375381870494095
3024904,69.08235996578712
3024905,0.3798708957084215
3024906,0.9195105119224606
3024907,44.98610165160613
3024908,8.501281350253867
3024909,350.81544885075937
3024910,0.0019743133586940754
3024911,1.1417445400374349
3024912,6.252506460118396
3024913,0.019575460853548447
3024914,1.410290402076628
3024915,1961.3915228224807
3024916,0.0
3024917,226.60517352519255
3024918,5.441989833173324
3024919,884.9252595207245
3024920,337.18323483944306
3024921,163.57573320731342
3024922,112.1199501633502
3024923,45.81684694325574
3024924,2763.397122535698
3024925,2.4483334244250003
3024926,0.3323892164006509
3024927,23.135691195714255
3024928,13.281017873416635
3024929,0.09355506826886967
3024930,195.12935073870926
3024931,0.0
3024932,0.0
3024933,10.858901510353254
3024934,17.058222863360722
3024935,0.9733928895941314
3024936,192.9702109260976
3024937,187.92141588724655
3024938,1.273092009768276
3024939,3.339585508921589
3024940,197.80703727138695
3024941,30.794372122266005
3024942,1902.6814394985763
3024943,0.017612556194656275
3024944,0.754919205772418
3024945,2.5435437404391728
3024946,0.2024084356640437
3024947,1.0933403910896904
3024948,2004.8479195359732
3024949,0.00786974877116613
3024950,591.8381452427923
3024951,5.573701049227305
3024952,772.4357700556053
3024953,493.24167685306793
3024954,206.27475295503334
3024955,104.88253796524033
3024956,49.07067643940871
3024957,3313.031322717188
3024958,6.26912300744084
3024959,2.5355895561366513
3024960,21.64571490310511
3024961,31.001791528225617
3024962,0.1066722084695155
3024963,180.3853035219014
3024964,1.715100888568325
3024965,5.927372119227436
3024966,2.948704746097297
3024967,15.509273876090829
3024968,1.4065281141189687
3024969,152.35337135915645
3024970,227.8990669346288
3024971,2.3914625121599924
3024972,4.517404329219339
3024973,124.4759195639489
3024974,28.376928249157636
3024975,989.8118822397706
3024976,2.9001079808096506
3024977,2.093232803521336
3024978,2.8254078754897707
3024979,0.042116043087381226
3024980,0.08720456143426761
3024981,1191.003434486694
3024982,0.007253888820798284
3024983,108.2966920185863
3024984,1.7533273193368004
3024985,368.79256132108054
3024986,144.7363289678425
3024987,81.19862319558788
3024988,103.26861350034879
3024989,27.490311702865494
3024990,1675.7562840503347
3024991,3.025362746365693
3024992,0.24109531004784068
3024993,5.283769842360259
3024994,4.5735250525869775
3024995,0.04475880269128514
3024996,87.40950678012598
3024997,0.010048682793365885
3024998,0.0
3024999,0.31719525167180995
3025000,7.462157848569738
3025001,0.43341907000523755
3025002,180.4855995701523
3025003,74.81451397084388
3025004,0.6002037489232103
3025005,1.5561048411387282
3025006,42.6415595625856
3025007,14.809892903664538
3025008,611.0838922212695
3025009,0.06380871700547744
3025010,0.3625215776277732
3025011,3.625582955868355
3025012,0.053127131729191715
3025013,0.675920287271303
3025014,3269.944684199141
3025015,0.015665459649288897
3025016,528.5086947860228
3025017,7.087504387949206
3025018,915.9747496971643
3025019,622.2276758914142
3025020,214.94715637544732
3025021,148.03395944660434
3025022,66.60022821250651
3025023,3916.43685338281
3025024,6.160821226074075
3025025,0.47847824287236773
3025026,16.470865074713483
3025027,8.136515984170307
3025028,0.13642799822018795
3025029,217.76805302385773
3025030,0.02107480559522581
3025031,24.0474188747705
3025032,3.4327503404204807
3025033,29.012125671037417
3025034,0.8419414259180964
3025035,250.79416984969995
3025036,209.2232338081683
3025037,2.364754330378308
3025038,3.8301161162758124
3025039,126.1189679865691
3025040,41.04336028617071
3025041,2428.990792159549
3025042,0.6200504137975008
3025043,1.039743490216722
3025044,3.215157520028731
3025045,0.015004358751569776
3025046,4.3560582647000805
3025047,2399.8862753315875
3025048,0.019736481221205398
3025049,497.4518664483493
3025050,6.638931412593081
3025051,854.1559515719596
3025052,761.4494659223737
3025053,139.48080852438028
3025054,109.08809659508928
3025055,107.47338842921594
3025056,3152.3457102590064
3025057,42.94808232046693
3025058,1.3257278786133904
3025059,20.893803095404994
3025060,23.84162347260906
3025061,0.12225946696291619
3025062,216.99595078553327
3025063,18.449311554954484
3025064,19.26718695738213
3025065,1.8531264248546255
3025066,74.7835679296303
3025067,7.11640362306247
3025068,208.8087675673063
3025069,236.3848837970552
3025070,9.646960465989178
3025071,11.482463725885987
3025072,220.16146907993644
3025073,59.079726235410085
3025074,2012.4596518810408
3025075,0.07717838697883776
3025076,8.747316535002813
3025077,4.176161821742245
3025078,0.021256909444603914
3025079,4.149755729661443
3025080,2143.6386128728104
3025081,0.020138246564203762
3025082,384.3484449160417
3025083,9.66591323945812
3025084,783.9420054251076
3025085,644.5842603834794
3025086,133.7622952924297
3025087,73.7908466405107
3025088,81.55450900705198
3025089,3015.331121286261
3025090,24.755398142025314
3025091,1.0134255657370317
3025092,29.97476965884133
3025093,33.62198789763098
3025094,0.022333001546410047
3025095,269.79468779444187
3025096,17.098759601147876
3025097,12.578301727793908
3025098,7.2339319330672325
3025099,59.02318315235661
3025100,7.701090808400646
3025101,120.2526376782778
3025102,274.1293432185507
3025103,5.7175076533704505
3025104,7.842686702995843
3025105,102.4521625744357
3025106,60.306518490974206
3025107,1555.0239683717966
3025108,1.2178231858259498
3025109,10.944251170467915
3025110,6.789449330683395
3025111,0.17023763679184895
3025112,3.8712469588197687
3025113,3588.081182515807
3025114,0.004329643113145374
3025115,635.0382506838195
3025116,5.100972664835638
3025117,1284.8350372192663
3025118,601.0852292176659
3025119,192.47934669150538
3025120,213.08459789965622
3025121,59.113807328444125
3025122,4736.741179356791
3025123,30.155356228118055
3025124,1.253616473342722
3025125,19.44314494540667
3025126,13.274823899321202
3025127,0.07740481549608928
3025128,382.72473519304515
3025129,3.6685570768557962
3025130,12.830450347368993
3025131,5.417794927220672
3025132,31.80736926147377
3025133,2.8132999078494656
3025134,147.38921568155752
3025135,278.2398316395054
3025136,5.54852012862079
3025137,9.093265458347028
3025138,183.38128826036237
3025139,52.91043579922564
3025140,2653.9298217288456
3025141,4.157303331374627
3025142,13.332722804040117
3025143,2.474786298092239
3025144,0.14696054800223346
3025145,5.160492764196097
3025146,2006.4880153906947
3025147,0.0670161530663052
3025148,329.5426358547632
3025149,5.364345067878262
3025150,693.6041161099586
3025151,605.2086511911134
3025152,171.01737956515652
3025153,116.10311400447836
3025154,66.9899111346325
3025155,2931.8211256059685
3025156,19.805084491063866
3025157,0.9356547015318759
3025158,13.235994998428556
3025159,10.864041044732291
3025160,0.11580505699543961
3025161,197.19457289958606
3025162,16.093554791108
3025163,14.674931401897306
3025164,1.7704680422419348
3025165,44.08788719278898
3025166,5.470504222745043
3025167,306.15771610410945
3025168,205.17780357436584
3025169,5.062947322103682
3025170,7.056067474746344
3025171,304.9995856180285
3025172,50.28409360400599
3025173,1779.2288068083583
3025174,0.1723178339824785
3025175,22.383679129186994
3025176,3.3021667318247374
3025177,0.091943880939564
3025178,3.0379849895691406
3025179,3791.819219991026
3025180,0.0
3025181,442.6358799935954
3025182,5.092002714928474
3025183,1802.0698177584864
3025184,581.8793954920866
3025185,268.4019995061751
3025186,185.88608956762775
3025187,65.13560402553112
3025188,5051.968858386627
3025189,9.641706121567092
3025190,1.2244999918971122
3025191,27.137775360434162
3025192,26.588287195743177
3025193,0.10139314500136576
3025194,405.16840213512126
3025195,0.0023782396023727384
3025196,0.06821486243708587
3025197,7.463242793608332
3025198,24.18663942483922
3025199,1.647900959065283
3025200,132.04676638852135
3025201,285.6479135025389
3025202,2.6055995099012574
3025203,9.526427527196553
3025204,176.53920635530542
3025205,53.98356551075096
3025206,1979.2144819253456
3025207,0.04404961714321868
3025208,3.5926095801488946
3025209,5.138691802350608
3025210,0.03366753412927863
3025211,5.294304916944445
3025212,1980.3347776170683
3025213,0.0064495575749356
3025214,400.60002062012717
3025215,8.576997800801072
3025216,854.6364518177849
3025217,578.9338180110263
3025218,189.10667033137887
3025219,103.86894919083359
3025220,95.93499045043826
3025221,3177.7857735474904
3025222,27.09903402877836
3025223,0.795578171554288
3025224,19.60946847926363
3025225,33.16230918680702
3025226,0.0
3025227,220.62874673189978
3025228,12.805719532187211
3025229,15.275156173041568
3025230,6.548754970983937
3025231,51.577138471370645
3025232,6.926883990109387
3025233,161.93511115139935
3025234,314.798967660217
3025235,10.762998960149769
3025236,7.7215762104035095
3025237,168.589896920902
3025238,46.704195817399956
3025239,1693.5955517999869
3025240,0.31308833903059835
3025241,6.6201517559409675
3025242,2.7016655179275677
3025243,0.018268656099738434
3025244,5.212026238819045
3025245,2227.1983489300533
3025246,0.022469634551220728
3025247,403.8204465154431
3025248,7.025054207012951
3025249,665.8368446795123
3025250,704.232125171256
3025251,142.96935620678047
3025252,111.54528990642407
3025253,100.5586008925241
3025254,2690.4250947396285
3025255,21.514387474240007
3025256,0.6608851891428131
3025257,17.53049702978402
3025258,14.60516857689818
3025259,0.058707629769618234
3025260,182.52843498239218
3025261,12.810099126626817
3025262,28.541069545049144
3025263,3.5044463013188802
3025264,38.73855557923659
3025265,6.132955747077098
3025266,195.37376124341174
3025267,198.60227148807508
3025268,6.6033775772643075
3025269,7.280970369111921
3025270,184.9075254170172
3025271,48.4438754867178
3025272,1932.432962962492
3025273,0.25255800815954144
3025274,12.559016483969033
3025275,3.953654626675037
3025276,0.04861459785665766
3025277,3.95149753550145
3025278,4573.974314024303
3025279,0.0
3025280,536.2709512732937
3025281,11.88105787471806
3025282,1136.1106873952126
3025283,640.6907466523436
3025284,250.0211075923928
3025285,195.91308123492803
3025286,54.3615265987326
3025287,4617.833953200414
3025288,8.057786519986605
3025289,0.21792377116672
3025290,13.14718734427463
3025291,17.188833353821014
3025292,0.04753805906757277
3025293,229.34218819945113
3025294,0.0
3025295,12.207753709402226
3025296,1.0610327234887886
3025297,36.286226698336414
3025298,1.7375368194322398
3025299,203.26257589158698
3025300,247.42313581250667
3025301,2.609218521729598
3025302,1.3303836854052147
3025303,237.15766692170305
3025304,141.2581741635634
3025305,2106.907823006258
3025306,1.7906795135542681
3025307,0.4521661652364479
3025308,11.413775267102135
3025309,0.0070907808893054414
3025310,13.203537542607764
3025311,7869.255065462742
3025312,0.050593031842996176
3025313,1433.4515380105267
3025314,22.55167436477784
3025315,1979.9639259018297
3025316,1900.6134518617807
3025317,458.4768452385294
3025318,476.6750144449619
3025319,360.8970868028179
3025320,8263.969504800225
3025321,79.27667670093675
3025322,3.711516754031721
3025323,99.50487465801208
3025324,104.55139794753453
3025325,0.14328996802957572
3025326,576.3206919895257
3025327,25.475864576863827
3025328,19.093604920972115
3025329,57.72825281153576
3025330,225.2470251943505
3025331,18.820559368674754
3025332,697.9802649310959
3025333,502.071055069976
3025334,27.85717264371916
3025335,32.47816512303465
3025336,867.726341132012
3025337,267.8477301897805
3025338,7664.553393028949
3025339,178.52971211670308
3025340,86.39238862759335
3025341,12.783695269928804
3025342,0.01811238757857171
3025343,11.692938356019322
3025344,7365.301973874906
3025345,0.0627643019136024
3025346,1034.602247505449
3025347,20.50126416873696
3025348,1967.82780661514
3025349,1711.3399334651524
3025350,521.3181405360222
3025351,285.059189715774
3025352,219.81227368068684
3025353,8707.444480834552
3025354,94.36672643792987
3025355,1.3347265948543365
3025356,50.70831365974144
3025357,71.64915352880571
3025358,0.5502678037307194
3025359,535.2419635345043
3025360,14.870779767716824
3025361,25.256828614282156
3025362,11.03581287929056
3025363,130.24482202051166
3025364,14.619670601124255
3025365,856.527135694012
3025366,552.188840964221
3025367,20.248716432452053
3025368,24.324505990671557
3025369,1010.5696109679243
3025370,191.65211977887085
3025371,4663.879432541302
3025372,335.5806990521839
3025373,69.50458074092062
3025374,8.723803256203777
3025375,0.01554266153510258
3025376,12.911820292259048
3025377,4574.10768780477
3025378,0.03652813884784482
3025379,720.759763855107
3025380,11.21362328118237
3025381,1617.125915577039
3025382,1103.1004020670975
3025383,587.61064835053
3025384,109.78322667072503
3025385,171.59393356151134
3025386,7063.81697265497
3025387,38.38264554343172
3025388,1.9250786533030662
3025389,28.254544981388538
3025390,22.921985187155823
3025391,0.29510561008618175
3025392,481.2280188568177
3025393,22.11130803325321
3025394,19.407960280750114
3025395,10.97971843449195
3025396,75.17786239983283
3025397,6.857022509933415
3025398,733.808233840525
3025399,540.6306735064128
3025400,16.996575904732488
3025401,32.63019396552329
3025402,537.6956926293236
3025403,104.47350546235448
3025404,1936.2771928829284
3025405,101.78045728424831
3025406,30.502334155527297
3025407,12.090853488473403
3025408,0.01248231045019148
3025409,16.332220324528937
3025410,7005.291726452502
3025411,0.048919029267007315
3025412,1009.212502054692
3025413,15.926489125417339
3025414,1843.5180628344647
3025415,1672.1862193211991
3025416,509.66145279949177
3025417,273.8639899153399
3025418,192.82859701627402
3025419,8005.222183410744
3025420,40.7617342467027
3025421,1.3884420307016574
3025422,45.67478789380426
3025423,64.59475394824662
3025424,0.43033441225912544
3025425,511.8698029814257
3025426,24.151628443282036
3025427,21.166606796405873
3025428,23.73867596667732
3025429,141.19290726632502
3025430,9.60140812760696
3025431,691.1344145659352
3025432,560.4311395771964
3025433,17.16505954848458
3025434,24.827362658372838
3025435,893.2404727632221
3025436,170.3163509502863
3025437,4355.912327989265
3025438,173.49063325645446
3025439,54.200296916404895
3025440,9.289333212753942
3025441,0.0015453124869111011
3025442,14.266773439582392
3025443,3752.209790142075
3025444,0.013879609289229272
3025445,591.6931667509893
3025446,11.828175581726015
3025447,1578.0396080384296
3025448,923.5036010740954
3025449,432.26387456690145
3025450,79.42788264015239
3025451,126.16090290652203
3025452,6022.86284156493
3025453,35.22372830063453
3025454,0.3445930885287304
3025455,23.97561737559899
3025456,33.404465638581705
3025457,0.14721145807297714
3025458,432.20322907763716
3025459,16.24323850911207
3025460,8.037791769755101
3025461,8.787142258686087
3025462,66.34982407021765
3025463,3.7295088293639274
3025464,661.2645675043636
3025465,563.1198107392764
3025466,13.520336613721975
3025467,19.16453910273605
3025468,604.962020075586
3025469,67.32882383440088
3025470,1327.7058829781747
3025471,313.38265051129815
3025472,17.155345839726184
3025473,9.57780839665309
3025474,0.020581011343011497
3025475,10.093119587196638
3025476,5849.891169359851
3025477,0.03165260896930545
3025478,1115.5299638933025
3025479,20.494015719268468
3025480,1603.8503301309618
3025481,1776.8581738155785
3025482,379.2762278886102
3025483,389.2335803167097
3025484,262.6543132450975
3025485,6761.345503248374
3025486,65.31685430383938
3025487,1.2630938060459953
3025488,45.577334478054254
3025489,49.0860091185708
3025490,0.37496284602741997
3025491,431.157329965656
3025492,11.436307146256743
3025493,24.136263211790606
3025494,10.492000581709972
3025495,149.5660217571072
3025496,13.02694570369382
3025497,634.5071417870564
3025498,429.5378829172838
3025499,16.240282892437655
3025500,26.88971841978138
3025501,821.0330185342096
3025502,184.23920758122577
3025503,5727.894952550021
3025504,113.33270837270936
3025505,67.58443601117602
3025506,4.985679620765372
3025507,0.1955700555768377
3025508,5.840165866688317
3025509,1531.8300135330521
3025510,0.014774987522902593
3025511,320.19635873071235
3025512,17.286940758537927
3025513,728.7341853777561
3025514,453.2754573335518
3025515,198.4273116519634
3025516,74.88026129555237
3025517,69.33869152004449
3025518,2479.966017825439
3025519,23.90654220075946
3025520,0.8243011794415517
3025521,22.71952601660407
3025522,22.484215348061582
3025523,0.09821922894786457
3025524,194.20490248043103
3025525,10.109120437980053
3025526,7.0706925949029005
3025527,8.795206541893409
3025528,38.843470991017334
3025529,4.925100016324481
3025530,210.03645571548128
3025531,233.13105230933851
3025532,2.925396591732697
3025533,5.8288416652516695
3025534,191.85403979589347
3025535,48.68103409262363
3025536,1359.272250633729
3025537,0.48682253412199084
3025538,9.360080601935808
3025539,7.235372622283345
3025540,0.012359018487757195
3025541,12.565416310564318
3025542,3934.610831263027
3025543,0.04694870336717948
3025544,468.2987665684409
3025545,25.035669147512888
3025546,1381.3729912695758
3025547,927.7012853635711
3025548,357.5171769370659
3025549,84.05295090144305
3025550,102.2281973106363
3025551,5761.082395179438
3025552,70.09295783630233
3025553,0.8929447926222638
3025554,45.59367606543173
3025555,34.758924395862515
3025556,0.044593082711285835
3025557,357.96117156549496
3025558,15.889063681741057
3025559,4.758199988292188
3025560,3.0194938607507242
3025561,92.4039273191429
3025562,6.106917612864123
3025563,478.45693323177295
3025564,416.68536191102635
3025565,9.72157935782638
3025566,20.46249073728055
3025567,319.9103430897538
3025568,67.74878832932656
3025569,1692.6915301344766
3025570,214.9427175275084
3025571,16.985764449443035
3025572,5.270517148481483
3025573,0.017984812447586283
3025574,5.631046925592352
3025575,3742.822494165162
3025576,0.04003928372520502
3025577,731.0541991147184
3025578,7.024784668501121
3025579,1165.4372257600962
3025580,1227.1031273339838
3025581,207.55241657259475
3025582,277.46419581510867
3025583,191.6137539633951
3025584,4251.5833392849745
3025585,30.64792786379879
3025586,1.0395763449962214
3025587,31.252151035122694
3025588,39.20420215236715
3025589,0.22174739813351632
3025590,279.49293922104766
3025591,1.6530190745461717
3025592,31.773300850137822
3025593,3.9020660186515195
3025594,74.48166740007628
3025595,7.450507235827027
3025596,473.16585750418454
3025597,259.65789212446026
3025598,16.67934359675671
3025599,9.404613979971659
3025600,566.4233538341192
3025601,98.95589904574669
3025602,4123.010469057841
3025603,2.095098827495811
3025604,37.66261346762892
3025605,7.887856332592236
3025606,0.019451799294695683
3025607,7.414926016729444
3025608,3640.0455874418262
3025609,0.013050433005583763
3025610,638.7828571317133
3025611,9.312250839782829
3025612,1181.029376746506
3025613,921.6747929197162
3025614,290.38702645818984
3025615,174.06338416362817
3025616,226.4758177895698
3025617,4622.578416821406
3025618,37.196407655965075
3025619,2.3209783305383795
3025620,42.17133912892531
3025621,40.71521418950841
3025622,0.12246636306192538
3025623,297.87623403037674
3025624,6.075868195815598
3025625,41.23076023422212
3025626,5.948846827062776
3025627,134.05254352626133
3025628,7.048896709326199
3025629,373.71862621397537
3025630,270.26891285929077
3025631,13.242909793200637
3025632,20.049022850201357
3025633,353.6168182517977
3025634,113.95115484154115
3025635,3269.852512989631
3025636,2.8186324304930026
3025637,9.436778858295833
3025638,6.1380835573126244
3025639,0.04119304512516995
3025640,2.1242248018270673
3025641,1774.3480194739063
3025642,0.0004889394163274151
3025643,378.4720217032214
3025644,5.068149801106707
3025645,737.8987599975266
3025646,419.4484573787815
3025647,176.0137581417024
3025648,73.09021188146794
3025649,79.79064301977577
3025650,2396.4563936640134
3025651,12.199532910144136
3025652,0.8454788424943881
3025653,15.846631437308567
3025654,19.504105950786435
3025655,0.061505736955067676
3025656,166.99063606264062
3025657,2.9097508008459227
3025658,8.24382558038494
3025659,4.2131658474020215
3025660,41.005043783418984
3025661,2.6152706446668077
3025662,213.8320561650658
3025663,171.9583174420813
3025664,3.3956182211181676
3025665,4.789106806595928
3025666,144.28862868951603
3025667,46.1535256275256
3025668,1353.1374142374061
3025669,0.2609124139072695
3025670,3.6742332385703675
3025671,4.9900798713044665
3025672,0.018054143095602833
3025673,1.535907043294317
3025674,3026.460540519714
3025675,0.0
3025676,237.33589370697013
3025677,2.9291747914007025
3025678,952.6280481416843
3025679,236.92114776592763
3025680,208.17202204260408
3025681,60.71331561552808
3025682,24.937983879241642
3025683,3154.79986984084
3025684,5.697808564620305
3025685,0.4269923571141696
3025686,14.764176896425049
3025687,9.385067245306905
3025688,0.05780684413899946
3025689,220.23250609975844
3025690,0.014341561615497482
3025691,0.0
3025692,2.566362896635132
3025693,14.783263191558184
3025694,0.6055608740946213
3025695,48.22002103348209
3025696,159.39589287715245
3025697,0.06747264380691528
3025698,1.7666294951411654
3025699,60.342666946784675
3025700,74.51365999074032
3025701,922.9470965333687
3025702,0.04038092198566279
3025703,1.7708581705665898
3025704,4.099729988083458
3025705,0.055092968227033315
3025706,5.802841634502514
3025707,3167.2842188861605
3025708,0.0061015849931889635
3025709,482.3467633181679
3025710,9.477034919638943
3025711,986.8988505009264
3025712,773.0622782722813
3025713,299.5631933875824
3025714,141.74267291043168
3025715,120.43622257009744
3025716,4262.407852427515
3025717,28.209189377470185
3025718,0.7566909322104894
3025719,17.263106930889982
3025720,42.85275664117695
3025721,0.0
3025722,268.49110569003716
3025723,18.636856565629138
3025724,11.184310697148083
3025725,14.288281428952152
3025726,48.9716155622371
3025727,4.6073946283666185
3025728,383.027754273058
3025729,310.3425234905823
3025730,7.485083874848754
3025731,12.002112444542579
3025732,426.6939629279639
3025733,75.69325670528414
3025734,1913.8288121666683
3025735,0.034332298272056104
3025736,31.07439061655221
3025737,4.579503689998423
3025738,0.05379247312511279
3025739,3.8283341781749183
3025740,3640.7163501769196
3025741,0.1179184295699027
3025742,643.5874363984974
3025743,16.542716789871488
3025744,1036.6587146026902
3025745,1144.115186778768
3025746,187.41027170900927
3025747,258.60474938932623
3025748,178.92838774885027
3025749,3806.1998436022172
3025750,39.2136904636047
3025751,2.677567957388115
3025752,26.35957799281346
3025753,30.040332319436473
3025754,0.438729412539758
3025755,249.21548141773107
3025756,11.248628280379291
3025757,36.445301495920994
3025758,11.711881082405071
3025759,96.59869953835064
3025760,9.756278027752845
3025761,427.6169441340461
3025762,255.29935316404527
3025763,6.700881097608938
3025764,12.64301538914264
3025765,625.7353095108165
3025766,113.68259793027413
3025767,4426.635201719886
3025768,0.16641520485884823
3025769,42.75029852176383
3025770,2.8377139835819283
3025771,0.30926245181406475
3025772,7.326017724578442
3025773,4251.099331186345
3025774,0.029899976233747686
3025775,706.3321454911389
3025776,16.066263538852173
3025777,1030.9647163711168
3025778,1095.0197777073843
3025779,239.08797727117158
3025780,264.59877122251396
3025781,143.72988545680624
3025782,3980.251853135027
3025783,30.993322159459918
3025784,2.101154520692471
3025785,35.87911296715448
3025786,34.68379733053859
3025787,0.06846798574964909
3025788,299.1309967587037
3025789,21.291980182013237
3025790,27.870332146779965
3025791,18.30665651026264
3025792,105.85901605240969
3025793,10.25820959252636
3025794,392.52586769180067
3025795,271.2037311698224
3025796,13.132239336040936
3025797,14.319446313093353
3025798,477.66967599219004
3025799,112.6737155743639
3025800,4193.697689787034
3025801,0.33007479459647043
3025802,26.822441514909414
3025803,10.2243041642463
3025804,0.25830121540643214
3025805,6.975284490933435
3025806,2993.0536716716433
3025807,0.0
3025808,440.6759013909839
3025809,11.218612982788583
3025810,1483.1081268508178
3025811,644.133314691938
3025812,451.829605035906
3025813,176.61657491914886
3025814,69.49417933730014
3025815,5422.188307907136
3025816,8.765443017650325
3025817,0.9159547975834499
3025818,40.612132525091354
3025819,37.49543053665601
3025820,0.0
3025821,364.6201616139722
3025822,8.733789644129086
3025823,4.345563574571442
3025824,9.522609001356319
3025825,31.310269850472313
3025826,2.145759737403889
3025827,301.6794168885692
3025828,384.5850594501131
3025829,5.291343274171578
3025830,5.374886074085573
3025831,340.13481629533504
3025832,80.67643927572566
3025833,2050.0675037416795
3025834,58.56452167947269
3025835,12.370574755326308
3025836,4.216689493413999
3025837,0.03159916648539782
3025838,2.9178409478158365
3025839,2525.6443090082385
3025840,0.0631129272545671
3025841,407.849757576675
3025842,12.297343253311588
3025843,766.530982719055
3025844,779.2799058544779
3025845,138.71128875113143
3025846,143.08261151505778
3025847,153.5169283641976
3025848,2812.365684471622
3025849,23.526183700180106
3025850,1.5330677754767255
3025851,24.767051337209082
3025852,28.202235000575065
3025853,0.08270114950496989
3025854,199.17304711133792
3025855,15.059058281258455
3025856,24.13295721236852
3025857,6.920752347508864
3025858,87.71988939284164
3025859,5.209219666941389
3025860,293.0005290548917
3025861,165.65597229396838
3025862,4.831511412027515
3025863,10.43198614591802
3025864,321.9443877071699
3025865,66.66210139069602
3025866,3865.1636248023256
3025867,0.0940951944160779
3025868,26.786246865241544
3025869,2.2232424213438873
3025870,0.0
3025871,1.4569217303460684
3025872,1355.8074554424486
3025873,0.0
3025874,97.11948390602058
3025875,3.535474219734906
3025876,740.4133329480117
3025877,365.0685344966073
3025878,239.60416804609807
3025879,33.81257887443221
3025880,32.71304486518011
3025881,2557.370987433926
3025882,5.501138920350998
3025883,0.02818749221848254
3025884,12.298319335746083
3025885,11.352838433701397
3025886,0.0
3025887,171.98713138578225
3025888,3.3458192807098177
3025889,0.0
3025890,1.6491993194718266
3025891,12.940418306867628
3025892,0.5025038004378906
3025893,186.07574522256274
3025894,161.83228797708728
3025895,0.9820791381061164
3025896,3.722298622571475
3025897,135.12892817131967
3025898,23.05072640760616
3025899,246.37746509647866
3025900,0.8422293594743872
3025901,1.8488039610419207
3025902,5.008077083752751
3025903,0.09307136851182941
3025904,3.9945380042976173
3025905,3892.059567186997
3025906,0.005246355439279193
3025907,522.8071853372504
3025908,10.793688891797705
3025909,1627.1010129838444
3025910,626.1802984670906
3025911,399.371678450459
3025912,173.27374708014955
3025913,67.98648113557326
3025914,6595.244055073616
3025915,17.733714842742824
3025916,0.4440219777516053
3025917,19.888205379940665
3025918,16.043351544271435
3025919,0.0529051083096773
3025920,428.27773796204053
3025921,7.845642904395845
3025922,1.1010924148528234
3025923,7.246340239991445
3025924,28.104087654444754
3025925,1.5426854536800632
3025926,588.1044516054563
3025927,335.94367480173014
3025928,2.105150156077409
3025929,11.288812414602814
3025930,352.1961829400473
3025931,94.7576872589175
3025932,1116.4481843947015
3025933,29.807194688475455
3025934,7.164039077984367
3025935,4.299221277380515
3025936,0.04276800709008771
3025937,0.6448848087889846
3025938,1437.1450859159604
3025939,0.024690889775102535
3025940,173.19734891306777
3025941,7.066318201546491
3025942,803.2737512247062
3025943,425.2691670312681
3025944,189.7512130987083
3025945,52.94016455997049
3025946,32.5371336231567
3025947,2626.1273071583605
3025948,6.1594449581267545
3025949,0.49438160978866635
3025950,10.54229580569429
3025951,14.250862676674435
3025952,0.08027025988002906
3025953,163.730148978019
3025954,4.610871182525818
3025955,0.033129067837376874
3025956,5.036074095344574
3025957,23.705486701340128
3025958,1.1126659160439683
3025959,135.8907634029956
3025960,159.8143698727762
3025961,1.2859360697507083
3025962,5.225929979083214
3025963,133.46801863024947
3025964,27.977909989300393
3025965,300.4285208710956
3025966,6.247077722091004
3025967,3.428569535495293
3025968,3.377866353940268
3025969,0.01358885119832917
3025970,2.0772336269239364
3025971,1344.648084647282
3025972,0.0
3025973,97.5126306665365
3025974,4.524139951810253
3025975,564.8433541731576
3025976,258.1447612829659
3025977,134.99693229927473
3025978,38.090467167410154
3025979,23.09726060571125
3025980,2326.024704675095
3025981,8.323789582760515
3025982,0.160138076673875
3025983,7.948051971180012
3025984,7.806713163553863
3025985,0.00834030030582328
3025986,117.30639501672799
3025987,1.1203316417753002
3025988,0.00225937361099924
3025989,2.0907792451675604
3025990,25.5249927435459
3025991,0.5565454332283134
3025992,116.64453615745859
3025993,157.5785304036094
3025994,0.3953770485391943
3025995,3.7160999109790813
3025996,61.4167079746158
3025997,17.931268888435348
3025998,144.2255282734586
3025999,0.396821100887628
3026000,1.3359404565840034
3026001,2.591520303215339
3026002,0.009753534624988453
3026003,2.5135716899907594
3026004,1399.7878383659258
3026005,0.0026735788269876045
3026006,145.3151893753167
3026007,5.395649269359789
3026008,928.9482592333434
3026009,395.1735672990491
3026010,222.14369652570798
3026011,25.67930778838649
3026012,32.127114656306404
3026013,2604.6148066307687
3026014,4.431248516210947
3026015,0.16007955463012694
3026016,10.750152083240456
3026017,16.766420208708134
3026018,0.04440593474185809
3026019,177.4019458948799
3026020,0.6717648160192132
3026021,0.004128509262061496
3026022,2.499074691087252
3026023,13.820358607738827
3026024,1.2347300623769966
3026025,148.9503672300532
3026026,237.911125638718
3026027,0.8280014570462776
3026028,3.7874355192775715
3026029,63.95133531304539
3026030,73.52138440738324
3026031,320.886642848204
3026032,8.212694820807844
3026033,3.541501793534289
3026034,2.4769733596028436
3026035,0.698381978868612
3026036,2.351705395173633
3026037,1490.0470002755096
3026038,0.006797103355716725
3026039,131.9928585363971
3026040,2.587720800262727
3026041,781.9502609918686
3026042,360.82541340233803
3026043,218.12253497906502
3026044,86.70691885780833
3026045,56.006758478637295
3026046,2375.996069396665
3026047,5.246942736270511
3026048,0.7224823222229709
3026049,11.4296794372723
3026050,17.139482999621624
3026051,0.043387734773011326
3026052,202.13305689731425
3026053,5.709453000835371
3026054,0.002987443866358533
3026055,3.3218432453732296
3026056,17.712678110407275
3026057,1.2363922759374992
3026058,119.2323316560447
3026059,165.47811745144168
3026060,0.8064565343379443
3026061,4.152146401508235
3026062,92.23589930450704
3026063,41.10539102832716
3026064,542.7934180392703
3026065,4.568112220304827
3026066,3.581071518643974
3026067,5.672763580383343
3026068,0.0
3026069,0.26045967774986956
3026070,1383.915039407035
3026071,0.0
3026072,143.7624202275679
3026073,4.022157816799289
3026074,846.6660761563126
3026075,257.8264137797364
3026076,148.0708765699466
3026077,126.53989748472394
3026078,31.248084772826637
3026079,2071.051356621019
3026080,7.5405006190260355
3026081,0.0
3026082,14.36047608591682
3026083,16.026464738143112
3026084,0.0
3026085,159.62130834500638
3026086,0.0
3026087,0.0
3026088,1.2140133217244515
3026089,44.644769267399596
3026090,0.9503297672410168
3026091,55.00273593145846
3026092,134.47434166971962
3026093,0.41863319097140533
3026094,2.981210413685376
3026095,72.39280020619987
3026096,31.943367593147922
3026097,501.64381151257163
3026098,0.0
3026099,1.4402935207143586
3026100,5.670824215719158
3026101,0.2775694666305752
3026102,1.5644408693895575
3026103,2328.93809585988
3026104,0.0
3026105,266.1117715300656
3026106,4.191826279678138
3026107,936.2334137334883
3026108,948.8610049885694
3026109,393.6464575593232
3026110,133.92350711427818
3026111,72.1830511208692
3026112,3605.503141474913
3026113,10.47134978691439
3026114,0.7060407191649224
3026115,20.485087038399005
3026116,22.21386913404672
3026117,0.06468636358283636
3026118,237.2962922990237
3026119,0.24558503596067452
3026120,0.021804914619959315
3026121,6.433237240896723
3026122,22.319406915599696
3026123,2.2089285162682524
3026124,221.45796839445057
3026125,224.35251515399528
3026126,1.7059484850526676
3026127,6.11591044908501
3026128,266.66197325680093
3026129,48.426136087459774
3026130,1035.853926187972
3026131,19.543780727403867
3026132,8.771929210587022
3026133,2.6384558098923088
3026134,0.06503170507083285
3026135,3.6050294561342895
3026136,1786.0883222836137
3026137,0.0
3026138,444.62083213818244
3026139,5.905700130405044
3026140,464.26696165325757
3026141,609.7238786044956
3026142,172.16352365930118
3026143,141.97804971464706
3026144,38.402315448525385
3026145,2201.7555299493965
3026146,10.282518165225968
3026147,0.66247866830748
3026148,15.547985876323645
3026149,16.304626950761822
3026150,0.027852895968123716
3026151,148.81693140985567
3026152,6.850573517131082
3026153,2.430263654060575
3026154,5.164847046658823
3026155,36.66069528654331
3026156,1.5752181642426863
3026157,76.8662806881898
3026158,129.48380263598898
3026159,3.008244857623727
3026160,5.3688410243127604
3026161,136.17249454641544
3026162,45.40062541844624
3026163,1138.0812616226362
3026164,28.73400232676689
3026165,8.793104524009754
3026166,4.82596420531582
3026167,0.24411421645458
3026168,3.0260018473444177
3026169,2121.627885771559
3026170,0.0176459214700861
3026171,139.22897353558147
3026172,4.824399555024316
3026173,709.9275322179869
3026174,311.42420735516055
3026175,235.24399599957312
3026176,43.842610768212516
3026177,34.27615985879651
3026178,2805.5397471682663
3026179,10.39944269945252
3026180,0.8595674211003883
3026181,10.188221926894743
3026182,10.744403499858622
3026183,0.07022775495706265
3026184,147.4757392656312
3026185,5.171227980556323
3026186,0.03224169101221828
3026187,3.8877823393530466
3026188,19.229437241586822
3026189,1.5477001978762959
3026190,117.20744152454733
3026191,141.5552004421691
3026192,0.8805292859279882
3026193,4.413295157518266
3026194,79.9623830500756
3026195,20.89592231297011
3026196,342.96990190900146
3026197,11.621989162637384
3026198,3.692287069963329
3026199,5.035170637020352
3026200,0.02463888591743342
3026201,4.9299479538330475
3026202,2631.389853541557
3026203,0.03529119358161416
3026204,600.6457067196263
3026205,9.681990561810563
3026206,849.7912029536623
3026207,731.7172250798093
3026208,195.36139197862227
3026209,144.43948136907903
3026210,100.9201786710223
3026211,3517.467846413428
3026212,31.02441856166613
3026213,1.075501781807018
3026214,15.854624693548734
3026215,29.638139671910125
3026216,0.1368614473301618
3026217,227.15771919466957
3026218,16.934161476235722
3026219,16.650700193843505
3026220,4.787739133988954
3026221,58.471774436257036
3026222,6.361206429629565
3026223,368.8843013735155
3026224,241.50808323725482
3026225,8.273725002427943
3026226,7.204786060185262
3026227,411.99558386903254
3026228,104.80359878581419
3026229,3093.30781893267
3026230,0.05306335498920844
3026231,30.624668676288948
3026232,4.967855214739271
3026233,0.08315425067012523
3026234,4.126712393808403
3026235,2875.739083371033
3026236,0.0
3026237,369.29488033198277
3026238,4.944374351559849
3026239,984.174707810477
3026240,727.3330075177026
3026241,461.82764602510105
3026242,62.516053336169655
3026243,50.803867184777815
3026244,4162.585288408508
3026245,10.171796500886924
3026246,0.878777036381609
3026247,13.874689771934996
3026248,10.78220242400259
3026249,0.0
3026250,255.23991725169003
3026251,1.523384324792176
3026252,4.377858516005869
3026253,4.36198682152846
3026254,32.615666573003
3026255,0.6309215882754637
3026256,245.17589672002734
3026257,278.81565057678637
3026258,3.2267029388514112
3026259,3.9263626528115796
3026260,209.81267682013055
3026261,47.511558442340935
3026262,663.6560309536255
3026263,67.28850277561455
3026264,9.374520469254268
3026265,7.1946223125608535
3026266,0.31199006735800683
3026267,2.7824387638501245
3026268,2306.3414109875057
3026269,0.02800169460117444
3026270,334.28126915759344
3026271,4.564562952547174
3026272,1013.2147978679077
3026273,611.0089496552824
3026274,235.0357174778639
3026275,207.26143529791574
3026276,68.75726446962445
3026277,3232.048591791427
3026278,12.004902903702503
3026279,0.4711057884561294
3026280,27.649016051741548
3026281,26.143796707050033
3026282,0.14476449239849806
3026283,238.73674250545628
3026284,1.9725647707773901
3026285,2.2083922683188355
3026286,6.890406763053283
3026287,59.43418865514058
3026288,0.9910316782581967
3026289,100.53734241126043
3026290,216.6242937920569
3026291,2.0988196622036015
3026292,3.846344174494806
3026293,135.8997956968141
3026294,116.43403159398255
3026295,1034.274964783973
3026296,0.2250403446516921
3026297,4.088497332125404
3026298,3.6486402963776627
3026299,0.1189559278254776
3026300,1.4660535450707726
3026301,1454.2681367322368
3026302,0.027210517314224334
3026303,113.86116757007693
3026304,5.685762801643547
3026305,599.8961290090303
3026306,304.40487480067014
3026307,135.4014224430596
3026308,38.69844825023386
3026309,42.45359730703866
3026310,2236.658497197054
3026311,6.83624781983483
3026312,0.5293348752055211
3026313,18.106398426250585
3026314,16.32364796599426
3026315,0.03795365777209061
3026316,154.37337889796342
3026317,0.47471207809637134
3026318,0.0351520927873036
3026319,4.1924243978710045
3026320,51.69249580743242
3026321,1.7641978536247003
3026322,103.98562732552143
3026323,140.80377828288513
3026324,0.9905039637477292
3026325,4.781683401921221
3026326,123.63145106290474
3026327,27.08377929028526
3026328,357.92209255016786
3026329,32.770409575951795
3026330,1.246002155729232
3026331,1.5559693569250708
3026332,0.010650990352961612
3026333,0.88293544215584
3026334,1426.349785379532
3026335,0.12475135147349062
3026336,279.9990453559046
3026337,8.175384805900794
3026338,513.5997156830011
3026339,437.58897944302424
3026340,124.15067483312254
3026341,42.23621596242532
3026342,52.90211753434507
3026343,2101.6074511226107
3026344,24.313442176825873
3026345,0.37558763166845033
3026346,9.673993543292537
3026347,11.769766648449904
3026348,0.12708542597350012
3026349,124.73651394626856
3026350,10.8161916847481
3026351,2.6073653000870753
3026352,3.6051552836120084
3026353,34.88802580731906
3026354,3.611814733686185
3026355,725.4736539864618
3026356,145.38602639211584
3026357,3.204538650177968
3026358,4.884399554508623
3026359,305.8161316486354
3026360,29.658451519667704
3026361,1514.6848933882704
3026362,0.012685554356183447
3026363,8.545087524063819
3026364,2.8200670004851025
3026365,0.10472827241058542
3026366,3.816772165734852
3026367,3440.894625259552
3026368,0.06032605925876958
3026369,745.4901147480539
3026370,13.247302248026521
3026371,1110.279694473936
3026372,1270.6269931325655
3026373,269.1257496434074
3026374,222.9888718200729
3026375,171.0508134531422
3026376,4070.974591582839
3026377,35.22449333550375
3026378,0.8488521886543342
3026379,18.257216689767336
3026380,34.69161868833151
3026381,0.08942168945477201
3026382,270.31058717037945
3026383,10.95468251094633
3026384,45.42336482934218
3026385,8.721587254269586
3026386,65.85422880468657
3026387,9.743291079480299
3026388,413.86711058480114
3026389,274.39828980874205
3026390,15.286989985661053
3026391,9.879031162960809
3026392,529.3471910779731
3026393,110.97264690801667
3026394,5792.949856826028
3026395,0.10320017575098633
3026396,20.273277086053447
3026397,1.6899486139031021
3026398,0.05771444175589725
3026399,3.330176868105671
3026400,1555.7495238028876
3026401,0.03549889276089467
3026402,329.67541378166857
3026403,4.775616343245413
3026404,350.2972523809964
3026405,436.6655728229112
3026406,125.20648869227367
3026407,93.69336166941585
3026408,64.57231364507965
3026409,1570.9491184288395
3026410,14.818366194443538
3026411,0.6713968876076498
3026412,10.549516333250684
3026413,15.734062730233589
3026414,0.06551470864096465
3026415,77.25726127618523
3026416,0.03808726040243601
3026417,32.73458555836941
3026418,2.8511006109533894
3026419,103.73920793333967
3026420,4.552484545177291
3026421,188.93438115912372
3026422,86.13933202167217
3026423,4.220747845510024
3026424,4.861585356288618
3026425,152.32098631793414
3026426,34.02184101648387
3026427,2162.3931864018973
3026428,0.5387174531993179
3026429,4.075088535944271
3026430,2.8753652305582524
3026431,0.037230039679120024
3026432,0.09217268858380995
3026433,807.0049381171912
3026434,0.015190153638056125
3026435,185.5843044176247
3026436,4.472558767273374
3026437,330.7043194473228
3026438,206.90580671461169
3026439,67.67240694827942
3026440,25.52759349076651
3026441,26.498024935170758
3026442,1243.1018866919665
3026443,5.614199778546161
3026444,0.569071056238325
3026445,7.354982912490899
3026446,6.4092201189857345
3026447,0.1528639210253032
3026448,55.62029302028061
3026449,0.18822549163822577
3026450,9.116907003003625
3026451,0.7898461335394871
3026452,13.891523705127495
3026453,0.22507727400927519
3026454,219.47101191553097
3026455,97.25598554832261
3026456,1.8025438111401393
3026457,1.0303454070644427
3026458,116.47439601148727
3026459,18.798766742028818
3026460,906.8248684613941
3026461,0.4687724637636719
3026462,1.1820729962001373
3026463,5.107964304727992
3026464,0.18921771580657606
3026465,3.1501492441968706
3026466,2792.427061629911
3026467,0.10611084102908241
3026468,606.3633270427915
3026469,10.173515001075241
3026470,863.0105907625673
3026471,883.0309782193264
3026472,265.8152421163281
3026473,226.79565532706764
3026474,97.72507263518395
3026475,3529.0763869127923
3026476,21.852467136177744
3026477,1.807825024387824
3026478,19.94782985448756
3026479,26.209024635979617
3026480,0.10242912112420552
3026481,216.1263174320448
3026482,4.024813104051212
3026483,39.174576993525044
3026484,7.348484033428691
3026485,75.03125098012536
3026486,3.0654976483425105
3026487,262.0394492962925
3026488,213.05847314604833
3026489,8.671736229698894
3026490,8.502759282625641
3026491,358.7246488929636
3026492,73.18315415388636
3026493,3896.8149204417996
3026494,1.1356096095507588
3026495,16.88990709780651
3026496,4.562318373669011
3026497,0.017012371150979512
3026498,3.266813263676282
3026499,2357.6249991007107
3026500,0.005858645102055853
3026501,464.72280081308844
3026502,12.370010799293276
3026503,837.5835038829149
3026504,790.9959223784571
3026505,267.1837700990854
3026506,168.62086268034295
3026507,50.45734472921074
3026508,3558.4709353146404
3026509,10.563909981217499
3026510,0.6103418414527227
3026511,21.23333332957284
3026512,14.789264956073339
3026513,0.41429341804211867
3026514,198.118994853976
3026515,0.0
3026516,4.318233005817567
3026517,3.5519650509269702
3026518,26.974237846868306
3026519,0.616728057621166
3026520,163.68547405112315
3026521,260.05935832815436
3026522,3.767894037520758
3026523,3.4508157529290564
3026524,154.28338103243485
3026525,62.450388495636936
3026526,1079.6140151400202
3026527,1.486384570540748
3026528,2.037873883523556
3026529,4.717658347704293
3026530,0.24482069781171928
3026531,1.678027091630111
3026532,2510.9284871357786
3026533,0.013533439774923375
3026534,470.02108465118954
3026535,8.74624505662226
3026536,715.1586781928312
3026537,678.5051751302839
3026538,197.42472056541368
3026539,138.30251970873834
3026540,52.22318397922615
3026541,3061.1137041903194
3026542,11.367900021859139
3026543,0.8602037313266703
3026544,19.77113402352389
3026545,17.337818400050043
3026546,0.01222375040096251
3026547,182.014784905445
3026548,0.0034952033214498872
3026549,4.005398549965922
3026550,3.708863949988156
3026551,61.38903395065376
3026552,0.8654587341428304
3026553,98.73685077302312
3026554,172.44346630813558
3026555,3.579713178576719
3026556,4.053600615789197
3026557,145.59297671770932
3026558,48.82524438459455
3026559,802.8479725953863
3026560,1.187150078544949
3026561,4.27349308282266
3026562,8.676471305059007
3026563,0.5244276004827334
3026564,13.697220406329683
3026565,7450.213746401979
3026566,0.1192559370938321
3026567,1181.0278000411092
3026568,30.698573432722895
3026569,1832.6010864713292
3026570,1941.0670231843253
3026571,302.9022880773948
3026572,430.5497246889321
3026573,306.2812151294343
3026574,7963.773155486888
3026575,74.16269078060108
3026576,2.5492803954516368
3026577,53.59426564859566
3026578,52.46575089844335
3026579,0.39057345108989916
3026580,479.2638163489477
3026581,35.833803345327695
3026582,68.42719336794313
3026583,29.653944768059343
3026584,171.60276583265193
3026585,19.219618983395463
3026586,638.3075117216854
3026587,493.22585464089155
3026588,15.713990422940418
3026589,22.5001253928365
3026590,969.5989888406191
3026591,219.6359423948726
3026592,10220.782154341863
3026593,0.6518122369841984
3026594,72.70110311071247
3026595,2.2250230239669024
3026596,0.2676682576224531
3026597,0.5079965280520631
3026598,1457.8743728969014
3026599,0.02684224355244058
3026600,143.25023750045483
3026601,3.46929489786104
3026602,466.2352835594428
3026603,325.1773835634282
3026604,108.70203415148846
3026605,94.36322690744358
3026606,39.00661926057614
3026607,1942.5728691646593
3026608,4.442201919498649
3026609,0.4042328927800047
3026610,10.21756236629642
3026611,6.6350335030114795
3026612,0.09589788411731452
3026613,137.5691398027493
3026614,0.40926161072091805
3026615,0.05174007266951657
3026616,2.5457414099764564
3026617,25.240276670472518
3026618,0.5668708194933894
3026619,50.35187762276454
3026620,79.87900598361055
3026621,1.624721638978114
3026622,3.8971464896498507
3026623,92.94281197962054
3026624,15.989467652524606
3026625,444.51623482384656
3026626,0.12248953730928333
3026627,3.1062726797204085
3026628,5.724618195542919
3026629,0.11512911770425086
3026630,1.4807052160965637
3026631,2625.893120878424
3026632,0.010541636202927607
3026633,408.88900263403553
3026634,7.465602504008641
3026635,924.7959837367036
3026636,675.0209479341794
3026637,183.91788668539
3026638,189.3727847476079
3026639,62.11011191541799
3026640,3822.9822110732985
3026641,10.181575349561085
3026642,0.32104338844306246
3026643,16.658844141112386
3026644,18.476784734505493
3026645,0.06587664802166733
3026646,224.33722349465646
3026647,0.6359625127594499
3026648,3.2461952171479704
3026649,6.467908793181296
3026650,10.913870655008443
3026651,0.9825752333902518
3026652,268.89261860160957
3026653,203.58279920963668
3026654,3.2484118173165215
3026655,5.334638824178937
3026656,93.66981386101172
3026657,59.65707985755391
3026658,897.8715642679928
3026659,0.967491186101919
3026660,4.9790030929430085
3026661,1.0939417686477058
3026662,0.0059331002650713505
3026663,0.19784254969496914
3026664,814.603224578726
3026665,0.007096832176855247
3026666,103.30293262201792
3026667,2.2129099812929964
3026668,417.7997114897751
3026669,178.33357367036714
3026670,77.90969503275366
3026671,143.3502743886294
3026672,14.632999238822288
3026673,1464.9611928836584
3026674,1.0848254720070631
3026675,0.22474938941266406
3026676,8.421058249041252
3026677,2.6171305407809426
3026678,0.06757537698741448
3026679,78.87041578017562
3026680,0.0041701423245191676
3026681,0.0
3026682,0.39505265070338597
3026683,8.811092040095259
3026684,0.1807391677754001
3026685,56.10931862484303
3026686,61.74805503649115
3026687,0.38048179951622996
3026688,0.8912716929166788
3026689,40.124898636184234
3026690,8.390429780316182
3026691,141.14378183066742
3026692,0.004491793187658913
3026693,1.0277918813780524
3026694,5.7182391230561835
3026695,0.008198603002878823
3026696,1.3647163605474735
3026697,1787.6198318037566
3026698,0.0
3026699,173.3985246320743
3026700,5.444745951223289
3026701,759.5081865853316
3026702,454.57710751490754
3026703,145.67457271793054
3026704,106.92234744613012
3026705,43.31218369020726
3026706,2369.623446439351
3026707,2.165189790402788
3026708,0.3628943139763394
3026709,24.56510896683639
3026710,11.651390519421104
3026711,0.1020595103262151
3026712,178.01199181295624
3026713,0.002815863787620977
3026714,0.0017038510075922716
3026715,10.742797559564403
3026716,29.94562257931834
3026717,0.9088819779597129
3026718,220.61021985443202
3026719,161.61201382351967
3026720,1.352967228935201
3026721,3.291615544614674
3026722,197.56532597711941
3026723,24.548763814084648
3026724,942.1826183689072
3026725,0.004716161012636468
3026726,0.5812643529809542
3026727,2.3679123189521856
3026728,0.16848403823471297
3026729,1.2425511104276636
3026730,1995.1285672507186
3026731,0.0036884624259026478
3026732,554.0161538040516
3026733,6.440980308201464
3026734,721.6079385619071
3026735,656.6771850107768
3026736,186.1918381814577
3026737,92.4238153717493
3026738,54.693275364508835
3026739,3154.857344771372
3026740,6.2664863048492
3026741,2.475909743274223
3026742,24.45803142303399
3026743,30.230080014937062
3026744,0.081620052280874
3026745,170.97050471738424
3026746,1.7267986622567093
3026747,3.2026981147710942
3026748,3.1828578971267985
3026749,17.44731108000716
3026750,1.4931289334328188
3026751,159.42789392889776
3026752,226.11985899859775
3026753,2.9452806003681586
3026754,4.995928517259381
3026755,137.4014060820159
3026756,23.53836154293733
3026757,555.928006588584
3026758,3.006451979563883
3026759,2.174752608523307
3026760,2.9433345850410997
3026761,0.03647711575135059
3026762,0.11410178490433666
3026763,1123.426373952658
3026764,0.012813746511008431
3026765,82.81692572229993
3026766,1.5527102455424175
3026767,394.90354796204235
3026768,168.46881480983086
3026769,73.38449327658812
3026770,111.43352264810736
3026771,27.977753623391877
3026772,1526.5841918920216
3026773,3.2802118498990485
3026774,0.26273621478216275
3026775,5.240386391588316
3026776,4.720979259949007
3026777,0.05217796851255718
3026778,72.81178447844334
3026779,0.015038150535445147
3026780,0.0
3026781,0.4253811983630905
3026782,13.496306705155877
3026783,0.3990491138418096
3026784,146.90277821739798
3026785,67.83803872503515
3026786,0.6154684973960571
3026787,0.763879784070326
3026788,39.03094210325822
3026789,12.716135736469884
3026790,296.3784451233
3026791,0.06697118664389183
3026792,0.36896690853527586
3026793,4.939169119664459
3026794,0.0
3026795,1.266486347800052
3026796,3817.4207924686234
3026797,0.0
3026798,488.762067299704
3026799,11.95218069090633
3026800,983.5246012895025
3026801,678.9729751804579
3026802,231.70991677007868
3026803,102.5308398769693
3026804,81.43430667119146
3026805,4221.752912246979
3026806,10.604147615579908
3026807,0.17126563421049926
3026808,33.41709865163105
3026809,15.28282132401778
3026810,0.0
3026811,227.0072642685751
3026812,0.0
3026813,30.56525146624286
3026814,7.223949074268165
3026815,53.72075496990251
3026816,1.7545774031641876
3026817,269.93165204869297
3026818,230.44402960270222
3026819,3.6796020038052735
3026820,6.09166180283991
3026821,120.62681284125935
3026822,46.60421413928471
3026823,1348.3922457393721
3026824,0.1193533397794529
3026825,0.6881928114726111
3026826,3.132189046594331
3026827,0.036742790922930944
3026828,6.594479973349205
3026829,2804.2811328799876
3026830,0.06770001962202947
3026831,525.0435458628046
3026832,6.760602975944852
3026833,978.1704268297831
3026834,812.0473518095553
3026835,156.3749397499542
3026836,119.05099399214072
3026837,115.85943135428839
3026838,3696.216549667283
3026839,51.42539967148625
3026840,1.6210115892675687
3026841,22.625625458111426
3026842,24.340389364772573
3026843,0.14926520251327643
3026844,242.37557534468561
3026845,19.49549771651504
3026846,28.788832879306383
3026847,2.352241385935159
3026848,104.4742098471533
3026849,7.145674988680889
3026850,213.63529635640936
3026851,240.31755127520842
3026852,11.664948369199815
3026853,14.62441282284666
3026854,245.06650250966726
3026855,70.2728060225938
3026856,3458.109229571953
3026857,0.1268991439749954
3026858,11.092155026181727
3026859,4.629770284809953
3026860,0.03703359468810175
3026861,7.153332462030787
3026862,2334.7379251390466
3026863,0.05105468010367561
3026864,469.0902877990736
3026865,10.27083589775903
3026866,940.3255185961706
3026867,720.607845113814
3026868,140.29152170878012
3026869,82.2989572841175
3026870,132.315947295884
3026871,3598.490512850299
3026872,30.49151359844567
3026873,1.101570401842692
3026874,34.757746273331804
3026875,35.06597615111757
3026876,0.053388928022561566
3026877,307.2221453436473
3026878,15.715366882135179
3026879,23.186341314172243
3026880,8.24902557949144
3026881,72.87116089831589
3026882,8.957243740007863
3026883,162.21031492820916
3026884,378.2633910895751
3026885,6.709245586932945
3026886,8.899356863363042
3026887,125.16389715727416
3026888,67.86398411701728
3026889,3077.149473842083
3026890,1.0142319284953578
3026891,14.94097959567993
3026892,6.54462703996874
3026893,0.13948583741179127
3026894,3.590230105595952
3026895,3049.747588140791
3026896,0.002068107815956044
3026897,592.1442496191057
3026898,5.300491695120537
3026899,1180.0120880425425
3026900,621.666547746236
3026901,179.7689402931901
3026902,230.02838726957282
3026903,53.642805716206
3026904,4548.641440778451
3026905,26.83691949674552
3026906,0.9627555275660703
3026907,16.921225254315477
3026908,13.415349501354555
3026909,0.04461466069431846
3026910,268.7423049186707
3026911,3.257399140269487
3026912,12.23962007870478
3026913,4.753235999141514
3026914,34.738066031742775
3026915,2.3103832014825705
3026916,138.8354565720553
3026917,249.00316936212715
3026918,5.442594551425113
3026919,7.490402413894381
3026920,181.2366539565053
3026921,49.18722562642209
3026922,1312.094850501092
3026923,7.617290390719386
3026924,11.559850760799238
3026925,2.645614885614402
3026926,0.13654237609712438
3026927,3.2066552752016757
3026928,2239.431201186213
3026929,0.07906768959640463
3026930,342.56112993483964
3026931,6.10160347971632
3026932,725.805906131989
3026933,636.8276234876613
3026934,175.94581666245344
3026935,117.91056641137463
3026936,78.52364825030537
3026937,2946.12067550408
3026938,18.957208740297336
3026939,1.098431634634138
3026940,9.466913104248446
3026941,11.036679880506494
3026942,0.12008500375060248
3026943,190.83008329639628
3026944,15.036405820508508
3026945,23.16332508718943
3026946,1.7568485223443406
3026947,55.15582975907981
3026948,5.059376563115788
3026949,306.2968669237022
3026950,209.62581971372242
3026951,5.34651878505011
3026952,8.228815424730733
3026953,312.5071361050607
3026954,50.74645513700054
3026955,3003.532573016782
3026956,0.17840831125568726
3026957,21.07509640976114
3026958,3.085265127097621
3026959,0.08678145058819138
3026960,3.297880516974876
3026961,4244.91094947776
3026962,0.0
3026963,380.39918147109597
3026964,7.305870205022087
3026965,1496.499679066016
3026966,883.3351988869879
3026967,238.2147996658226
3026968,163.48505929463514
3026969,49.40208582118574
3026970,4749.276605715637
3026971,10.35516919307093
3026972,1.1781990640730302
3026973,24.765713316374697
3026974,19.61773515243957
3026975,0.07943979793592709
3026976,341.5269133383431
3026977,0.016586798376835125
3026978,0.12766738668615674
3026979,6.764219598577805
3026980,23.30560092131651
3026981,1.5152134568334399
3026982,131.193020914451
3026983,266.2362451624902
3026984,2.965272368658226
3026985,8.899109457111182
3026986,151.0009912782203
3026987,51.04912877906183
3026988,963.0317350381727
3026989,0.019513526741284797
3026990,3.752786691272094
3026991,5.807039766812909
3026992,0.0468570702455736
3026993,6.038189650589494
3026994,2272.884777506549
3026995,0.04323731036242649
3026996,462.2446189551508
3026997,9.770008018116252
3026998,967.3995834598973
3026999,674.7779680023814
3027000,201.93154520822364
3027001,118.12769860170489
3027002,112.7550949252692
3027003,3801.0694408338354
3027004,29.57276217648383
3027005,1.1043447429907285
3027006,18.923165895210072
3027007,32.51826017273392
3027008,0.038835913657559874
3027009,238.31381611836068
3027010,12.063942674778085
3027011,20.556584534554602
3027012,7.680451350034623
3027013,57.81959596233551
3027014,8.859759266340292
3027015,202.36039318292853
3027016,305.37788698347924
3027017,12.486575033501015
3027018,8.096036493477083
3027019,188.4055736246346
3027020,63.56001732735517
3027021,2809.983263132573
3027022,0.3879568620899837
3027023,6.046780026781557
3027024,2.7065500576448693
3027025,0.0066835801569855545
3027026,5.670515720122609
3027027,2448.5090359715377
3027028,0.0530194642670338
3027029,450.23433819252034
3027030,8.817092241358147
3027031,688.906848207161
3027032,731.0306610474157
3027033,156.83062965671226
3027034,119.43386882423496
3027035,112.8820809929838
3027036,2887.81869762459
3027037,29.19523645872114
3027038,0.797197262945257
3027039,16.63496560043245
3027040,17.0510855678923
3027041,0.09482339659646599
3027042,204.49411564867165
3027043,11.619289143328176
3027044,44.62618578134363
3027045,6.702696512341185
3027046,56.46411296398579
3027047,6.634585475823736
3027048,224.08571854436036
3027049,210.08179156024218
3027050,8.17708992302501
3027051,8.166845694811453
3027052,217.0160069840719
3027053,48.56567302251728
3027054,3223.8286087080537
3027055,0.2497313377183597
3027056,13.92302789410338
3027057,4.135620791658262
3027058,0.06649258769146654
3027059,3.8076310882555995
3027060,4313.960677424612
3027061,0.019423835794445465
3027062,485.30476918954565
3027063,11.322700103561573
3027064,1075.3331407953626
3027065,703.8684692363282
3027066,251.25672980380688
3027067,166.11565083463026
3027068,52.16991588931204
3027069,4145.005576734628
3027070,8.921007520912672
3027071,0.23511446227829652
3027072,10.943529674039615
3027073,18.003365154256432
3027074,0.075636738008006
3027075,230.86314561827666
3027076,0.004682182318572612
3027077,7.107932475972164
3027078,1.030856855444476
3027079,38.7946365761825
3027080,1.91972863176154
3027081,186.6011747372906
3027082,249.42351404911244
3027083,2.681594102183293
3027084,1.3276176459378852
3027085,215.90549088148913
3027086,107.12953428878802
3027087,1062.2605536297162
3027088,2.055863327523019
3027089,0.4939956057344465
3027090,13.635940934214716
3027091,0.03353503264936395
3027092,15.220185238173661
3027093,8646.519394587638
3027094,0.07903677941036236
3027095,1635.2081797757837
3027096,28.404995050289052
3027097,2285.621774639446
3027098,2276.551389932296
3027099,480.23911803883055
3027100,534.0924821083894
3027101,382.18251921931324
3027102,9647.346987026793
3027103,96.74766177634447
3027104,4.19984447086835
3027105,99.6961574096971
3027106,108.78237372283422
3027107,0.20843531384250136
3027108,632.6821871578013
3027109,26.597916184878734
3027110,25.609651661067417
3027111,75.4001920680845
3027112,257.1029710306465
3027113,18.075776431255026
3027114,793.1115244642707
3027115,541.7658244645316
3027116,37.03762538922907
3027117,41.61162125239204
3027118,1096.3277686686959
3027119,302.7477975605443
3027120,12611.90262716863
3027121,184.02784708668366
3027122,86.02086713626625
3027123,12.774809067458348
3027124,0.018875980257007575
3027125,12.578857061599999
3027126,7954.841035712951
3027127,0.07302263309536812
3027128,1160.7813551042786
3027129,22.518070555962492
3027130,2134.6374227539536
3027131,1887.2563665392902
3027132,576.3238219789815
3027133,295.3113618045863
3027134,267.0112566040157
3027135,9814.872907916411
3027136,121.85677780571285
3027137,1.4378276415836482
3027138,58.799110372481685
3027139,71.67666148887946
3027140,0.5968006239206111
3027141,583.9397283569032
3027142,15.097579900504453
3027143,35.069272505796896
3027144,19.22756182315347
3027145,182.41066402488406
3027146,14.633274039008011
3027147,900.513036299582
3027148,653.4374468892483
3027149,19.541469424032133
3027150,28.781659839921332
3027151,1012.0666145253999
3027152,236.3022607176582
3027153,8367.203454110155
3027154,310.7999861955464
3027155,72.38786154949234
3027156,8.960554067792598
3027157,0.003968226892584867
3027158,14.257901586488114
3027159,4837.023122836664
3027160,0.037583940535057175
3027161,804.6254607820199
3027162,12.283835478391323
3027163,1767.256374451382
3027164,1196.8209625916006
3027165,600.0682294570887
3027166,109.55653298053515
3027167,195.03728950166388
3027168,7790.727144716556
3027169,36.20529911093721
3027170,1.9825843040325768
3027171,30.63009636517287
3027172,24.271613214310168
3027173,0.3161101773616921
3027174,522.2642740322244
3027175,20.649496600048547
3027176,27.566081556121468
3027177,9.679568926311067
3027178,80.39212846821509
3027179,7.29301967466277
3027180,891.4001447343104
3027181,592.5440348246486
3027182,18.22631678351662
3027183,36.82531511527453
3027184,571.3246239626744
3027185,116.43469651269477
3027186,3252.5195375596004
3027187,98.37839463606218
3027188,34.08602832699012
3027189,11.440662623549192
3027190,0.005381079745165925
3027191,17.81823907822058
3027192,7241.010576752269
3027193,0.05431597060797822
3027194,1059.8089610940963
3027195,17.88221719686358
3027196,2002.5575051033532
3027197,1810.3290728517838
3027198,522.0370059597219
3027199,281.4724988864804
3027200,226.42819332392267
3027201,9411.881213386983
3027202,48.523304877256344
3027203,1.3140721448573431
3027204,59.064055655052634
3027205,69.1651258110782
3027206,0.47800779995732334
3027207,547.6481931772307
3027208,21.8813406178181
3027209,28.683507633404638
3027210,36.45195032342542
3027211,157.79894161743613
3027212,10.001442639637165
3027213,719.8910385008847
3027214,608.5325445829969
3027215,19.22754757605506
3027216,26.226429855698214
3027217,842.517447739022
3027218,193.35458637977564
3027219,7404.601984767197
3027220,193.49913209467397
3027221,55.32860892416952
3027222,8.794456546895615
3027223,0.0
3027224,15.719198440274143
3027225,3541.437456820189
3027226,0.020990166331687227
3027227,618.7865374691897
3027228,14.277268888645631
3027229,1513.867470434309
3027230,896.7292100471147
3027231,487.96631006221895
3027232,84.15693456570473
3027233,131.5554022777295
3027234,6289.88572934617
3027235,34.94453579856889
3027236,0.3810466376727449
3027237,23.418092212862685
3027238,30.474169074611346
3027239,0.027463854714910106
3027240,442.0478137480305
3027241,20.413547823741997
3027242,12.76996380235868
3027243,10.644564791326008
3027244,87.29722133025922
3027245,3.3749659142874173
3027246,655.3329251752692
3027247,617.6895387478132
3027248,13.685335839601684
3027249,18.49872019065501
3027250,584.4737841667016
3027251,73.16093917372086
3027252,2219.8981581262487
3027253,266.5652877533913
3027254,17.89074215433359
3027255,9.205181679813444
3027256,0.03271852829767552
3027257,11.66095691321036
3027258,6299.916349058853
3027259,0.05255427249451886
3027260,1211.2497287835197
3027261,23.031780826492696
3027262,1818.9122091909185
3027263,2008.5913082249351
3027264,394.49830074656495
3027265,423.56354834053826
3027266,301.9926299624253
3027267,7892.881463185448
3027268,66.13468013566037
3027269,1.7541134042148876
3027270,45.23193367369963
3027271,52.89069874835934
3027272,0.41120089517571407
3027273,452.82200800499317
3027274,13.191067876964055
3027275,35.1368678819563
3027276,13.007067624345042
3027277,199.45113405875043
3027278,13.865231418390767
3027279,712.1600363685706
3027280,471.1806844890836
3027281,16.548706422709863
3027282,31.704895633652203
3027283,872.2265976918867
3027284,218.07075697377394
3027285,10266.436929255482
3027286,124.56042194018934
3027287,76.00840922494979
3027288,4.3868798303129175
3027289,0.16587759628620585
3027290,5.948728599462386
3027291,1691.8371337142614
3027292,0.031280132280776744
3027293,325.95731880070576
3027294,19.059659656998658
3027295,838.0922717271159
3027296,512.3479285790629
3027297,210.01492671503792
3027298,77.62603114069476
3027299,76.41419549599614
3027300,2779.87930868687
3027301,25.699251638187196
3027302,0.8681779520457135
3027303,25.382225873451922
3027304,23.544365864638355
3027305,0.06796740492550479
3027306,195.4490230096184
3027307,9.834866179076615
3027308,9.722133186478
3027309,9.620758093994741
3027310,41.731280007288156
3027311,5.512344061295586
3027312,217.9238950790443
3027313,236.7952756443367
3027314,2.629068242072446
3027315,6.100324693537911
3027316,215.25774020112297
3027317,48.98279502310163
3027318,1994.055951519242
3027319,0.4397479722418765
3027320,10.085387871080437
3027321,7.168411106281316
3027322,0.008241320163994051
3027323,13.403094776558383
3027324,3840.72809263702
3027325,0.03482891121209995
3027326,547.7184810417679
3027327,24.322414368277702
3027328,1486.6574429163861
3027329,908.0433984713995
3027330,381.5362298690385
3027331,89.10426632911764
3027332,122.74241003267852
3027333,5854.388491360907
3027334,76.93497569276636
3027335,1.0408301303256484
3027336,46.13597233947006
3027337,35.07559255013094
3027338,0.03847644996005622
3027339,368.6298263295365
3027340,10.869622200721727
3027341,8.513293999949488
3027342,3.2313953989894397
3027343,102.03071185663494
3027344,6.283197466209827
3027345,524.5672860247345
3027346,440.28023969496223
3027347,9.977109787328402
3027348,18.849919538522343
3027349,340.6793976761779
3027350,77.91485595540492
3027351,2549.3674960219855
3027352,189.47917685293186
3027353,16.383457500101354
3027354,5.864535472731943
3027355,0.03487616750075579
3027356,6.204285605362444
3027357,4597.640666306617
3027358,0.08548736567173765
3027359,887.8713621476269
3027360,8.809344675552595
3027361,1477.9436766398326
3027362,1609.9279668953163
3027363,240.6931340332424
3027364,334.36124446854615
3027365,236.29752028169264
3027366,5167.930500629866
3027367,37.751678100722536
3027368,1.228438573928523
3027369,29.541091114541715
3027370,40.61047074909191
3027371,0.2970187162681405
3027372,308.9221342951554
3027373,1.4720864482207021
3027374,55.20261842595429
3027375,4.38416703931037
3027376,109.73092057774262
3027377,8.195354589325117
3027378,591.5998604813183
3027379,290.2986585422541
3027380,18.984836120150096
3027381,9.121496244723867
3027382,709.6162080033899
3027383,123.13288767603214
3027384,8479.1190347028
3027385,1.6146861348855845
3027386,42.50384818665329
3027387,9.537773847021773
3027388,0.029677576643559595
3027389,6.264356151312435
3027390,4367.2347955235955
3027391,0.06319412697444939
3027392,804.2130902446976
3027393,10.490720998697388
3027394,1503.093908594249
3027395,1121.7564330620478
3027396,301.672037450679
3027397,214.35451333789422
3027398,274.07889413833806
3027399,5664.374090385014
3027400,41.103558567808186
3027401,2.8465133747830214
3027402,36.35985923536425
3027403,40.81515972695836
3027404,0.12831080431048733
3027405,322.6485400585438
3027406,5.5803678132776176
3027407,64.46876666199397
3027408,7.394765816064719
3027409,222.80454119815198
3027410,8.0552463064285
3027411,430.1157391837542
3027412,324.5548041681057
3027413,14.699428132419682
3027414,25.278575357263115
3027415,447.9513935158762
3027416,128.05279749900612
3027417,7179.466089141696
3027418,2.9306322973971715
3027419,8.768939998701086
3027420,6.81577708972785
3027421,0.04794121159683732
3027422,4.02455687474392
3027423,1992.9102923859627
3027424,0.005125205492771679
3027425,411.247048707118
3027426,5.107284606000161
3027427,893.3369389412148
3027428,462.1443749338545
3027429,198.83498372726507
3027430,82.11265601874572
3027431,93.70681478953566
3027432,2777.9055130956403
3027433,11.219696823975022
3027434,1.0395849257477916
3027435,20.40756474864458
3027436,22.35630908656436
3027437,0.06494673253503629
3027438,186.7587490097191
3027439,3.3225552311481352
3027440,13.695911011504078
3027441,4.762105614295603
3027442,55.90743384519317
3027443,2.6669250791342813
3027444,240.49571720878768
3027445,213.99422638428274
3027446,4.356811129010683
3027447,5.527653329859108
3027448,157.31651422177563
3027449,85.47863981451745
3027450,2795.9138106720993
3027451,0.35222979161695905
3027452,4.476863196259198
3027453,4.869557912705395
3027454,0.00907725630235289
3027455,0.5206852176519307
3027456,2413.4617150653744
3027457,0.0
3027458,191.8711992542767
3027459,2.940531396197326
3027460,814.4406842833281
3027461,247.38609302248003
3027462,174.20596831479435
3027463,45.26617104790674
3027464,21.642119425607685
3027465,2723.690404379519
3027466,5.323071324435069
3027467,0.43793270507559173
3027468,13.082830982243053
3027469,9.254164436733666
3027470,0.05491475350769061
3027471,166.33139041352192
3027472,0.014529777603395157
3027473,0.0
3027474,2.6144521187842686
3027475,16.067725252803147
3027476,0.5329148031681091
3027477,41.346789615706776
3027478,142.82354630015521
3027479,0.05454062046574824
3027480,1.6119324568660098
3027481,45.241925830953384
3027482,67.81368917409124
3027483,508.7781414381498
3027484,0.020316566069508043
3027485,1.4715460144951542
3027486,4.229849644105354
3027487,0.040529816664254176
3027488,4.567197838625508
3027489,3046.4454005885846
3027490,0.003611341349854514
3027491,501.98288091093247
3027492,10.364443820943771
3027493,1054.3718280034038
3027494,812.929872718263
3027495,288.20797010149056
3027496,150.36600553008236
3027497,120.66912894360962
3027498,4249.347640064532
3027499,27.624654423003463
3027500,0.6721304961247824
3027501,21.64215522475034
3027502,53.28750116118838
3027503,0.0
3027504,260.95009675565836
3027505,17.12969143208724
3027506,16.789830141877225
3027507,11.303400367870697
3027508,59.19399826025479
3027509,5.173888029396605
3027510,398.9578469412895
3027511,308.90921715422115
3027512,7.408900139196224
3027513,13.303215833781705
3027514,416.04478731984034
3027515,82.92478003544329
3027516,3253.581484932492
3027517,0.03437233377043796
3027518,33.357732055667796
3027519,4.761789357819192
3027520,0.0706764534742158
3027521,4.183278777952725
3027522,4194.743245601123
3027523,0.12664752867663545
3027524,685.7495397908557
3027525,16.946139094811855
3027526,1109.5219393165198
3027527,1300.2972496533787
3027528,191.69156574342853
3027529,273.1641396476182
3027530,204.94687582554647
3027531,4307.3284333395495
3027532,45.80686622612843
3027533,2.9993393919771445
3027534,31.771769673934173
3027535,28.782406542426212
3027536,0.4797243863938521
3027537,260.30652906009476
3027538,13.142378732523476
3027539,49.84552550078967
3027540,9.296584680151012
3027541,133.9903230628396
3027542,10.081721916382886
3027543,469.51092272927167
3027544,256.6923235282968
3027545,6.721102119634313
3027546,13.820228279717247
3027547,640.699582121388
3027548,135.1394977912691
3027549,6746.038198517035
3027550,0.2364444396095848
3027551,47.82488557142027
3027552,3.867551829892185
3027553,0.4416756981834553
3027554,10.309726638172059
3027555,4399.514891682212
3027556,0.064746352893296
3027557,795.4685207897257
3027558,18.993455547817927
3027559,1179.3135456308455
3027560,1291.2187167517793
3027561,258.94793666219425
3027562,284.1342053959722
3027563,159.56697820248124
3027564,5075.848497719036
3027565,37.93860166557415
3027566,3.1803209126190355
3027567,39.63361730613622
3027568,48.136696393689476
3027569,0.1171452716081886
3027570,325.3651265235634
3027571,26.615084533236473
3027572,41.48682027705043
3027573,19.40113598990131
3027574,120.61818162427629
3027575,13.995640483115137
3027576,396.3521026923691
3027577,288.34685140486755
3027578,15.90079204857664
3027579,18.806981882640116
3027580,507.22514762012213
3027581,146.70333057288784
3027582,6584.916736928645
3027583,0.4661925226626425
3027584,38.693450484780286
3027585,8.883196348191417
3027586,0.21639872529463475
3027587,6.563798077021414
3027588,2762.0996125027964
3027589,0.0
3027590,394.6495610017309
3027591,10.806265271752345
3027592,1313.782913476972
3027593,715.3140234765098
3027594,410.21877585056774
3027595,139.39261402207742
3027596,81.87882521512118
3027597,5270.656994790247
3027598,8.071794912630503
3027599,0.9495393782497187
3027600,36.46983406059436
3027601,34.68356043054267
3027602,0.0294659201180661
3027603,337.7821278764142
3027604,7.664461542878481
3027605,3.444405851819281
3027606,11.5428802331039
3027607,39.900504053972746
3027608,2.288781369691303
3027609,283.54501904721553
3027610,358.9556609181719
3027611,5.917035136115027
3027612,5.90261278627747
3027613,307.6415297215631
3027614,79.8656598412869
3027615,1146.0362534688338
3027616,59.49970445074304
3027617,12.591771069108077
3027618,3.9855080799062357
3027619,0.0182823000618254
3027620,4.502562704870086
3027621,2281.2340354372363
3027622,0.04312027239837168
3027623,346.46699194765097
3027624,13.052352291511939
3027625,673.4486702652503
3027626,656.9133619263359
3027627,122.87093687104769
3027628,122.68785835459211
3027629,125.252205843932
3027630,2527.860331817548
3027631,19.634994361515744
3027632,1.3639668047595517
3027633,24.188297961040355
3027634,29.443078700415207
3027635,0.04172487943513728
3027636,171.31115459567914
3027637,12.253989523413175
3027638,16.359738168667764
3027639,5.798925472844408
3027640,92.78528151272545
3027641,4.745804137203801
3027642,271.4343154465862
3027643,157.48605816079785
3027644,4.248415015242321
3027645,7.638443868674188
3027646,276.4861567458438
3027647,64.50307098075693
3027648,2133.4956584556603
3027649,0.042099970998538704
3027650,22.26284541736473
3027651,1.1222283870449117
3027652,0.026135901855258433
3027653,1.3621270114794028
3027654,1417.3855505562208
3027655,0.011131218728112808
3027656,84.4600348160866
3027657,2.983516352235986
3027658,758.7432951524067
3027659,249.98989969713466
3027660,199.2812313219129
3027661,24.956024709263165
3027662,28.647298660652456
3027663,2340.250554216261
3027664,3.812933437108878
3027665,0.29836200899564436
3027666,9.344356292232037
3027667,7.860630461837452
3027668,0.08530547364676994
3027669,153.14712470661794
3027670,2.2530525919799254
3027671,0.009803990209050727
3027672,1.1577003695757637
3027673,8.719402819530039
3027674,0.35762724139037605
3027675,256.5674971430896
3027676,163.2387289769874
3027677,0.6666317754652011
3027678,2.6777334964842434
3027679,111.69182654789095
3027680,23.262438667126727
3027681,223.7166180802884
3027682,4.277367622300339
3027683,1.1906297538481683
3027684,5.4054153806039995
3027685,0.14699981426407915
3027686,4.309651107663862
3027687,4109.646624989859
3027688,0.0201928422536779
3027689,673.1433379085205
3027690,11.806189982071297
3027691,1627.0248467287925
3027692,562.2355945434098
3027693,438.28775348309216
3027694,183.613703919122
3027695,65.165333021446
3027696,6581.533946220574
3027697,22.042770941955634
3027698,0.5126397751752405
3027699,21.056783348734275
3027700,14.128654303361339
3027701,0.057346776764301506
3027702,423.00200306864775
3027703,7.516695396314636
3027704,1.7304999509944805
3027705,7.840587573354947
3027706,31.28139387569482
3027707,1.8457122683914908
3027708,833.6099535418264
3027709,365.79302796791364
3027710,1.9731107901165952
3027711,12.768511130354891
3027712,335.3055273971706
3027713,101.91363884641152
3027714,1349.6997137262847
3027715,36.18800324370013
3027716,6.632139591147081
3027717,4.4501645346376675
3027718,0.029279086336818978
3027719,0.6632052772663947
3027720,1504.2866910133735
3027721,0.014310301510415867
3027722,168.90317593660367
3027723,7.656277702780836
3027724,848.0454232333057
3027725,352.90965195586386
3027726,188.5635267763486
3027727,55.52473844386635
3027728,33.50109697354319
3027729,2618.351704863755
3027730,6.714575690873607
3027731,0.45203737691328316
3027732,12.200641705642495
3027733,15.664409227742722
3027734,0.08852723907042738
3027735,165.31061634341896
3027736,4.484556613531432
3027737,0.02111976486282515
3027738,4.650415849802102
3027739,33.93293500970368
3027740,1.0778264222242053
3027741,209.63246226610372
3027742,166.65174289955164
3027743,1.2867062649011691
3027744,5.721115649231412
3027745,155.19911055551006
3027746,30.853184237500376
3027747,343.5764602949532
3027748,0.538904753011549
3027749,2.301668417494102
3027750,3.6734985337749633
3027751,0.02072964818436224
3027752,2.2025861736143018
3027753,1381.654379493667
3027754,0.002141782415544788
3027755,102.06860696546703
3027756,5.670353621237275
3027757,691.6878588914539
3027758,217.91789983999723
3027759,119.63743984526796
3027760,33.12921959914324
3027761,26.432949250490857
3027762,2392.4269691188615
3027763,8.469458664105925
3027764,0.16270696215089359
3027765,9.197810868765028
3027766,7.826871307379041
3027767,0.00037044628729493586
3027768,119.76260347576145
3027769,1.2177636144745119
3027770,0.0036638354511817125
3027771,2.008848611154639
3027772,22.909740172578672
3027773,0.702101697075602
3027774,190.67095600990302
3027775,161.19183762582963
3027776,0.3749848024052198
3027777,3.9460442499550332
3027778,81.17831691977315
3027779,19.3966297210009
3027780,165.8034229334516
3027781,10.736577683613087
3027782,1.3751481179936593
3027783,2.9464640788949414
3027784,0.01041170866728401
3027785,2.451850886386449
3027786,1426.1870632720481
3027787,0.006522471845532189
3027788,153.61561530317442
3027789,6.395040895635456
3027790,991.9365283999779
3027791,344.74854918122213
3027792,225.03933352319845
3027793,30.585948337676566
3027794,34.14551867590589
3027795,2674.6470610375236
3027796,5.1503130903777015
3027797,0.187016091726041
3027798,11.928531747434906
3027799,18.33497858794539
3027800,0.051532745300734276
3027801,203.53889373909337
3027802,0.7812308858594703
3027803,0.004603523228730349
3027804,2.739505408406879
3027805,14.436197377556795
3027806,1.4278765634647956
3027807,338.14459146490407
3027808,234.72499828296492
3027809,0.8295349802874628
3027810,4.1985606095963774
3027811,69.43491989006905
3027812,90.46592766250673
3027813,359.39829612694604
3027814,9.930397090179726
3027815,3.6861695025819476
3027816,2.6728820484298126
3027817,0.7309032517760765
3027818,3.9831190577739632
3027819,1642.2469366050432
3027820,0.01814584173943195
3027821,161.30366517913725
3027822,3.0979862366469257
3027823,910.1873168677203
3027824,328.27975507406836
3027825,252.8398361824131
3027826,89.71057822807549
3027827,64.0094344541942
3027828,2688.902870918221
3027829,6.282544230297624
3027830,0.7546406343424332
3027831,13.916177666915456
3027832,17.425993576525705
3027833,0.02609113367193581
3027834,213.10171616970123
3027835,5.721604909359417
3027836,0.01371393210176777
3027837,5.100720668889932
3027838,19.196468767466886
3027839,1.2384871026461386
3027840,173.74393057373868
3027841,185.76672357651984
3027842,0.8299046433537534
3027843,4.390142602748407
3027844,115.63947967101551
3027845,44.42364405901672
3027846,581.1554371615384
3027847,8.772875187173335
3027848,3.7668832843370583
3027849,3.4426009982135017
3027850,0.09715969389169
3027851,1.6378798566399444
3027852,1249.1883297760726
3027853,0.0
3027854,112.42002166078308
3027855,4.177369096763569
3027856,794.3159183690814
3027857,204.68417698265876
3027858,132.75616954308106
3027859,108.2609314193567
3027860,26.422329450658285
3027861,1666.79425709106
3027862,4.658187856145572
3027863,0.18266038944438548
3027864,8.527130246787642
3027865,11.653120697086042
3027866,0.04813297837347673
3027867,133.92489147526217
3027868,0.009483862956769857
3027869,0.0
3027870,1.7773124419276083
3027871,18.95906043881848
3027872,0.7949845151169057
3027873,55.86351649709577
3027874,112.424929907231
3027875,0.5540516632263938
3027876,2.3459059550984027
3027877,58.2728467926305
3027878,28.21629620535679
3027879,416.490407818758
3027880,0.022114119603287432
3027881,0.7246123381494943
3027882,6.0590044577133275
3027883,0.3793469521702882
3027884,2.9549129707308746
3027885,2711.653220319128
3027886,0.018764281226001035
3027887,275.8159054008728
3027888,5.164256140180964
3027889,948.6662058404618
3027890,569.65866904933
3027891,408.85114660579006
3027892,153.11062835878582
3027893,73.38702679147436
3027894,3784.2102123173495
3027895,12.74398590252529
3027896,0.7216229613197028
3027897,17.858547492804828
3027898,24.34973111284272
3027899,0.059352930970229874
3027900,247.41357442571393
3027901,0.289884178654101
3027902,0.03388215003358878
3027903,11.694112129329453
3027904,29.451597691379863
3027905,2.4523569599468327
3027906,321.18895297672145
3027907,235.21761954258895
3027908,1.9257724259304583
3027909,6.66253238550487
3027910,291.94914049962523
3027911,52.60703892839268
3027912,1096.6553315688673
3027913,20.445657268442265
3027914,9.89431825934571
3027915,2.5248246027439785
3027916,0.23246805616492397
3027917,3.9911895391234093
3027918,1859.8792099986895
3027919,0.010361018773055567
3027920,520.8186626273592
3027921,6.497123606651149
3027922,489.4657573683416
3027923,475.5924348248442
3027924,171.07147824207146
3027925,122.72066386274078
3027926,41.596755449935465
3027927,2389.706798124858
3027928,10.670875584598525
3027929,0.6046707070233941
3027930,12.903437767362965
3027931,14.101957602130643
3027932,0.01865031167754249
3027933,156.3239897831106
3027934,6.25347458485091
3027935,2.338574158986265
3027936,4.786734956452618
3027937,43.513988565517955
3027938,1.5409259119442047
3027939,169.6533779903883
3027940,128.54731675628042
3027941,3.1332075720106434
3027942,5.496900699287959
3027943,142.30070537154862
3027944,50.592099628858776
3027945,1308.3068741689285
3027946,32.30487581201523
3027947,8.725038819433038
3027948,5.0721418981084865
3027949,0.3227294368425012
3027950,2.1184802803258367
3027951,2231.1271204150003
3027952,0.024359730143765593
3027953,146.27550235355326
3027954,5.875055889821014
3027955,816.7757121217144
3027956,288.3806711884626
3027957,232.7690173455368
3027958,48.05358323085245
3027959,35.92061444892036
3027960,3027.3830440516954
3027961,13.142814384990182
3027962,1.0564008276767942
3027963,13.666718135150166
3027964,9.440364751179857
3027965,0.08894676972314221
3027966,161.62195187188746
3027967,5.394955677131877
3027968,0.042200865446652414
3027969,4.868158624536726
3027970,34.00380761354687
3027971,1.6853359211601024
3027972,150.54514245245133
3027973,163.52223602724712
3027974,1.0122894524377501
3027975,4.633384454121023
3027976,175.41624746934383
3027977,22.14605917726769
3027978,436.36595697972575
3027979,5.326465265963575
3027980,3.9336004148169477
3027981,5.090856072613588
3027982,0.0184797946565313
3027983,6.814238084607497
3027984,2655.088878526931
3027985,0.017483201893523655
3027986,544.6950414074496
3027987,10.316513947180674
3027988,775.7069684358632
3027989,689.6845995669695
3027990,184.05887505508693
3027991,126.82786340489608
3027992,80.84470709917828
3027993,3228.5790438409563
3027994,30.61052154841413
3027995,1.0644422661957562
3027996,14.048010042998875
3027997,25.84002538305207
3027998,0.10831579458110015
3027999,216.6725515001857
3028000,16.76729781640548
3028001,12.458437177248747
3028002,8.756720526615826
3028003,63.79466495987356
3028004,6.15193280265751
3028005,402.86004935987404
3028006,201.4575538799629
3028007,7.168823217582244
3028008,6.379775860761616
3028009,356.9591863266867
3028010,92.79673900769289
3028011,1777.4025504356127
3028012,0.01446222176703642
3028013,25.681105008652267
3028014,5.752517731734218
3028015,0.12913964114444482
3028016,4.739519747907335
3028017,3735.428314747046
3028018,0.012728720854891936
3028019,403.9691062559382
3028020,5.4825753229483505
3028021,1208.9714614952597
3028022,601.9199745105467
3028023,536.8606712842212
3028024,79.79361783557474
3028025,60.44342914485291
3028026,5254.263467487816
3028027,11.187439676755158
3028028,0.49192439103882724
3028029,15.094786332279764
3028030,9.268390076942403
3028031,0.0
3028032,292.79507636249974
3028033,1.5447256737862587
3028034,4.852480551130149
3028035,5.075253201257126
3028036,37.78508821776068
3028037,0.74302577607749
3028038,668.3618764402275
3028039,350.01175294538547
3028040,3.6271596271534774
3028041,4.318286861378665
3028042,251.6010536317449
3028043,51.750880321020055
3028044,824.8396437101458
3028045,67.5561321296282
3028046,9.111623482544802
3028047,7.3422304841345225
3028048,0.2966214230763161
3028049,4.020603153415393
3028050,2274.864693191518
3028051,0.02495797992379889
3028052,347.8523081081848
3028053,5.905018767900625
3028054,1373.0657371477425
3028055,428.8746911602379
3028056,241.3641379321908
3028057,195.748267013488
3028058,71.4618738597145
3028059,3407.712138165725
3028060,11.34617637628127
3028061,0.5549961628621364
3028062,28.757655741585637
3028063,23.998236842909396
3028064,0.11655741483395085
3028065,259.5820516890544
3028066,2.095150576487187
3028067,2.288570767448916
3028068,7.417517545720775
3028069,65.86297450997299
3028070,1.1221207643566486
3028071,116.26362429234604
3028072,226.50888698761057
3028073,2.0942408028130317
3028074,4.245011416110546
3028075,137.94672354560512
3028076,128.08889512015332
3028077,940.0979897579539
3028078,0.20349555906066344
3028079,3.752727992330661
3028080,3.766805477516754
3028081,0.11301743270428602
3028082,1.467970596509897
3028083,1752.4779008245396
3028084,0.020930656511363225
3028085,129.77241177986184
3028086,6.664719269076305
3028087,721.8678829133106
3028088,296.31840672430985
3028089,137.3213264227178
3028090,43.69249347235592
3028091,46.651538063497746
3028092,2695.284765584078
3028093,6.752126931532281
3028094,0.5568504604285401
3028095,20.53170552316661
3028096,19.759235920345176
3028097,0.025230566732738883
3028098,150.81053267561188
3028099,0.506326148925959
3028100,0.02079211406691448
3028101,4.537984554548944
3028102,38.44094424593772
3028103,1.6969036319529274
3028104,125.08890652929483
3028105,140.85967726488767
3028106,0.9604161131102162
3028107,5.264415207031849
3028108,130.73659133687943
3028109,30.67758621512402
3028110,408.5263347182919
3028111,27.257401367181846
3028112,1.1328996281857455
3028113,1.4492701377911705
3028114,0.010278527121089362
3028115,0.931092479582161
3028116,1427.1703833266558
3028117,0.14094284776375515
3028118,262.47859509913354
3028119,9.070377723530822
3028120,498.2840396332488
3028121,432.6185396316672
3028122,113.51816418451476
3028123,40.51851714818549
3028124,59.9908496736309
3028125,1944.4844400326792
3028126,24.34507043952657
3028127,0.4126055744190355
3028128,9.765479776101731
3028129,11.182023677428528
3028130,0.13461231318617609
3028131,117.65751903795324
3028132,9.097619083969178
3028133,1.9342543720955698
3028134,5.6221389536875765
3028135,45.22526704084716
3028136,3.3675845917887552
3028137,723.5362032137249
3028138,135.3341399016593
3028139,3.147605901136763
3028140,4.746695358594906
3028141,278.8863163658354
3028142,26.91047495468322
3028143,1004.7952551476782
3028144,0.015293608709631742
3028145,5.683817859565215
3028146,2.7858047602122897
3028147,0.07374202072558883
3028148,4.996331874590147
3028149,3068.7506221864655
3028150,0.05676271385838642
3028151,694.2616790962772
3028152,16.811880495002423
3028153,1053.209724860867
3028154,1142.5977323059622
3028155,253.3504661305737
3028156,192.46904772529243
3028157,156.75514714699858
3028158,3728.6341354143087
3028159,32.3314852401598
3028160,0.8114869449680632
3028161,19.70319948784273
3028162,34.53410212204249
3028163,0.05921024101538102
3028164,245.00919740853794
3028165,9.90153516014908
3028166,36.15869271898085
3028167,8.384136675915281
3028168,69.70467804706313
3028169,10.188130280465566
3028170,356.4124591285624
3028171,257.8651635500853
3028172,15.169299055571202
3028173,8.73774965715892
3028174,478.215441404531
3028175,107.20486667111246
3028176,3133.1191024885306
3028177,0.05559260628805477
3028178,21.557894578059823
3028179,2.049522931472755
3028180,0.04919215418641504
3028181,1.7247882776288952
3028182,1707.2194652262563
3028183,0.0
3028184,289.9857371465467
3028185,4.7495240882504905
3028186,358.0791160391049
3028187,419.8156634618492
3028188,108.2708959512688
3028189,91.4872804355544
3028190,55.608226744275235
3028191,1448.1373200202884
3028192,12.709319599267651
3028193,0.6383935449219061
3028194,12.630280522180465
3028195,13.55438221915279
3028196,0.005598822498934685
3028197,74.9186406709897
3028198,0.011296290389454915
3028199,18.608294278037167
3028200,2.4615182265604605
3028201,125.98978183373256
3028202,3.91636456954551
3028203,149.2472726673423
3028204,90.86670537607351
3028205,3.9207494771096116
3028206,4.669616680476948
3028207,134.3610200490705
3028208,27.913697966274132
3028209,937.1563599238857
3028210,0.4348895674893314
3028211,2.235744284764677
3028212,2.7240204770728575
3028213,0.02905747297325198
3028214,0.9554577360450989
3028215,776.0589225652476
3028216,0.01815588082717157
3028217,183.8186339074321
3028218,4.720603251528856
3028219,312.3384425551722
3028220,191.3367758748587
3028221,56.921431828780726
3028222,23.425092003574175
3028223,29.940559095388462
3028224,1271.5004085710052
3028225,3.4783084528936223
3028226,0.5776627833343102
3028227,11.04935343130664
3028228,9.190152617959686
3028229,0.16223687403423448
3028230,68.54623137904339
3028231,0.2037893973728019
3028232,5.0135473101828065
3028233,0.8116967947272614
3028234,18.653045001385255
3028235,0.19966754211675528
3028236,208.83162835768056
3028237,105.02047406437012
3028238,1.7544880368007618
3028239,0.9713115686694181
3028240,106.3382115921357
3028241,16.06099637570653
3028242,389.7335095791367
3028243,0.4893267209367071
3028244,1.168658572709333
3028245,4.817120430215996
3028246,0.21564946131027352
3028247,1.3273720324667015
3028248,2449.870505565123
3028249,0.09633919206578262
3028250,507.0157654927115
3028251,13.87527615945973
3028252,682.4239052079349
3028253,800.5519924873801
3028254,224.5683801817237
3028255,184.9058254307313
3028256,95.9988182030687
3028257,3124.3460163623417
3028258,20.611502248131185
3028259,1.9765180017252912
3028260,16.486101481993
3028261,23.67273276520114
3028262,0.10378822624513233
3028263,183.00908826947617
3028264,4.080695233385875
3028265,26.68508297564054
3028266,6.372953682815511
3028267,90.12415196066783
3028268,2.7621593758277228
3028269,233.45131347120346
3028270,191.0017733796247
3028271,8.420411052148193
3028272,7.194139063831839
3028273,288.89135064674446
3028274,63.52209912880214
3028275,2008.1952130529153
3028276,0.8466814308236651
3028277,12.351187889361308
3028278,5.4023542888478895
3028279,0.04517338589532522
3028280,1.8980575332273262
3028281,3055.757697133128
3028282,0.01876037234966811
3028283,513.314148328913
3028284,13.58736291443586
3028285,1238.778165452469
3028286,682.5985595385849
3028287,315.9829751649758
3028288,190.35603889022377
3028289,52.7028913886007
3028290,4127.39163964896
3028291,12.312790602730391
3028292,0.5878019449234262
3028293,28.53692263172791
3028294,16.061363203144783
3028295,0.33126479658411745
3028296,256.4695718245015
3028297,0.009699917271712676
3028298,4.8284251007360135
3028299,4.076304179817036
3028300,42.77308292713629
3028301,0.7829224261571748
3028302,325.35982055500943
3028303,266.7462833160278
3028304,3.8632746347048057
3028305,3.622344308265646
3028306,186.9184995471893
3028307,68.66601009852492
3028308,1327.0074618933268
3028309,1.5798997405270347
3028310,2.6313898580360378
3028311,4.898944276604356
3028312,0.3041633192511166
3028313,1.9033074066715097
3028314,2788.4989484449675
3028315,0.021397916803622193
3028316,516.5861943222831
3028317,11.345461656394257
3028318,848.2896516247979
3028319,563.0739917097623
3028320,248.81487293582637
3028321,174.12095412875064
3028322,54.72398036007262
3028323,3650.5972165179096
3028324,14.057146222541878
3028325,0.8637101356014859
3028326,21.70185744055466
3028327,18.627982940374007
3028328,0.00809696746873482
3028329,235.86325716191442
3028330,0.0025607215060877474
3028331,4.264023200847829
3028332,4.186679698337438
3028333,65.33815029010073
3028334,0.9206016972165094
3028335,160.63924947486373
3028336,199.0078870121512
3028337,3.7617424128338266
3028338,3.7765872460656205
3028339,166.59471641611563
3028340,51.07588484291542
3028341,957.7734863515782
3028342,1.00692333572779
3028343,4.746570812720957
3028344,7.974595786507937
3028345,0.43095572212171745
3028346,12.44121017183218
3028347,6942.019484182913
3028348,0.06064221478887899
3028349,981.8783467379989
3028350,49.22840130612628
3028351,1610.104229057532
3028352,1691.347498688074
3028353,303.5543384490797
3028354,373.4448270833674
3028355,289.39635723070853
3028356,6769.939581413842
3028357,68.32705467415148
3028358,2.249496968603004
3028359,51.52692057952822
3028360,51.094310817676806
3028361,0.2845058389912951
3028362,402.1273470231761
3028363,29.76282867224548
3028364,38.78469121513721
3028365,24.106948236682186
3028366,194.86915967629295
3028367,19.655745584953685
3028368,594.2907813001068
3028369,426.5234937007201
3028370,15.172735193375168
3028371,22.748059509225552
3028372,929.1054416609862
3028373,223.7516327184177
3028374,5990.093728683271
3028375,0.6179710937338135
3028376,65.48497528872151
3028377,2.523047094306691
3028378,0.26534859884555795
3028379,0.4583825733937817
3028380,1602.79623483303
3028381,0.021303555374888702
3028382,169.74142123299825
3028383,4.355289314882359
3028384,754.8132580415158
3028385,257.6095740435935
3028386,115.75855343755917
3028387,119.34299452756866
3028388,43.10265677635255
3028389,2276.4061255048005
3028390,4.479317067144665
3028391,0.46304361815980205
3028392,13.271574662244113
3028393,9.833952062207596
3028394,0.057067262492842705
3028395,179.15934000633942
3028396,0.46462497579065354
3028397,0.03443053249213829
3028398,2.7683665965063624
3028399,31.479870144926753
3028400,0.5889408338598978
3028401,152.31140826429947
3028402,107.7587744009095
3028403,1.7798576328494422
3028404,4.283868541239762
3028405,111.18448154043865
3028406,22.02381165162757
3028407,560.7355039666417
3028408,0.1381478906366192
3028409,3.739056004960902
3028410,6.820661479241869
3028411,0.1455418014290215
3028412,1.3367207844292026
3028413,2974.9120256265687
3028414,0.021817527597567898
3028415,480.00788250495543
3028416,8.986776179206863
3028417,1135.3856168149532
3028418,533.9538001998104
3028419,204.44181637564938
3028420,235.9849155685874
3028421,77.73604800411366
3028422,3952.010995767625
3028423,11.145688391389438
3028424,0.3798681122795743
3028425,19.15260513531193
3028426,16.941468857914387
3028427,0.0634924656511434
3028428,267.3173322095246
3028429,0.6075156934493671
3028430,3.729426325434847
3028431,8.08409004895245
3028432,14.187433312451795
3028433,1.0863419831406032
3028434,648.0073799536062
3028435,243.34129704302237
3028436,3.531447618386592
3028437,5.614140589197667
3028438,132.29764335725798
3028439,53.891347618172574
3028440,1061.3016781800259
3028441,1.1573992130521902
3028442,4.094547760892857
3028443,1.192653055849523
3028444,0.009788772944829955
3028445,0.2822463457108971
3028446,979.2881019030973
3028447,0.011938018305195447
3028448,137.69085786704386
3028449,2.9230246671771303
3028450,822.5842125493152
3028451,140.90380297765188
3028452,87.61613328837821
3028453,191.36986552817757
3028454,16.715465392793575
3028455,1795.5648498133523
3028456,1.1717518552311912
3028457,0.25747225740580354
3028458,7.494015280754479
3028459,3.3721156863355444
3028460,0.059219826766902885
3028461,85.59385064274471
3028462,0.01757996692669352
3028463,0.007621483400686798
3028464,0.4447573209622567
3028465,22.284851809145774
3028466,0.18910663664782232
3028467,128.0540913357115
3028468,74.466307004183
3028469,0.37649706369619335
3028470,0.9969414196140786
3028471,48.3589383558352
3028472,9.984915665681985
3028473,179.17034588641124
3028474,0.004602194329605842
3028475,1.2472687538274205
3028476,14.774032719938663
3028477,0.0
3028478,1.9621687220690416
3028479,2301.044553740811
3028480,0.008608657570422378
3028481,264.03044190230537
3028482,13.937758210817329
3028483,1222.5473505185023
3028484,469.3784996732304
3028485,222.4161448259237
3028486,146.3425977611419
3028487,68.45859802386082
3028488,3448.6693030662
3028489,3.9354250269409943
3028490,0.1833646326047443
3028491,44.23693902053681
3028492,22.014650334475895
3028493,0.0
3028494,255.85454672598746
3028495,0.0
3028496,0.0
3028497,30.759146648631525
3028498,64.8350377058799
3028499,1.956892542892116
3028500,410.6824357792417
3028501,258.4406059539329
3028502,2.821516005329547
3028503,4.007696403808973
3028504,251.16652208333426
3028505,31.976299957444557
3028506,1595.3956184194776
3028507,0.0
3028508,1.4802972395128993
3028509,2.6933744556883776
3028510,0.2066302879453161
3028511,1.1734325217361383
3028512,2446.6861689097705
3028513,0.02850771675250767
3028514,638.4340702242116
3028515,8.083003695537101
3028516,873.2525677999471
3028517,573.8085373712096
3028518,214.26934241601222
3028519,92.08693299864036
3028520,68.89630189158812
3028521,3953.775344587066
3028522,8.00180611648286
3028523,2.6085997918708026
3028524,24.34244738856612
3028525,37.67727659252675
3028526,0.1470465988951087
3028527,207.9454682662227
3028528,1.6198173188519307
3028529,4.187586779857422
3028530,3.3394579384343257
3028531,27.696019257566167
3028532,1.6813038828334623
3028533,255.91201419156056
3028534,255.30463810815652
3028535,3.2217288180851407
3028536,5.835663764175216
3028537,142.23902893107356
3028538,31.38010171891385
3028539,634.2854898605442
3028540,3.0003288995529958
3028541,2.406427248115985
3028542,3.254828380524719
3028543,0.04220799417658507
3028544,1.0927916234078643
3028545,1522.6058507558125
3028546,0.01820759235151368
3028547,87.65105032926718
3028548,2.135822167623601
3028549,488.1448906861854
3028550,160.8829051096238
3028551,82.34190353406254
3028552,113.94287411469259
3028553,39.94536121988328
3028554,1884.1635375903024
3028555,4.075644998389826
3028556,0.2771710612753394
3028557,9.468374154495654
3028558,5.497659177088056
3028559,0.08610399098589776
3028560,99.14255844934091
3028561,0.019241255392933757
3028562,0.017138574389546468
3028563,0.4714291445694543
3028564,22.050952552286407
3028565,0.4400325175535935
3028566,351.43923886686935
3028567,74.57377431375387
3028568,0.72249601234398
3028569,0.8583828971239618
3028570,62.15076181578209
3028571,15.051581703414637
3028572,389.85192580296734
3028573,0.09074828243804557
3028574,0.4227383599955691
3028575,3.792730290990654
3028576,0.06043623114814551
3028577,0.47151195600940327
3028578,2980.9923486699718
3028579,0.037289850806220146
3028580,493.0728346064941
3028581,8.789389921129423
3028582,851.5311884811181
3028583,527.0446803984746
3028584,206.71723330485636
3028585,166.54586407539745
3028586,66.7616906961027
3028587,3622.93470050133
3028588,6.701110587030881
3028589,0.49650874047542104
3028590,20.125116081620252
3028591,10.105931825826582
3028592,0.10042320598641413
3028593,208.2434780122638
3028594,0.05082119245439366
3028595,25.78648641281468
3028596,2.844106144832261
3028597,39.70549504971778
3028598,0.9214537564045157
3028599,467.0863128917928
3028600,200.5455029876737
3028601,2.7566737368270635
3028602,3.3721053492087996
3028603,128.74974486810478
3028604,44.27019037249811
3028605,1216.6905033800465
3028606,0.6073670195057229
3028607,0.8945796922602499
3028608,2.964540933957233
3028609,0.021713747925624544
3028610,6.057754463855296
3028611,2531.2906872982912
3028612,0.02289245295890614
3028613,503.6459342348355
3028614,7.0833724533047455
3028615,837.0483557164448
3028616,782.1799364869252
3028617,162.61926291121472
3028618,114.03885615692988
3028619,106.96480725218544
3028620,3373.807725398044
3028621,48.928160442754724
3028622,1.416650007720918
3028623,27.92563161375909
3028624,22.01737521886407
3028625,0.09254282064279976
3028626,223.40037289802598
3028627,17.409798112725053
3028628,21.06717726468185
3028629,1.985146020307323
3028630,106.7419776962689
3028631,7.100161577439031
3028632,211.31464334586926
3028633,241.77839018294245
3028634,11.060664686713464
3028635,13.530219522837903
3028636,238.10894287936765
3028637,72.26959886692175
3028638,2174.6776406123054
3028639,0.06984610220915237
3028640,10.314802208664105
3028641,4.645402438069702
3028642,0.027883329510538037
3028643,6.673237204812224
3028644,2124.1169712530527
3028645,0.029313795538715055
3028646,401.42045153581915
3028647,11.462589504632138
3028648,816.4946037016408
3028649,634.6995841657437
3028650,131.54837850860488
3028651,67.30766888867791
3028652,93.77230211829152
3028653,3190.108154882201
3028654,24.18337416243066
3028655,0.9634089958113805
3028656,30.244358746625018
3028657,33.52287925298632
3028658,0.029694627827012588
3028659,267.7974125288516
3028660,16.01541030700767
3028661,13.983193910433048
3028662,8.089443926107117
3028663,71.30320359310763
3028664,7.833387798832603
3028665,151.15273756773058
3028666,288.15162732734683
3028667,6.530132402972783
3028668,8.931623519690199
3028669,104.24551303024474
3028670,73.70940952336288
3028671,1779.9556457032795
3028672,2.0946536090149928
3028673,13.680420810985671
3028674,6.950400189974255
3028675,0.19710950126026347
3028676,3.787230270611885
3028677,3362.237452495319
3028678,0.02406242001389658
3028679,631.1399691257114
3028680,6.722551895655437
3028681,1540.7949373620575
3028682,557.5652720977508
3028683,171.24217220299576
3028684,258.0078559034763
3028685,57.17051066860596
3028686,4821.280381156688
3028687,29.27938598640932
3028688,1.1428347294140782
3028689,20.911004438401054
3028690,15.365406619417675
3028691,0.0821263478450894
3028692,289.2652383558256
3028693,3.412368632983611
3028694,12.207232540776108
3028695,8.963974981337051
3028696,45.38908622917306
3028697,2.436304559052417
3028698,238.48093898422454
3028699,296.1096925754273
3028700,5.842628160244187
3028701,7.753607577229937
3028702,215.02197835148306
3028703,47.935458052473024
3028704,1381.6518510428532
3028705,5.429916145401462
3028706,11.898430743617912
3028707,2.738151421929691
3028708,0.14670401505846523
3028709,4.603891071749251
3028710,1963.3046768456634
3028711,0.07030307030999074
3028712,315.91412969036213
3028713,6.510708737292055
3028714,660.1698264932614
3028715,597.2959863804228
3028716,174.6792423382306
3028717,102.65151894585705
3028718,68.41367477935137
3028719,2758.4780175415385
3028720,18.876063277828504
3028721,1.0142487930551585
3028722,10.30438123638033
3028723,11.494206793227251
3028724,0.13312002086800234
3028725,169.7683199872966
3028726,13.701657723850774
3028727,15.187240763405942
3028728,1.7963998049381804
3028729,68.29371232155991
3028730,4.990422695266576
3028731,289.4862781148098
3028732,186.5178646819382
3028733,5.383237363416396
3028734,7.31862234820001
3028735,282.2027107077431
3028736,42.11422890536248
3028737,1642.9289608974816
3028738,0.1139617895610171
3028739,20.002982208291954
3028740,3.159339324451184
3028741,0.071788438236255
3028742,3.126490672234347
3028743,4247.958709437587
3028744,0.012155710975745368
3028745,361.1892994460611
3028746,6.803675117786697
3028747,1704.4872622706553
3028748,509.30848027531755
3028749,233.96586172040494
3028750,146.54562892465708
3028751,56.37845281060136
3028752,4936.9721686740995
3028753,10.993536869310844
3028754,1.3277066783221132
3028755,26.084849607672616
3028756,20.114528258143718
3028757,0.07842507261505266
3028758,394.8981681744761
3028759,0.019247639188248403
3028760,0.14906876467021601
3028761,7.536894488460214
3028762,30.7238451961822
3028763,1.6400428353201255
3028764,173.15648389960347
3028765,288.71743373202054
3028766,3.3785482485673204
3028767,9.72901865685694
3028768,159.8922351202037
3028769,44.79969431104424
3028770,964.6430277911998
3028771,0.034691604961732195
3028772,4.308918143598157
3028773,5.431479520573104
3028774,0.04012662023474297
3028775,5.265472902984874
3028776,1853.7305013912248
3028777,0.01370395163575287
3028778,399.4380138359597
3028779,10.570157241037167
3028780,1022.8282907090907
3028781,564.7351423123665
3028782,186.92303217322055
3028783,93.63339497470696
3028784,133.0309346268816
3028785,3066.3268254369664
3028786,25.812262524691054
3028787,0.908306211222005
3028788,21.157503629447408
3028789,23.78077649402486
3028790,0.018660315812478647
3028791,189.47174766858913
3028792,12.207364071307527
3028793,14.790442186590704
3028794,7.061461594716619
3028795,73.99482047603168
3028796,7.633705115285593
3028797,177.31064951557167
3028798,254.07172085379779
3028799,11.04184019247879
3028800,7.042799130875024
3028801,149.4787369517843
3028802,51.95588570501297
3028803,1633.3783920728908
3028804,0.349143051884202
3028805,5.250376142189147
3028806,2.6661077831716407
3028807,0.027135713590822428
3028808,3.0269867664555496
3028809,2089.8680783494915
3028810,0.029581452314602876
3028811,391.56758960611324
3028812,8.44920176683209
3028813,621.5473678321483
3028814,724.0486408083523
3028815,159.40614993188103
3028816,106.52355672679026
3028817,93.31138751853837
3028818,2687.0927247666173
3028819,25.171372893169195
3028820,0.6985979802511738
3028821,18.869367969187046
3028822,14.32373606867784
3028823,0.04073972535234682
3028824,179.5756301375279
3028825,11.779687335091383
3028826,32.348887595151055
3028827,7.236068204839465
3028828,77.42404856367672
3028829,6.859246805956385
3028830,223.80920112541654
3028831,177.25790086541446
3028832,7.407855662574839
3028833,7.700023333128107
3028834,204.45401316345703
3028835,49.88371230625205
3028836,1968.6055463369032
3028837,0.2555885129846745
3028838,13.037061415798664
3028839,4.284756699542486
3028840,0.05420385534909311
3028841,2.1539802443111826
3028842,4445.654431628651
3028843,0.005608292972978346
3028844,504.9444598372001
3028845,11.805804932794238
3028846,1139.672842537006
3028847,571.9757451561895
3028848,238.78345363032383
3028849,166.4612310145761
3028850,55.91480504256934
3028851,4278.51313185171
3028852,9.003629487447117
3028853,0.1953205965782624
3028854,15.28835259454786
3028855,15.108277979461915
3028856,0.045371952569060264
3028857,224.872858750469
3028858,0.0
3028859,6.421799297124595
3028860,0.9650852519256807
3028861,45.15379215975859
3028862,2.3353706547257604
3028863,269.1539419875017
3028864,279.43764281392146
3028865,2.7648391348401375
3028866,1.6560348524292314
3028867,208.4413931424804
3028868,115.07661371218076
3028869,1120.379111263932
3028870,1.6756567635276682
3028871,0.5124045672347122
3028872,12.813022431033254
3028873,0.027475570817667695
3028874,13.83798797880182
3028875,8290.050044451666
3028876,0.06020036458071935
3028877,1402.526184936696
3028878,30.242651861561292
3028879,1964.4646640080796
3028880,1977.0690617806142
3028881,430.4920963187707
3028882,422.8754292733976
3028883,388.96974943921185
3028884,8456.399704514266
3028885,86.48980483955344
3028886,3.9835451891135074
3028887,96.5933262383733
3028888,102.78160398074921
3028889,0.12143833787087904
3028890,556.2277442679391
3028891,19.61602103244261
3028892,22.093796318490114
3028893,52.522176677240076
3028894,320.65920153358064
3028895,19.752877423326645
3028896,722.0314351743475
3028897,449.67431105528436
3028898,31.899010708265724
3028899,33.834013839766776
3028900,946.0127363590362
3028901,307.33889090630345
3028902,7062.490552504708
3028903,189.39395828080183
3028904,72.80292491874135
3028905,11.880000963017999
3028906,0.021388527536059312
3028907,12.1516683434121
3028908,7006.388633885694
3028909,0.06215107120836316
3028910,998.8640364826289
3028911,28.860403410287592
3028912,2068.1522795182464
3028913,1724.9079298226472
3028914,564.4261143126632
3028915,268.93934379164614
3028916,258.15326170519916
3028917,9048.626004225118
3028918,98.75456754319228
3028919,1.4103747255729067
3028920,59.49196799651813
3028921,70.28949841575398
3028922,0.4460508189197312
3028923,522.0478053456446
3028924,16.305551708514617
3028925,30.039575729483953
3028926,16.76025095444934
3028927,211.8173485739803
3028928,15.140726877991359
3028929,913.9372723299084
3028930,571.4047003505276
3028931,18.495945871334214
3028932,23.497463801574423
3028933,908.5218868725576
3028934,207.8523376981401
3028935,4682.988043627522
3028936,227.84846799148323
3028937,62.458552825222895
3028938,9.436743212056276
3028939,0.016849962237804057
3028940,15.684346798674277
3028941,4635.708554358705
3028942,0.057362305445840374
3028943,761.491742207145
3028944,13.952256166568134
3028945,1785.6463764693217
3028946,1190.872412713303
3028947,622.4675492502693
3028948,101.96798673018417
3028949,198.48872703821237
3028950,7227.416451776344
3028951,32.97084074953278
3028952,2.082142121791089
3028953,26.760288314376563
3028954,25.601328078514744
3028955,0.31696259855912257
3028956,506.8288002643037
3028957,21.41530608936505
3028958,21.41509293367953
3028959,10.829345756901507
3028960,112.42412253552023
3028961,6.838245590054254
3028962,824.1398324609262
3028963,599.8625045439614
3028964,18.78493457561684
3028965,30.236646024630087
3028966,602.7319556296499
3028967,114.49165295934763
3028968,2053.417012399404
3028969,129.25703834920355
3028970,37.44422190681276
3028971,12.583478394861139
3028972,0.021226491430190463
3028973,17.909016183738203
3028974,6815.28579407397
3028975,0.05885746809777718
3028976,990.5583337756019
3028977,21.671581880730432
3028978,1942.1085432747545
3028979,1719.0367270784282
3028980,552.2729612082522
3028981,257.4577267304359
3028982,211.43588686232405
3028983,8800.322644513733
3028984,46.960698395122016
3028985,1.356123525707909
3028986,60.45772105433634
3028987,71.92718007741865
3028988,0.3670807703668597
3028989,541.3928447986215
3028990,26.382440676495335
3028991,30.291679066511467
3028992,15.68050718989669
3028993,179.58111377632792
3028994,10.68326427410646
3028995,740.0986745093036
3028996,651.9204895011522
3028997,19.611964690831122
3028998,26.201386731530516
3028999,899.5998698945929
3029000,192.25484871279474
3029001,4485.27818644525
3029002,206.06614423355114
3029003,54.82907219606921
3029004,9.222146284261044
3029005,0.008112955316021174
3029006,16.042368030270584
3029007,3761.9556105996003
3029008,0.025794218496080403
3029009,682.3422197647344
3029010,14.026232709474195
3029011,1701.9112769340702
3029012,952.4793247413749
3029013,529.037062160709
3029014,76.6384964860072
3029015,149.21085075206116
3029016,6501.664690420517
3029017,37.7816412704731
3029018,0.4178408071870676
3029019,28.00316540122808
3029020,31.341840379119045
3029021,0.08563572638419333
3029022,448.2167494531372
3029023,20.54495831433844
3029024,9.339516905258664
3029025,8.196708213332997
3029026,92.74569186547069
3029027,3.6018425619008156
3029028,687.1403943111872
3029029,601.1927364245595
3029030,14.514508379368717
3029031,17.461067355534517
3029032,647.2284096286277
3029033,78.31954167503898
3029034,1455.7757571033083
3029035,231.6885209111433
3029036,19.07208925749783
3029037,9.91245255074275
3029038,0.029749407318866203
3029039,10.545948975512346
3029040,5737.072202986558
3029041,0.041224920907742504
3029042,1000.9856768488335
3029043,24.326374745672727
3029044,1623.9929010573335
3029045,1813.2633410863218
3029046,359.3931574178726
3029047,350.28044312220317
3029048,284.2898670364091
3029049,6609.692135645369
3029050,63.194293044489285
3029051,1.509224857421749
3029052,54.631673047372125
3029053,49.93816319233325
3029054,0.3683802519919363
3029055,388.200532082952
3029056,11.595568118318475
3029057,29.93957828996363
3029058,10.320147574136316
3029059,210.27596231459964
3029060,12.310374575950599
3029061,674.463894816433
3029062,417.349805865886
3029063,16.519025663799358
3029064,28.805518198800574
3029065,795.0641641103147
3029066,182.08165964652753
3029067,5847.54479846488
3029068,132.97455545079725
3029069,62.063415481021735
3029070,5.1304941073419705
3029071,0.13308248365360553
3029072,4.291292003683741
3029073,1681.889674825808
3029074,0.017490963029412453
3029075,306.3952504966054
3029076,21.243386977995282
3029077,839.1194495238396
3029078,485.8532883604551
3029079,204.4681759908614
3029080,62.64308709525644
3029081,75.12962435645748
3029082,2719.916182203584
3029083,23.83799218364112
3029084,0.8955756353381695
3029085,23.331115162551576
3029086,24.300594055664646
3029087,0.09574117157902291
3029088,182.94029787493108
3029089,9.181861973120267
3029090,8.058821188009757
3029091,9.374793688131838
3029092,50.43189509869749
3029093,5.512927799367863
3029094,234.94186212464322
3029095,210.16990013808996
3029096,2.619206121537053
3029097,6.739729647305326
3029098,184.91912525525677
3029099,55.01746059514876
3029100,1311.7307297046625
3029101,0.4108072384145285
3029102,9.65907479938083
3029103,7.483972529260045
3029104,0.014647828572878227
3029105,9.300957288258688
3029106,3859.409573320795
3029107,0.040804301893606204
3029108,533.3701888024963
3029109,28.42996938095913
3029110,1485.8692233508398
3029111,941.8543919241124
3029112,400.0607510102697
3029113,77.18737930413734
3029114,153.96089366775135
3029115,5947.291620730404
3029116,77.06472286466352
3029117,0.9853809675301958
3029118,43.8626629257404
3029119,36.79132478930226
3029120,0.027795876797560258
3029121,338.1099750413066
3029122,12.82207698910381
3029123,9.307992578107491
3029124,2.9664321681879047
3029125,122.39916994581056
3029126,6.643135731747832
3029127,455.4765110003815
3029128,429.24503378338414
3029129,10.21457964115194
3029130,17.15714971303602
3029131,323.6004824357443
3029132,76.77294188504122
3029133,1806.7826642429
3029134,141.54096480323443
3029135,16.252083018075364
3029136,5.609509112351527
3029137,0.01820247489299934
3029138,3.2897385183773586
3029139,3580.1014796359827
3029140,0.03611438717383579
3029141,716.3785339460067
3029142,8.37346812994184
3029143,1070.2940959794446
3029144,1231.9070660278976
3029145,204.0241421724731
3029146,239.98244921319775
3029147,194.7249122741543
3029148,4038.455372117889
3029149,34.636661669654394
3029150,1.1190364519453373
3029151,28.394837676990154
3029152,32.485620190034176
3029153,0.14765605376951413
3029154,234.32051091334867
3029155,1.7850239078678711
3029156,40.52355762183701
3029157,4.236707523435054
3029158,113.73678432794087
3029159,7.67224252592768
3029160,487.33119157179
3029161,211.97885751863345
3029162,16.28566790681979
3029163,8.673524780351197
3029164,555.2201254068043
3029165,107.3336764544223
3029166,4247.134316618188
3029167,1.0469125870109373
3029168,34.455008620833006
3029169,9.436028893882298
3029170,0.026658052052943585
3029171,5.142523853407425
3029172,3899.458527020106
3029173,0.02134976446082462
3029174,735.731513214243
3029175,11.998776643935887
3029176,1419.2783435219471
3029177,1002.4414639853204
3029178,301.79795355194767
3029179,181.68043100479665
3029180,314.66420618007805
3029181,5179.325421742998
3029182,40.33753787069022
3029183,2.629907976192795
3029184,37.28915667381047
3029185,36.207803882645855
3029186,0.13502149256084178
3029187,318.2105221379498
3029188,6.512614103011084
3029189,58.473059070160794
3029190,6.998172954622419
3029191,239.0170459493633
3029192,8.077279373730281
3029193,436.5582335527425
3029194,290.0636359454523
3029195,15.38748964218286
3029196,23.981574932568837
3029197,418.8395547334511
3029198,115.24991647361931
3029199,3785.428874966468
3029200,3.0279757653634842
3029201,9.416048359046783
3029202,6.512188082741056
3029203,0.05194991529208216
3029204,2.578280200266544
3029205,1780.893472650155
3029206,0.011186774822630316
3029207,399.3833396138128
3029208,6.044221605827842
3029209,775.315935590198
3029210,391.3418364540446
3029211,194.4889159135798
3029212,66.61477481266708
3029213,78.46905145299654
3029214,2469.5098874351906
3029215,12.703584697205887
3029216,0.9529808922739091
3029217,21.10428508273395
3029218,22.15475021918532
3029219,0.04840502265327925
3029220,157.3429194325474
3029221,3.3815939042673904
3029222,8.970341554902161
3029223,4.930621142142945
3029224,61.31448843529582
3029225,2.466926350050592
3029226,213.02965780181796
3029227,191.41862151227303
3029228,4.1888950667953395
3029229,5.176210318318673
3029230,142.29588834113815
3029231,46.78503611041649
3029232,1484.8898217437059
3029233,0.331786078619128
3029234,2.9040108575035455
3029235,5.085270898683127
3029236,0.012009799456651316
3029237,0.6460058668305736
3029238,2944.343726888335
3029239,0.0011093102878878384
3029240,196.80313329606068
3029241,3.720395150416023
3029242,957.8940174720609
3029243,204.78393648211394
3029244,188.15202283125632
3029245,53.07822788702467
3029246,30.015991934711124
3029247,2827.637844893509
3029248,6.481947243766186
3029249,0.4483943986477824
3029250,14.735198526118886
3029251,12.04221955116214
3029252,0.07273171245356924
3029253,180.11676581144044
3029254,0.017610089283527905
3029255,0.005668046791143385
3029256,2.7688440591755357
3029257,21.258162802153514
3029258,0.6249696301074861
3029259,61.11449947206022
3029260,155.98449179636157
3029261,0.04940343488951986
3029262,1.7316342614787994
3029263,55.17729089255673
3029264,69.21755845668748
3029265,528.8089784534238
3029266,0.027512851746777783
3029267,1.4652894017427698
3029268,4.346076321758038
3029269,0.05394167183519563
3029270,5.75538885643889
3029271,2917.1407937228687
3029272,0.0071100186365127315
3029273,458.82715606801594
3029274,11.270928953988015
3029275,936.5767247563701
3029276,776.0410490410254
3029277,262.40431690168754
3029278,129.68321620653543
3029279,108.93763808971896
3029280,3896.364105180975
3029281,29.488007093115364
3029282,0.7057213633750551
3029283,19.249420139266572
3029284,46.820688686288506
3029285,0.0
3029286,234.93976289615296
3029287,16.258221566888764
3029288,14.651367087221068
3029289,8.849076098646096
3029290,70.41367290562408
3029291,4.911404870068003
3029292,371.75583594796575
3029293,277.8749442269017
3029294,7.581403614854801
3029295,12.64209806721701
3029296,411.0546843094423
3029297,77.68823148157773
3029298,1860.4388723051516
3029299,0.015861067640289765
3029300,26.80781111721059
3029301,4.659717712647998
3029302,0.07013372505556398
3029303,6.079574317449092
3029304,3704.9019324981805
3029305,0.08295443844190775
3029306,594.0121952248746
3029307,16.97091899807264
3029308,935.3581254196966
3029309,1137.0674441226956
3029310,177.28878913262875
3029311,245.59211616735527
3029312,183.27702438753886
3029313,3538.726279633161
3029314,38.48201604097994
3029315,2.5916778757385823
3029316,34.076061122665436
3029317,29.645194308070433
3029318,0.5129290097893342
3029319,211.30765365101317
3029320,12.396027760196317
3029321,37.32504104481499
3029322,6.648911729702482
3029323,144.7468124442607
3029324,10.471450332302277
3029325,404.32289425843896
3029326,209.51746993147856
3029327,6.656561537357566
3029328,12.461105551224444
3029329,546.986178645608
3029330,122.285308293807
3029331,4235.831423660193
3029332,0.4053076575370335
3029333,35.27921677810845
3029334,3.5405803595332115
3029335,0.3885799897901141
3029336,9.479616540992089
3029337,3849.1399507547358
3029338,0.04645572813022835
3029339,741.9180526978772
3029340,20.31075002036557
3029341,1015.0789803029071
3029342,1210.670452753982
3029343,228.4090184309868
3029344,239.88724129985815
3029345,131.55999588329746
3029346,4212.969995568953
3029347,32.73857206200827
3029348,2.6333623832322384
3029349,33.95760400621691
3029350,40.073617552216284
3029351,0.07994911835392726
3029352,280.308920235286
3029353,25.106154359591777
3029354,30.680135073267877
3029355,23.0699452992355
3029356,136.46583157144482
3029357,13.802437556077452
3029358,385.68456458860885
3029359,267.72714747947924
3029360,15.00710191891809
3029361,17.699249885749357
3029362,455.85640941617737
3029363,140.41295846251688
3029364,3271.1340918393207
3029365,0.43862940262647643
3029366,31.999196543344627
3029367,10.01357340920827
3029368,0.2678616948818383
3029369,7.573889356958339
3029370,3021.214365857234
3029371,0.011697426522780585
3029372,453.93719631974477
3029373,12.491211843995455
3029374,1529.486378722654
3029375,649.0351724550344
3029376,480.4585686480709
3029377,160.95820813813725
3029378,88.74867033197208
3029379,5811.958260151544
3029380,9.971396718469544
3029381,1.02749937144336
3029382,44.18827777501863
3029383,38.14536933762513
3029384,0.043255958636846115
3029385,373.0935490553304
3029386,7.4960958922904934
3029387,4.377938975696529
3029388,10.002285840813744
3029389,37.641148199554884
3029390,2.4599673098792834
3029391,538.886377988712
3029392,423.08222422533856
3029393,6.181046543133245
3029394,6.48664434718912
3029395,361.6023679775297
3029396,99.23395950921821
3029397,1281.173373679425
3029398,75.26891772488723
3029399,13.366929707080969
